node_id,parent_node_id,symbol
ACID,STRESS,
ALL,,
AME,AMR,
AMR,ALL,
AMR-SUSCEPTIBLE,AMR,
BIOCIDE,STRESS,
BcII,bla-B1,bla2
CDF_efflux,METAL,
CMY2-MIR-ACT-EC,bla-C,ampC
EFFLUX,AMR,
HARLDQ_not_B3,bla-B3,
HEAT,STRESS,
HTH_5,METAL,
IONOPHORE,AMR,
LHR_hdeD,HEAT,hdeD-GI
LHR_hsp20A,HEAT,hsp20
LHR_hsp20B,HEAT,shsP
LHR_kefB,HEAT,kefB-GI
LHR_psiE,HEAT,psi-GI
LHR_trx,HEAT,trxLHR
LHR_yfdX1,HEAT,yfdX1
LHR_yfdX2,HEAT,yfdX2
MATE_efflux,EFFLUX,
METAL,STRESS,
METAL-RND-IM,METAL,
MFS_efflux,EFFLUX,
MFS_efflux_CHL,MFS_efflux,cml
MFS_efflux_qac,BIOCIDE,qac
MerP_Gneg,merP,merP
OM_sidero,VIRULENCE_Ecoli,
P-type_ATPase,METAL,
PERI-SENSOR,METAL,
RESPONSE_REG,AMR,
RND-IM,EFFLUX,
RND-OM,EFFLUX,
RND-peri,EFFLUX,
Rv1877,MFS_efflux,mdt
SMR_efflux,BIOCIDE,qac
SMR_efflux_bcrB,SMR_efflux,bcrB
SMR_efflux_bcrC,SMR_efflux,bcrC
SMR_efflux_emrE,SMR_efflux,emrE
SMR_efflux_smr,SMR_efflux,smr
SMR_qac_int,SMR_efflux,qac
SMR_qac_pB8,SMR_efflux,qac
STRESS,ALL,
VIRULENCE,ALL,
VIRULENCE_Bcer,VIRULENCE,
VIRULENCE_Burk,VIRULENCE,
VIRULENCE_Cbot,VIRULENCE,
VIRULENCE_Cdiff,VIRULENCE,
VIRULENCE_Cdiphth,VIRULENCE,
VIRULENCE_Cperf,VIRULENCE,
VIRULENCE_Ecoli,VIRULENCE,
VIRULENCE_Lmon,VIRULENCE,
VIRULENCE_Salmo,VIRULENCE,
VIRULENCE_SalmoSPI,VIRULENCE_Salmo,
VIRULENCE_Saur,VIRULENCE,
VIRULENCE_Vchol,VIRULENCE,
VIRULENCE_Vpara,VIRULENCE,
VIRULENCE_Yersi,VIRULENCE,
aac,AME,aac
aac(2')-I,aac,aac(2')
aac(2')-I(A267),aac(2')-I,aac(2')-I(A267)
aac(2')-II,aac,aac(2')-II
aac(2')-IIa,aac(2')-II,aac(2')-IIa
aac(2')-IIb,aac(2')-II,aac(2')-IIb
aac(2')-Ia,aac(2')-I,aac(2')-Ia
aac(2')-Ib,aac(2')-I,aac(2')-Ib
aac(2')-Ic,aac(2')-I,aac(2')-Ic
aac(2')-Id,aac(2')-I,aac(2')-Id
aac(2')-Ie,aac(2')-I,aac(2')-Ie
aac(3),aac(3)_gen,aac(3)
aac(3)-C1264,aac(3),aac(3)-C1264
aac(3)-C322,aac(3),aac(3)-C322
aac(3)-I,aac(3)_gen,aac(3)-I
aac(3)-II,aac(3),aac(3)-II
aac(3)-IIIa,aac(3),aac(3)-IIIa
aac(3)-IIIb,aac(3),aac(3)-IIIb
aac(3)-IIIc,aac(3),aac(3)-IIIc
aac(3)-IIa,aac(3)-II,aac(3)-IIa
aac(3)-IIb,aac(3)-II,aac(3)-IIb
aac(3)-IIc,aac(3)-II,aac(3)-IIc
aac(3)-IId,aac(3)-II,aac(3)-IId
aac(3)-IIe,aac(3)-II,aac(3)-IIe
aac(3)-IIg,aac(3)-II,aac(3)-IIg
aac(3)-IVa,aac(3)_IV_fam,aac(3)-IVa
aac(3)-IVb,aac(3)_IV_fam,aac(3)-IVb
aac(3)-IXa,aac(3),aac(3)-IXa
aac(3)-Ia,aac(3)-I,aac(3)-Ia
aac(3)-Ib,aac(3)-I,aac(3)-Ib
aac(3)-Ic,aac(3)-I,aac(3)-Ic
aac(3)-Id,aac(3)-I,aac(3)-Id
aac(3)-If,aac(3)-I,aac(3)-If
aac(3)-Ig,aac(3)-I,aac(3)-Ig
aac(3)-Ih,aac(3)-I,aac(3)-Ih
aac(3)-Ii,aac(3)-I,aac(3)-Ii
aac(3)-VIII,aac(3),aac(3)-VIII
aac(3)-VIIIa,aac(3)-VIII,aac(3)-VIIIa
aac(3)-VIIa,aac(3),aac(3)-VIIa
aac(3)-VIa,aac(3),aac(3)-VIa
aac(3)-XI,aac(3)_gen,aac(3)-XI
aac(3)-Xa,aac(3),aac(3)-Xa
aac(3)_IV_fam,aac(3)_gen,aac(3)-IV
aac(3)_gen,aac,aac(3)
aac(6'),aac,aac(6')
aac(6')-29,aac(6'),aac(6')-29
aac(6')-29a,aac(6')-29,aac(6')-29a
aac(6')-29b,aac(6')-29,aac(6')-29b
aac(6')-30,aac(6'),aac(6')-30
aac(6')-31,aac(6')-set_A,aac(6')-31
aac(6')-32,aac(6')-set_A,aac(6')-32
aac(6')-33,aac(6')_Ia_fam,aac(6')-33
aac(6')-35,aac(6'),aac(6')-35
aac(6')-D292,aac(6'),aac(6')-D292
aac(6')-D42,aac(6'),aac(6')-D42
aac(6')-F309,aac(6')_Ia_fam,aac(6')-F309
aac(6')-F72,aac(6')_Ia_fam,aac(6')-F72
aac(6')-I,aac(6')_E,aac(6')-I
aac(6')-I30,aac(6')_Ia_fam,aac(6')-I30
aac(6')-II,aac(6')-set_A,aac(6')-II
aac(6')-III,aac(6')_E,aac(6')-III
aac(6')-IIa,aac(6')-II,aac(6')-IIa
aac(6')-IIb,aac(6')-II,aac(6')-IIb
aac(6')-IIc,aac(6')-II,aac(6')-IIc
aac(6')-IId,aac(6')-Ib-G,aac(6')-IId
aac(6')-Ia,aac(6')_Ia_fam,aac(6')-Ia
aac(6')-Iaa,aac(6')_Salmo,aac(6')-Iaa
aac(6')-Iad,aac(6')-I,aac(6')-Iad
aac(6')-Iae,aac(6')_Ia_fam,aac(6')-Iae
aac(6')-Iaf,aac(6')_Ia_fam,aac(6')-Iaf
aac(6')-Iag,aac(6')_E,aacA48
aac(6')-Iai,aac(6')_Ia_fam,aac(6')-Iai
aac(6')-Iaj,aac(6')_Ia_fam,aac(6')-Iaj
aac(6')-Iak,aac(6')_Steno,aac(6')-Iak
aac(6')-Ial,aac(6')_Serra,aac(6')-Ial
aac(6')-Ian,aac(6'),aac(6')-Ian
aac(6')-Iap,aac(6')_Steno,aac(6')-Iap
aac(6')-Ib,aac(6')-set_A,aac(6')-Ib
aac(6')-Ib',aac(6')-Ib-G,aac(6')-Ib'
aac(6')-Ib'',aac(6')-Ib-KT,aac(6')-Ib''
aac(6')-Ib-AGKT,aac(6')-Ib,aac(6')-Ib
aac(6')-Ib-AKT,aac(6')-Ib,aac(6')-Ib
aac(6')-Ib-D181Y,aac(6')-Ib,aac(6')-Ib
aac(6')-Ib-G,aac(6')-Ib,aac(6')-Ib
aac(6')-Ib-K,aac(6')-Ib,aac(6')-Ib
aac(6')-Ib-KT,aac(6')-Ib,aac(6')-Ib
aac(6')-Ib-W104R,aac(6')-Ib,aac(6')-Ib
aac(6')-Ib-cr,aac(6')-Ib,aac(6')-Ib-cr
aac(6')-Ib-cr10,aac(6')-Ib-cr,aac(6')-Ib-cr10
aac(6')-Ib-cr11,aac(6')-Ib-cr,aac(6')-Ib-cr11
aac(6')-Ib-cr3,aac(6')-Ib-cr,aac(6')-Ib-cr3
aac(6')-Ib-cr4,aac(6')-Ib-cr,aac(6')-Ib-cr4
aac(6')-Ib-cr5,aac(6')-Ib-cr,aac(6')-Ib-cr5
aac(6')-Ib-cr6,aac(6')-Ib-cr,aac(6')-Ib-cr6
aac(6')-Ib-cr7,aac(6')-Ib-cr,aac(6')-Ib-cr7
aac(6')-Ib-cr8,aac(6')-Ib-cr,aac(6')-Ib-cr8
aac(6')-Ib-cr9,aac(6')-Ib-cr,aac(6')-Ib-cr9
aac(6')-Ib-generic,aac(6')-Ib,aac(6')-Ib
aac(6')-Ib11,aac(6')-Ib-AGKT,aac(6')-Ib11
aac(6')-Ib3,aac(6')-Ib-AKT,aac(6')-Ib3
aac(6')-Ib4,aac(6')-Ib-G,aac(6')-Ib4
aac(6')-Ic,aac(6')_Serra,aac(6')-Ic
aac(6')-Id,aac(6')-I,aac(6')-Id
aac(6')-Ie,aac(6')-Ie_fam,aac(6')-Ie
aac(6')-Ie2,aac(6')-Ie_fam,aac(6')-Ie
aac(6')-Ie_fam,aac(6'),aac(6')-Ie
aac(6')-If,aac(6')-I,aac(6')-If
aac(6')-Ig,aac(6')_Acine,aac(6')-Ig
aac(6')-Ih,aac(6')_Acine,aac(6')-Ih
aac(6')-Ii,aac(6')_Entco,aac(6')-Ii
aac(6')-Iid,aac(6')_Entco,aac(6')-Iid
aac(6')-Iih,aac(6')_Entco,aac(6')-Iih
aac(6')-Ij,aac(6')_Acine,aac(6')-Ij
aac(6')-Ik,aac(6')_Acine,aac(6')-Ik
aac(6')-Il,aac(6')-I,aac(6')-Il
aac(6')-Im,aac(6'),aac(6')-Im
aac(6')-Ip,aac(6')_Ia_fam,aac(6')-Ip
aac(6')-Iq,aac(6')_Ia_fam,aac(6')-Iq
aac(6')-Ir,aac(6')_Acine,aac(6')-Ir
aac(6')-Is,aac(6')_Acine,aac(6')-Is
aac(6')-Isa,aac(6')_Strep,aac(6')-Isa
aac(6')-It,aac(6')_Acine,aac(6')-It
aac(6')-Iu,aac(6')_Acine,aac(6')-Iu
aac(6')-Iv,aac(6')_Acine,aac(6')-Iv
aac(6')-Iw,aac(6')_Acine,aac(6')-Iw
aac(6')-Ix,aac(6')_Acine,aac(6')-Ix
aac(6')-Iy,aac(6')_Salmo,aac(6')-Iy
aac(6')-Iz,aac(6')_Steno,aac(6')-Iz
aac(6')-set_A,aac(6'),aac(6')
aac(6')-sk,aac(6')_Strep,aac(6')-kana
aac(6')_Acine,aac(6')-I,aac(6')-I
aac(6')_E,aac(6'),aac(6')
aac(6')_E111,aac(6')_E,aac(6')-E111
aac(6')_E141,aac(6')_E,aac(6')-E141
aac(6')_E449,aac(6')_E,aac(6')-E449
aac(6')_E526,aac(6')_E,aac(6')-E526
aac(6')_E550,aac(6')_E,aac(6')-E550
aac(6')_E553,aac(6')_E,aac(6')-E553
aac(6')_E606,aac(6')_E,aac(6')-E606
aac(6')_E64,aac(6')_E,aac(6')-E64
aac(6')_E657,aac(6')_E,aac(6')-E657
aac(6')_E963,aac(6')_E,aac(6')-E963
aac(6')_Entco,aac(6'),aac(6')-I
aac(6')_Ia_fam,aac(6'),aac(6')
aac(6')_Salmo,aac(6')_E,aac(6')
aac(6')_Serra,aac(6')_E,aac(6')
aac(6')_Steno,aac(6')_E,aac(6')
aac(6')_Strep,aac(6'),aac(6')
aac(6')_Yersi,aac(6')_E,aac(6')
aacA-ACI1,aac(6')_Acine,aac(6')-I
aacA-ACI2,aac(6')_Acine,aac(6')-I
aacA-ACI3,aac(6')_Acine,aac(6')-I
aacA-ACI4,aac(6')_Acine,aac(6')-I
aacA-ACI5,aac(6')_Acine,aac(6')-I
aacA-ACI6,aac(6')_Acine,aac(6')-I
aacA-ACI7,aac(6')_Acine,aac(6')-I
aacA-ENT1,aac(6')_Entco,aac(6')-I
aacA-ENT2,aac(6')_Entco,aac(6')-I
aacA-ENT3,aac(6')_Entco,aac(6')-I
aacA-ENT4,aac(6')_Entco,aac(6')-I
aacA-STR-10,aac(6')_Strep,aac(6')
aacA-STR-13,aac(6')_Strep,aac(6')
aacA-STR-15,aac(6')_Strep,aac(6')
aacA-STR-7,aac(6')_Strep,aac(6')
aacA10,aac(6'),aacA10
aacA16,aac(6')_Ia_fam,aacA16
aacA32,aac(6')-set_A,aacA32
aacA34,aac(6'),aacA34
aacA35,aac(6')-II,aacA35
aacA37,aac(6'),aacA37
aacA38,aac(6')-set_A,aacA38
aacA40,aac(6')-II,aacA40
aacA43,aac(6')_Ia_fam,aacA43
aacA47,aac(6')-set_A,aacA47
aacA49,aac(6')_Ia_fam,aacA49
aacA56,aac(6')_Ia_fam,aacA56
aacA57,aac(6')-Ian,aacA57
aacA57-2,aacA57,aacA57-2
aacA8,aac(6')-set_A,aacA8
aad9,ant(9),aad9
aadA1,ant(3'')-Ia,aadA1
aadA10,ant(3'')-Ia,aadA10
aadA11,ant(3'')-Ia,aadA11
aadA12,ant(3'')-Ia,aadA12
aadA13,ant(3'')-Ia,aadA13
aadA14,ant(3'')-Ia,aadA14
aadA15,ant(3'')-Ia,aadA15
aadA16,ant(3'')-Ia,aadA16
aadA17,ant(3'')-Ia,aadA17
aadA1bt,aadA1,aadA1bt
aadA2,ant(3'')-Ia,aadA2
aadA21,ant(3'')-Ia,aadA21
aadA22,ant(3'')-Ia,aadA22
aadA25,ant(3'')-Ia,aadA25
aadA27,ant(3'')-II,aadA27
aadA3,ant(3'')-Ia,aadA3
aadA31,ant(3'')-Ia,aadA31
aadA33,ant(3'')-I,aadA33
aadA36,ant(3'')-I,aadA36
aadA37,ant(3'')-I,aadA37
aadA4,aadA_4_5,aadA4
aadA5,aadA_4_5,aadA5
aadA6,ant(3'')-Ia,aadA6
aadA7,ant(3'')-Ia,aadA7
aadA8,ant(3'')-Ia,aadA8
aadA9,ant(3'')-Ia,aadA9
aadA_4_5,ant(3'')-Ia,aadA_4_5
aadE,ant(6),aadE
aadK,ant(6),aadK
aadS,aadS_fam,aadS
aadS_fam,ant6_gen,aadS
aadT,MFS_efflux,aadT
aafA,VIRULENCE_Ecoli,aafA
aafB,VIRULENCE_Ecoli,aafB
aafC,VIRULENCE_Ecoli,aafC
aafD,VIRULENCE_Ecoli,aafD
aaiC,VIRULENCE_Ecoli,aaiC
aalE,VIRULENCE_Ecoli,aalE
aap,VIRULENCE_Ecoli,aap
aar,VIRULENCE_Ecoli,aar
aatA,VIRULENCE_Ecoli,aatA
abaF,MFS_efflux,abaF
abc-f,AMR,abc-f
abcf-produ,abc-f,abc-f
acr3,acr3_gen,acr3
acr3_gen,METAL,
acrF,RND-IM,acrF
adeC,adeC-K-oprM,adeC
adeC-K-oprM,RND-OM,adeC
adeD,RND-peri,adeD
adeE,RND-IM,adeE
afaC,VIRULENCE_Ecoli,afaC
agg3A,VIRULENCE_Ecoli,agg3A
agg3B,VIRULENCE_Ecoli,agg3B
agg3C,VIRULENCE_Ecoli,agg3C
agg3D,VIRULENCE_Ecoli,agg3D
agg4A,VIRULENCE_Ecoli,agg4A
agg4D,VIRULENCE_Ecoli,agg4D
agg5A,VIRULENCE_Ecoli,agg5A
aggA,VIRULENCE_Ecoli,aggA
aggB,VIRULENCE_Ecoli,aggB
aggC,VIRULENCE_Ecoli,aggC
aggD,VIRULENCE_Ecoli,aggD
aggR,VIRULENCE_Ecoli,aggR
ail,VIRULENCE_Yersi,ail
air,VIRULENCE_Ecoli,air
allD,VIRULENCE_SalmoSPI,allD
almE,AMR,almE
almF,AMR,almF
almG,AMR,almG
alo,VIRULENCE_Bcer,alo
alpha,eae_typing_E._coli,eae
alpha-1,alpha,eae
alpha-2,alpha,eae
alpha-5,alpha,eae
alpha-6,alpha,eae
alpha-8,alpha,eae
ami,VIRULENCE_Lmon,ami
ampC_Asob,blaCMY-FOX,ampC-Asob
ampC_Ecan,CMY2-MIR-ACT-EC,ampC-Ecan
ampC_Kaer,CMY2-MIR-ACT-EC,ampC-Kaer
ampC_Kaer-1,ampC_Kaer,ampC_Kaer-1
ampC_Kaer-2,ampC_Kaer,ampC_Kaer-2
ampC_Sliq,bla-C,ampC-Sliq
ampC_Sliq-1,ampC_Sliq,ampC_Sliq-1
ampC_Yent,bla-C,ampC
amvA,MFS_efflux,amvA
ant,AME,ant
ant(2''),ant,ant(2'')
ant(2'')-Ia,ant(2''),ant(2'')-Ia
ant(3'')-I,ant,ant(3'')
ant(3'')-II,ant,ant(3'')-II
ant(3'')-IIa,ant(3'')-II,ant(3'')-IIa
ant(3'')-IIb,ant(3'')-II,ant(3'')-IIb
ant(3'')-IIc,ant(3'')-II,ant(3'')-IIc
ant(3'')-IId,ant(3'')-II,ant(3'')-IId
ant(3'')-Ia,ant(3'')-I,ant(3'')-Ia
ant(3'')-Ib,ant,ant(3'')-Ib
ant(3'')-Ic,ant(3'')-I,ant(3'')-Ic
ant(3'')-Ih,ant(3'')-I,ant(3'')-Ih
ant(3'')-Ij,ant(3'')-I,ant(3'')-Ij
ant(4'),ant,ant(4')
ant(4')-I,ant(4'),ant(4')-I
ant(4')-II,ant(4'),ant(4')
ant(4')-IIa,ant(4')-II,ant(4')-IIa
ant(4')-IIb,ant(4')-II,ant(4')-IIb
ant(4')-Ia,ant(4')-I,aadD1
ant(4')-Ib,ant(4')-I,aadD2
ant(4')-Ic,ant(4')-I,ant(4')-Ic
ant(6),ant6_gen,ant(6)
ant(6)-Ia,ant(6),ant(6)-Ia
ant(6)-Ib,ant(6),ant(6)-Ib
ant(6)-Ic,ant(6),ant(6)-Ic
ant(6)-Ig,ant(6),aadE-Cc
ant(9),ant,ant(9)
ant(9)-Ia,ant(9),ant(9)-Ia
ant(9)-Ib,ant(9),ant(9)-Ib
ant(9)-Ic,ant(9),ant(9)-Ic
ant6_gen,ant,ant(6)
aph,AME,aph
aph(2''),aph,aph(2'')
aph(2'')-G141,aph(2''),aph(2'')-G141
aph(2'')-IIIa,aph(2''),aph(2'')-IIIa
aph(2'')-IIa,aph(2''),aph(2'')-IIa
aph(2'')-IVa,aph-Ie-IVa,aph(2'')-IVa
aph(2'')-I_a_f_h,aph(2''),aph(2'')-I
aph(2'')-Ia,aph(2'')-I_a_f_h,aph(2'')-Ia
aph(2'')-Ie,aph-Ie-IVa,aph(2'')-Ie
aph(2'')-If,aph(2'')-If_h,aph(2'')-If
aph(2'')-If2,aph(2'')-I_a_f_h,aph(2'')-If2
aph(2'')-If_h,aph(2'')-I_a_f_h,aph(2'')-I
aph(2'')-Ig,aph(2''),aph(2'')-Ig
aph(2'')-Ih,aph(2'')-If_h,aph(2'')-Ih
aph(2'')-Ii,aph(2'')-I_a_f_h,aph(2'')-Ii
aph(3''),aph,aph(3'')
aph(3'')-Ia,aph(3''),aph(3'')-Ia
aph(3'')-Ib,aph(3''),aph(3'')-Ib
aph(3'')-Ic,aph(3''),aph(3'')-Ic
aph(3'),aph,aph(3')
aph(3')-H48,aph(3')-II,aph(3')-H48
aph(3')-H510,aph(3'),aph(3')-H510
aph(3')-I,aph(3'),aph(3')-I
aph(3')-I(H957),aph(3')-I,aph(3')-I(H957)
aph(3')-II,aph(3'),aph(3')-II
aph(3')-II-therm,aph(3')-II,aph(3')-II
aph(3')-IIIa,aph(3'),aph(3')-IIIa
aph(3')-IIa,aph(3')-II,aph(3')-IIa
aph(3')-IIb,aph(3')-II,aph(3')-IIb
aph(3')-IIc,aph(3')-II,aph(3')-IIc
aph(3')-IId,aph(3')-II,aph(3')-IId
aph(3')-IVa,aph(3'),aph(3')-IVa
aph(3')-IX,aph(3'),aph(3')-IX
aph(3')-Ia,aph(3')-I,aph(3')-Ia
aph(3')-Ib,aph(3')-I,aph(3')-Ib
aph(3')-Id,aph(3')-I,aph(3')-Id
aph(3')-Ie,aph(3')-I,aph(3')-Ie
aph(3')-V,aph(3'),aph(3')-V
aph(3')-VI,aph(3'),aph(3')-VI
aph(3')-VIII,aph(3'),aph(3')-VIII
aph(3')-VIIIa,aph(3')-VIII,aph(3')-VIIIa
aph(3')-VIIIb,aph(3')-VIII,aph(3')-VIIIb
aph(3')-VIIa,aph(3'),aph(3')-VIIa
aph(3')-VIa,aph(3')-VI,aph(3')-VIa
aph(3')-VIb,aph(3')-VI,aph(3')-VIb
aph(3')-Va,aph(3')-V,aph(3')-Va
aph(3')-Vb,aph(3')-V,aph(3')-Vb
aph(3')-Vc,aph(3')-V,aph(3')-Vc
aph(3')-XV,aph(3'),aph(3')-XV
aph(4)-I,aph,aph(4)-I
aph(4)-Ia,aph(4)-I,aph(4)-Ia
aph(6)-I,aph,aph(6)-I
aph(6)-Ia,aph(6)-I,aph(6)-Ia
aph(6)-Ib,aph(6)-I,aph(6)-Ib
aph(6)-Ic,aph(6)-Ic_gen,aph(6)-Ic
aph(6)-Ic_gen,aph(6)-I,aph(6)-I
aph(6)-Id,aph(6)-I,aph(6)-Id
aph(6)-Smalt,aph(6)-I,aph(6)
aph(7'')-Ia,aph,aph(7'')-Ia
aph(9)-I,aph,aph(9)-I
aph(9)-Ia,aph(9)-I,aph(9)-Ia
aph(9)-Ib,aph(9)-I,aph(9)-Ib
aph-Ie-IVa,aph(2''),aph(2'')
aphA16,aph(3'),aphA16
apmA,AMR,apmA
ariR,ACID,ariR
armA,rmt,armA
arr,AMR,arr
arr-2,arr,arr-2
arr-2b,arr,arr
arr-3,arr,arr-3
arr-4,arr,arr-4
arr-5,arr,arr-5
arr-6,arr,arr
arr-7,arr,arr-7
arr-8,arr,arr-8
arr-Msmeg,arr,arr
arsA,METAL,arsA
arsB,METAL,arsB
arsB_Lm,acr3_gen,arsB
arsB_R773,arsB,arsB
arsB_pI258,arsB,arsB
arsB_pKW301,arsB,arsB
arsB_pYV,arsB,arsB
arsC_gluta,METAL,arsC
arsC_thio,METAL,arsC
arsD,METAL,arsD
arsD_like,arsD,arsD2
arsH,METAL,arsH
arsN1a,arsN_gen,arsN1
arsN1b,arsN_gen,arsN1
arsN2,arsN_gen,arsN2
arsN_gen,METAL,arsN
arsP,METAL,arsP
arsR,HTH_5,arsR
arsR_K-12,arsR,arsR
arsR_LGI2_1,arsR,arsR
arsR_LGI2_2,arsR,arsR
arsR_R46,arsR,arsR
arsR_Tn7102,arsR,arsR
arsR_pI258,arsR,arsR
arsR_pKW301,arsR_R46,arsR
arsR_pSX267,arsR,arsR
arsR_pYV,arsR,arsR
asr,ACID,asr
astA,VIRULENCE_Ecoli,astA
atxA,VIRULENCE_Bcer,atxA
aur,VIRULENCE_Saur,aur
aut,VIRULENCE_Lmon,aut
auto_tox,VIRULENCE_Ecoli,
avrA,VIRULENCE_Salmo,avrA
bc2h,VIRULENCE_Cbot,bc2h
bc2l,VIRULENCE_Cbot,bc2l
bcrA_Lm,AMR,bcrA
becA,VIRULENCE_Cperf,becA
becB,VIRULENCE_Cperf,becB
bepC,RND-OM,bepC
bepD,RND-peri,bepD
bepE,RND-IM,bepE
bepF,RND-peri,bepF
bepG,RND-IM,bepG
beta,eae_typing_E._coli,eae
beta-1,beta,eae
beta-2,beta,eae
beta-4,beta,eae
bexA,MATE_efflux,bexA
bfpA,pilus,bfpA
bfpA_Salm,VIRULENCE_SalmoSPI,bfpA
bimA_Bm,VIRULENCE_Burk,bimA
bin_CdtA,VIRULENCE_Cdiff,cdtA
bin_CdtB,VIRULENCE_Cdiff,cdtB
bind_CopB,multi_Cu_ox,copB
bla,AMR,bla
bla-A,bla,bla
bla-A2,bla-A,bla
bla-A_Chryseo,bla-A2,bla-A
bla-A_carba,bla-A,bla
bla-A_firm,bla-A,bla
bla-B,bla,bla
bla-B1,bla-B,bla
bla-B1-FLAV,blaB-IND-MUS,bla-B1-FLAV
bla-B1_long,bla-B1,bla
bla-B2,bla-B,bla
bla-B3,bla-B,bla
bla-B3-CAR,bla-B,blaCAR
bla-C,bla,ampC
bla-D,bla,blaOXA
bla-D-Gpos,blaOXA,blaOXA
bla1,bla-A_firm,bla
bla2a,bla-A,bla2a
blaAAK,blaSHV-LEN,blaAAK
blaAAK-1,blaAAK,blaAAK-1
blaACC,bla-C,blaACC
blaACC-1,blaACC,blaACC-1
blaACC-1a,blaACC,blaACC-1a
blaACC-1b,blaACC,blaACC-1b
blaACC-1c,blaACC,blaACC-1c
blaACC-1d,blaACC,blaACC-1d
blaACC-2,blaACC,blaACC-2
blaACC-4,blaACC,blaACC-4
blaACC-7,blaACC,blaACC-7
blaACES,CMY2-MIR-ACT-EC,blaACES
blaACES-1,blaACES,blaACES-1
blaACI,bla-A,blaACI
blaACI-1,blaACI,blaACI-1
blaACT,CMY2-MIR-ACT-EC,blaACT
blaACT-1,blaACT,blaACT-1
blaACT-10,blaACT,blaACT-10
blaACT-100,blaACT,blaACT-100
blaACT-101,blaACT,blaACT-101
blaACT-102,blaACT,blaACT-102
blaACT-103,blaACT,blaACT-103
blaACT-104,blaACT,blaACT-104
blaACT-105,blaACT,blaACT-105
blaACT-106,blaACT,blaACT-106
blaACT-107,blaACT,blaACT-107
blaACT-108,blaACT,blaACT-108
blaACT-109,blaACT,blaACT-109
blaACT-110,blaACT,blaACT-110
blaACT-111,blaACT,blaACT-111
blaACT-112,blaACT,blaACT-112
blaACT-113,blaACT,blaACT-113
blaACT-114,blaACT,blaACT-114
blaACT-115,blaACT,blaACT-115
blaACT-116,blaACT,blaACT-116
blaACT-117,blaACT,blaACT-117
blaACT-118,blaACT,blaACT-118
blaACT-119,blaACT,blaACT-119
blaACT-12,blaACT,blaACT-12
blaACT-120,blaACT,blaACT-120
blaACT-121,blaACT,blaACT-121
blaACT-122,blaACT,blaACT-122
blaACT-123,blaACT,blaACT-123
blaACT-124,blaACT,blaACT-124
blaACT-125,blaACT,blaACT-125
blaACT-126,blaACT,blaACT-126
blaACT-127,blaACT,blaACT-127
blaACT-128,blaACT,blaACT-128
blaACT-129,blaACT,blaACT-129
blaACT-13,blaACT,blaACT-13
blaACT-130,blaACT,blaACT-130
blaACT-131,blaACT,blaACT-131
blaACT-132,blaACT,blaACT-132
blaACT-133,blaACT,blaACT-133
blaACT-134,blaACT,blaACT-134
blaACT-135,blaACT,blaACT-135
blaACT-136,blaACT,blaACT-136
blaACT-137,blaACT,blaACT-137
blaACT-138,blaACT,blaACT-138
blaACT-139,blaACT,blaACT-139
blaACT-14,blaACT,blaACT-14
blaACT-140,blaACT,blaACT-140
blaACT-141,blaACT,blaACT-141
blaACT-142,blaACT,blaACT-142
blaACT-143,blaACT,blaACT-143
blaACT-144,blaACT,blaACT-144
blaACT-145,blaACT,blaACT-145
blaACT-146,blaACT,blaACT-146
blaACT-147,blaACT,blaACT-147
blaACT-148,blaACT,blaACT-148
blaACT-149,blaACT,blaACT-149
blaACT-15,blaACT,blaACT-15
blaACT-150,blaACT,blaACT-150
blaACT-151,blaACT,blaACT-151
blaACT-152,blaACT,blaACT-152
blaACT-153,blaACT,blaACT-153
blaACT-154,blaACT,blaACT-154
blaACT-155,blaACT,blaACT-155
blaACT-156,blaACT,blaACT-156
blaACT-157,blaACT,blaACT-157
blaACT-158,blaACT,blaACT-158
blaACT-159,blaACT,blaACT-159
blaACT-16,blaACT,blaACT-16
blaACT-160,blaACT,blaACT-160
blaACT-161,blaACT,blaACT-161
blaACT-162,blaACT,blaACT-162
blaACT-163,blaACT,blaACT-163
blaACT-164,blaACT,blaACT-164
blaACT-165,blaACT,blaACT-165
blaACT-166,blaACT,blaACT-166
blaACT-167,blaACT,blaACT-167
blaACT-168,blaACT,blaACT-168
blaACT-169,blaACT,blaACT-169
blaACT-17,blaACT,blaACT-17
blaACT-170,blaACT,blaACT-170
blaACT-171,blaACT,blaACT-171
blaACT-172,blaACT,blaACT-172
blaACT-173,blaACT,blaACT-173
blaACT-174,blaACT,blaACT-174
blaACT-175,blaACT,blaACT-175
blaACT-176,blaACT,blaACT-176
blaACT-177,blaACT,blaACT-177
blaACT-178,blaACT,blaACT-178
blaACT-179,blaACT,blaACT-179
blaACT-18,blaACT,blaACT-18
blaACT-180,blaACT,blaACT-180
blaACT-181,blaACT,blaACT-181
blaACT-182,blaACT,blaACT-182
blaACT-183,blaACT,blaACT-183
blaACT-184,blaACT,blaACT-184
blaACT-185,blaACT,blaACT-185
blaACT-186,blaACT,blaACT-186
blaACT-187,blaACT,blaACT-187
blaACT-188,blaACT,blaACT-188
blaACT-189,blaACT,blaACT-189
blaACT-19,blaACT,blaACT-19
blaACT-190,blaACT,blaACT-190
blaACT-191,blaACT,blaACT-191
blaACT-192,blaACT,blaACT-192
blaACT-193,blaACT,blaACT-193
blaACT-194,blaACT,blaACT-194
blaACT-195,blaACT,blaACT-195
blaACT-196,blaACT,blaACT-196
blaACT-197,blaACT,blaACT-197
blaACT-198,blaACT,blaACT-198
blaACT-199,blaACT,blaACT-199
blaACT-2,blaACT,blaACT-2
blaACT-20,blaACT,blaACT-20
blaACT-200,blaACT,blaACT-200
blaACT-201,blaACT,blaACT-201
blaACT-202,blaACT,blaACT-202
blaACT-203,blaACT,blaACT-203
blaACT-204,blaACT,blaACT-204
blaACT-205,blaACT,blaACT-205
blaACT-206,blaACT,blaACT-206
blaACT-207,blaACT,blaACT-207
blaACT-208,blaACT,blaACT-208
blaACT-209,blaACT,blaACT-209
blaACT-21,blaACT,blaACT-21
blaACT-210,blaACT,blaACT-210
blaACT-211,blaACT,blaACT-211
blaACT-212,blaACT,blaACT-212
blaACT-213,blaACT,blaACT-213
blaACT-214,blaACT,blaACT-214
blaACT-215,blaACT,blaACT-215
blaACT-22,blaACT,blaACT-22
blaACT-23,blaACT,blaACT-23
blaACT-24,blaACT,blaACT-24
blaACT-25,blaACT,blaACT-25
blaACT-27,blaACT,blaACT-27
blaACT-28,blaACT,blaACT-28
blaACT-29,blaACT,blaACT-29
blaACT-3,blaACT,blaACT-3
blaACT-30,blaACT,blaACT-30
blaACT-31,blaACT,blaACT-31
blaACT-32,blaACT,blaACT-32
blaACT-33,blaACT,blaACT-33
blaACT-34,blaACT,blaACT-34
blaACT-35,blaACT,blaACT-35
blaACT-36,blaACT,blaACT-36
blaACT-37,blaACT,blaACT-37
blaACT-38,blaACT,blaACT-38
blaACT-39,blaACT,blaACT-39
blaACT-4,blaACT,blaACT-4
blaACT-40,blaACT,blaACT-40
blaACT-41,blaACT,blaACT-41
blaACT-42,blaACT,blaACT-42
blaACT-43,blaACT,blaACT-43
blaACT-44,blaACT,blaACT-44
blaACT-45,blaACT,blaACT-45
blaACT-46,blaACT,blaACT-46
blaACT-47,blaACT,blaACT-47
blaACT-48,blaACT,blaACT-48
blaACT-49,blaACT,blaACT-49
blaACT-5,blaACT,blaACT-5
blaACT-50,blaACT,blaACT-50
blaACT-51,blaACT,blaACT-51
blaACT-52,blaACT,blaACT-52
blaACT-53,blaACT,blaACT-53
blaACT-54,blaACT,blaACT-54
blaACT-55,blaACT,blaACT-55
blaACT-56,blaACT,blaACT-56
blaACT-57,blaACT,blaACT-57
blaACT-58,blaACT,blaACT-58
blaACT-59,blaACT,blaACT-59
blaACT-6,blaACT,blaACT-6
blaACT-60,blaACT,blaACT-60
blaACT-61,blaACT,blaACT-61
blaACT-62,blaACT,blaACT-62
blaACT-63,blaACT,blaACT-63
blaACT-64,blaACT,blaACT-64
blaACT-65,blaACT,blaACT-65
blaACT-66,blaACT,blaACT-66
blaACT-67,blaACT,blaACT-67
blaACT-68,blaACT,blaACT-68
blaACT-69,blaACT,blaACT-69
blaACT-7,blaACT,blaACT-7
blaACT-70,blaACT,blaACT-70
blaACT-72,blaACT,blaACT-72
blaACT-73,blaACT,blaACT-73
blaACT-74,blaACT,blaACT-74
blaACT-75,blaACT,blaACT-75
blaACT-76,blaACT,blaACT-76
blaACT-77,blaACT,blaACT-77
blaACT-78,blaACT,blaACT-78
blaACT-79,blaACT,blaACT-79
blaACT-8,blaACT,blaACT-8
blaACT-80,blaACT,blaACT-80
blaACT-81,blaACT,blaACT-81
blaACT-82,blaACT,blaACT-82
blaACT-83,blaACT,blaACT-83
blaACT-84,blaACT,blaACT-84
blaACT-85,blaACT,blaACT-85
blaACT-86,blaACT,blaACT-86
blaACT-87,blaACT,blaACT-87
blaACT-88,blaACT,blaACT-88
blaACT-89,blaACT,blaACT-89
blaACT-90,blaACT,blaACT-90
blaACT-91,blaACT,blaACT-91
blaACT-92,blaACT,blaACT-92
blaACT-93,blaACT,blaACT-93
blaACT-94,blaACT,blaACT-94
blaACT-95,blaACT,blaACT-95
blaACT-96,blaACT,blaACT-96
blaACT-97,blaACT,blaACT-97
blaACT-98,blaACT,blaACT-98
blaACT-99,blaACT,blaACT-99
blaACT-GC1,blaACT,blaACT-GC1
blaADC,bla-C,blaADC
blaADC-1,blaADC,blaADC-1
blaADC-10,blaADC,blaADC-10
blaADC-100,blaADC,blaADC-100
blaADC-101,blaADC,blaADC-101
blaADC-102,blaADC,blaADC-102
blaADC-103,blaADC,blaADC-103
blaADC-104,blaADC,blaADC-104
blaADC-105,blaADC,blaADC-105
blaADC-106,blaADC,blaADC-106
blaADC-107,blaADC,blaADC-107
blaADC-109,blaADC,blaADC-109
blaADC-11,blaADC,blaADC-11
blaADC-110,blaADC,blaADC-110
blaADC-112,blaADC,blaADC-112
blaADC-113,blaADC,blaADC-113
blaADC-114,blaADC,blaADC-114
blaADC-115,blaADC,blaADC-115
blaADC-116,blaADC,blaADC-116
blaADC-117,blaADC,blaADC-117
blaADC-119,blaADC,blaADC-119
blaADC-12,blaADC,blaADC-12
blaADC-120,blaADC,blaADC-120
blaADC-121,blaADC,blaADC-121
blaADC-122,blaADC,blaADC-122
blaADC-123,blaADC,blaADC-123
blaADC-125,blaADC,blaADC-125
blaADC-127,blaADC,blaADC-127
blaADC-128,blaADC,blaADC-128
blaADC-129,blaADC,blaADC-129
blaADC-13,blaADC,blaADC-13
blaADC-130,blaADC,blaADC-130
blaADC-131,blaADC,blaADC-131
blaADC-132,blaADC,blaADC-132
blaADC-133,blaADC,blaADC-133
blaADC-134,blaADC,blaADC-134
blaADC-135,blaADC,blaADC-135
blaADC-136,blaADC,blaADC-136
blaADC-137,blaADC,blaADC-137
blaADC-138,blaADC,blaADC-138
blaADC-139,blaADC,blaADC-139
blaADC-14,blaADC,blaADC-14
blaADC-140,blaADC,blaADC-140
blaADC-141,blaADC,blaADC-141
blaADC-143,blaADC,blaADC-143
blaADC-144,blaADC,blaADC-144
blaADC-145,blaADC,blaADC-145
blaADC-146,blaADC,blaADC-146
blaADC-147,blaADC,blaADC-147
blaADC-148,blaADC,blaADC-148
blaADC-149,blaADC,blaADC-149
blaADC-15,blaADC,blaADC-15
blaADC-150,blaADC,blaADC-150
blaADC-151,blaADC,blaADC-151
blaADC-152,blaADC,blaADC-152
blaADC-153,blaADC,blaADC-153
blaADC-154,blaADC,blaADC-154
blaADC-155,blaADC,blaADC-155
blaADC-156,blaADC,blaADC-156
blaADC-157,blaADC,blaADC-157
blaADC-158,blaADC,blaADC-158
blaADC-159,blaADC,blaADC-159
blaADC-16,blaADC,blaADC-16
blaADC-160,blaADC,blaADC-160
blaADC-162,blaADC,blaADC-162
blaADC-163,blaADC,blaADC-163
blaADC-164,blaADC,blaADC-164
blaADC-165,blaADC,blaADC-165
blaADC-166,blaADC,blaADC-166
blaADC-167,blaADC,blaADC-167
blaADC-168,blaADC,blaADC-168
blaADC-169,blaADC,blaADC-169
blaADC-17,blaADC,blaADC-17
blaADC-170,blaADC,blaADC-170
blaADC-171,blaADC,blaADC-171
blaADC-172,blaADC,blaADC-172
blaADC-173,blaADC,blaADC-173
blaADC-174,blaADC,blaADC-174
blaADC-175,blaADC,blaADC-175
blaADC-176,blaADC,blaADC-176
blaADC-177,blaADC,blaADC-177
blaADC-178,blaADC,blaADC-178
blaADC-179,blaADC,blaADC-179
blaADC-18,blaADC,blaADC-18
blaADC-180,blaADC,blaADC-180
blaADC-181,blaADC,blaADC-181
blaADC-182,blaADC,blaADC-182
blaADC-183,blaADC,blaADC-183
blaADC-184,blaADC,blaADC-184
blaADC-185,blaADC,blaADC-185
blaADC-186,blaADC,blaADC-186
blaADC-187,blaADC,blaADC-187
blaADC-188,blaADC,blaADC-188
blaADC-189,blaADC,blaADC-189
blaADC-19,blaADC,blaADC-19
blaADC-190,blaADC,blaADC-190
blaADC-191,blaADC,blaADC-191
blaADC-192,blaADC,blaADC-192
blaADC-193,blaADC,blaADC-193
blaADC-194,blaADC,blaADC-194
blaADC-195,blaADC,blaADC-195
blaADC-196,blaADC,blaADC-196
blaADC-197,blaADC,blaADC-197
blaADC-198,blaADC,blaADC-198
blaADC-199,blaADC,blaADC-199
blaADC-2,blaADC,blaADC-2
blaADC-20,blaADC,blaADC-20
blaADC-200,blaADC,blaADC-200
blaADC-201,blaADC,blaADC-201
blaADC-202,blaADC,blaADC-202
blaADC-203,blaADC,blaADC-203
blaADC-204,blaADC,blaADC-204
blaADC-205,blaADC,blaADC-205
blaADC-206,blaADC,blaADC-206
blaADC-207,blaADC,blaADC-207
blaADC-208,blaADC,blaADC-208
blaADC-209,blaADC,blaADC-209
blaADC-21,blaADC,blaADC-21
blaADC-210,blaADC,blaADC-210
blaADC-211,blaADC,blaADC-211
blaADC-212,blaADC,blaADC-212
blaADC-213,blaADC,blaADC-213
blaADC-214,blaADC,blaADC-214
blaADC-215,blaADC,blaADC-215
blaADC-216,blaADC,blaADC-216
blaADC-217,blaADC,blaADC-217
blaADC-218,blaADC,blaADC-218
blaADC-219,blaADC,blaADC-219
blaADC-22,blaADC,blaADC-22
blaADC-220,blaADC,blaADC-220
blaADC-221,blaADC,blaADC-221
blaADC-222,blaADC,blaADC-222
blaADC-223,blaADC,blaADC-223
blaADC-224,blaADC,blaADC-224
blaADC-225,blaADC,blaADC-225
blaADC-226,blaADC,blaADC-226
blaADC-227,blaADC,blaADC-227
blaADC-228,blaADC,blaADC-228
blaADC-229,blaADC,blaADC-229
blaADC-23,blaADC,blaADC-23
blaADC-230,blaADC,blaADC-230
blaADC-231,blaADC,blaADC-231
blaADC-232,blaADC,blaADC-232
blaADC-233,blaADC,blaADC-233
blaADC-234,blaADC,blaADC-234
blaADC-235,blaADC,blaADC-235
blaADC-236,blaADC,blaADC-236
blaADC-237,blaADC,blaADC-237
blaADC-238,blaADC,blaADC-238
blaADC-239,blaADC,blaADC-239
blaADC-24,blaADC,blaADC-24
blaADC-240,blaADC,blaADC-240
blaADC-241,blaADC,blaADC-241
blaADC-242,blaADC,blaADC-242
blaADC-243,blaADC,blaADC-243
blaADC-244,blaADC,blaADC-244
blaADC-245,blaADC,blaADC-245
blaADC-246,blaADC,blaADC-246
blaADC-247,blaADC,blaADC-247
blaADC-248,blaADC,blaADC-248
blaADC-249,blaADC,blaADC-249
blaADC-25,blaADC,blaADC-25
blaADC-250,blaADC,blaADC-250
blaADC-251,blaADC,blaADC-251
blaADC-252,blaADC,blaADC-252
blaADC-253,blaADC,blaADC-253
blaADC-254,blaADC,blaADC-254
blaADC-255,blaADC,blaADC-255
blaADC-256,blaADC,blaADC-256
blaADC-257,blaADC,blaADC-257
blaADC-258,blaADC,blaADC-258
blaADC-259,blaADC,blaADC-259
blaADC-26,blaADC,blaADC-26
blaADC-260,blaADC,blaADC-260
blaADC-261,blaADC,blaADC-261
blaADC-262,blaADC,blaADC-262
blaADC-263,blaADC,blaADC-263
blaADC-264,blaADC,blaADC-264
blaADC-265,blaADC,blaADC-265
blaADC-266,blaADC,blaADC-266
blaADC-267,blaADC,blaADC-267
blaADC-268,blaADC,blaADC-268
blaADC-269,blaADC,blaADC-269
blaADC-270,blaADC,blaADC-270
blaADC-271,blaADC,blaADC-271
blaADC-272,blaADC,blaADC-272
blaADC-273,blaADC,blaADC-273
blaADC-274,blaADC,blaADC-274
blaADC-275,blaADC,blaADC-275
blaADC-276,blaADC,blaADC-276
blaADC-277,blaADC,blaADC-277
blaADC-278,blaADC,blaADC-278
blaADC-279,blaADC,blaADC-279
blaADC-280,blaADC,blaADC-280
blaADC-281,blaADC,blaADC-281
blaADC-282,blaADC,blaADC-282
blaADC-283,blaADC,blaADC-283
blaADC-284,blaADC,blaADC-284
blaADC-285,blaADC,blaADC-285
blaADC-286,blaADC,blaADC-286
blaADC-287,blaADC,blaADC-287
blaADC-288,blaADC,blaADC-288
blaADC-289,blaADC,blaADC-289
blaADC-29,blaADC,blaADC-29
blaADC-290,blaADC,blaADC-290
blaADC-291,blaADC,blaADC-291
blaADC-292,blaADC,blaADC-292
blaADC-293,blaADC,blaADC-293
blaADC-294,blaADC,blaADC-294
blaADC-295,blaADC,blaADC-295
blaADC-3,blaADC,blaADC-3
blaADC-30,blaADC,blaADC-30
blaADC-302,blaADC,blaADC-302
blaADC-303,blaADC,blaADC-303
blaADC-304,blaADC,blaADC-304
blaADC-305,blaADC,blaADC-305
blaADC-306,blaADC,blaADC-306
blaADC-307,blaADC,blaADC-307
blaADC-308,blaADC,blaADC-308
blaADC-309,blaADC,blaADC-309
blaADC-31,blaADC,blaADC-31
blaADC-310,blaADC,blaADC-310
blaADC-311,blaADC,blaADC-311
blaADC-312,blaADC,blaADC-312
blaADC-313,blaADC,blaADC-313
blaADC-314,blaADC,blaADC-314
blaADC-315,blaADC,blaADC-315
blaADC-316,blaADC,blaADC-316
blaADC-317,blaADC,blaADC-317
blaADC-318,blaADC,blaADC-318
blaADC-319,blaADC,blaADC-319
blaADC-32,blaADC,blaADC-32
blaADC-320,blaADC,blaADC-320
blaADC-321,blaADC,blaADC-321
blaADC-322,blaADC,blaADC-322
blaADC-323,blaADC,blaADC-323
blaADC-324,blaADC,blaADC-324
blaADC-325,blaADC,blaADC-325
blaADC-326,blaADC,blaADC-326
blaADC-327,blaADC,blaADC-327
blaADC-328,blaADC,blaADC-328
blaADC-329,blaADC,blaADC-329
blaADC-33,blaADC,blaADC-33
blaADC-330,blaADC,blaADC-330
blaADC-331,blaADC,blaADC-331
blaADC-332,blaADC,blaADC-332
blaADC-333,blaADC,blaADC-333
blaADC-334,blaADC,blaADC-334
blaADC-335,blaADC,blaADC-335
blaADC-336,blaADC,blaADC-336
blaADC-337,blaADC,blaADC-337
blaADC-338,blaADC,blaADC-338
blaADC-339,blaADC,blaADC-339
blaADC-340,blaADC,blaADC-340
blaADC-341,blaADC,blaADC-341
blaADC-342,blaADC,blaADC-342
blaADC-343,blaADC,blaADC-343
blaADC-344,blaADC,blaADC-344
blaADC-345,blaADC,blaADC-345
blaADC-346,blaADC,blaADC-346
blaADC-347,blaADC,blaADC-347
blaADC-348,blaADC,blaADC-348
blaADC-349,blaADC,blaADC-349
blaADC-350,blaADC,blaADC-350
blaADC-351,blaADC,blaADC-351
blaADC-352,blaADC,blaADC-352
blaADC-353,blaADC,blaADC-353
blaADC-354,blaADC,blaADC-354
blaADC-355,blaADC,blaADC-355
blaADC-356,blaADC,blaADC-356
blaADC-357,blaADC,blaADC-357
blaADC-358,blaADC,blaADC-358
blaADC-359,blaADC,blaADC-359
blaADC-360,blaADC,blaADC-360
blaADC-361,blaADC,blaADC-361
blaADC-362,blaADC,blaADC-362
blaADC-363,blaADC,blaADC-363
blaADC-364,blaADC,blaADC-364
blaADC-365,blaADC,blaADC-365
blaADC-366,blaADC,blaADC-366
blaADC-367,blaADC,blaADC-367
blaADC-368,blaADC,blaADC-368
blaADC-369,blaADC,blaADC-369
blaADC-370,blaADC,blaADC-370
blaADC-371,blaADC,blaADC-371
blaADC-372,blaADC,blaADC-372
blaADC-373,blaADC,blaADC-373
blaADC-374,blaADC,blaADC-374
blaADC-375,blaADC,blaADC-375
blaADC-376,blaADC,blaADC-376
blaADC-377,blaADC,blaADC-377
blaADC-378,blaADC,blaADC-378
blaADC-379,blaADC,blaADC-379
blaADC-38,blaADC,blaADC-38
blaADC-380,blaADC,blaADC-380
blaADC-381,blaADC,blaADC-381
blaADC-382,blaADC,blaADC-382
blaADC-383,blaADC,blaADC-383
blaADC-384,blaADC,blaADC-384
blaADC-385,blaADC,blaADC-385
blaADC-386,blaADC,blaADC-386
blaADC-387,blaADC,blaADC-387
blaADC-388,blaADC,blaADC-388
blaADC-389,blaADC,blaADC-389
blaADC-39,blaADC,blaADC-39
blaADC-390,blaADC,blaADC-390
blaADC-391,blaADC,blaADC-391
blaADC-392,blaADC,blaADC-392
blaADC-393,blaADC,blaADC-393
blaADC-394,blaADC,blaADC-394
blaADC-395,blaADC,blaADC-395
blaADC-396,blaADC,blaADC-396
blaADC-397,blaADC,blaADC-397
blaADC-398,blaADC,blaADC-398
blaADC-399,blaADC,blaADC-399
blaADC-4,blaADC,blaADC-4
blaADC-400,blaADC,blaADC-400
blaADC-401,blaADC,blaADC-401
blaADC-402,blaADC,blaADC-402
blaADC-403,blaADC,blaADC-403
blaADC-404,blaADC,blaADC-404
blaADC-405,blaADC,blaADC-405
blaADC-406,blaADC,blaADC-406
blaADC-407,blaADC,blaADC-407
blaADC-408,blaADC,blaADC-408
blaADC-409,blaADC,blaADC-409
blaADC-41,blaADC,blaADC-41
blaADC-410,blaADC,blaADC-410
blaADC-411,blaADC,blaADC-411
blaADC-412,blaADC,blaADC-412
blaADC-413,blaADC,blaADC-413
blaADC-414,blaADC,blaADC-414
blaADC-42,blaADC,blaADC-42
blaADC-43,blaADC,blaADC-43
blaADC-44,blaADC,blaADC-44
blaADC-5,blaADC,blaADC-5
blaADC-50,blaADC,blaADC-50
blaADC-51,blaADC,blaADC-51
blaADC-52,blaADC,blaADC-52
blaADC-53,blaADC,blaADC-53
blaADC-54,blaADC,blaADC-54
blaADC-56,blaADC,blaADC-56
blaADC-57,blaADC,blaADC-57
blaADC-58,blaADC,blaADC-58
blaADC-59,blaADC,blaADC-59
blaADC-6,blaADC,blaADC-6
blaADC-60,blaADC,blaADC-60
blaADC-61,blaADC,blaADC-61
blaADC-62,blaADC,blaADC-62
blaADC-63,blaADC,blaADC-63
blaADC-65,blaADC,blaADC-65
blaADC-66,blaADC,blaADC-66
blaADC-67,blaADC,blaADC-67
blaADC-68,blaADC,blaADC-68
blaADC-7,blaADC,blaADC-7
blaADC-70,blaADC,blaADC-70
blaADC-73,blaADC,blaADC-73
blaADC-74,blaADC,blaADC-74
blaADC-75,blaADC,blaADC-75
blaADC-76,blaADC,blaADC-76
blaADC-77,blaADC,blaADC-77
blaADC-78,blaADC,blaADC-78
blaADC-79,blaADC,blaADC-79
blaADC-8,blaADC-8_fam,blaADC-8
blaADC-80,blaADC,blaADC-80
blaADC-81,blaADC,blaADC-81
blaADC-82,blaADC,blaADC-82
blaADC-83,blaADC,blaADC-83
blaADC-84,blaADC,blaADC-84
blaADC-85,blaADC,blaADC-85
blaADC-86,blaADC,blaADC-86
blaADC-87,blaADC,blaADC-87
blaADC-88,blaADC,blaADC-88
blaADC-89,blaADC,blaADC-89
blaADC-8_fam,bla-C,blaADC
blaADC-90,blaADC,blaADC-90
blaADC-91,blaADC,blaADC-91
blaADC-92,blaADC,blaADC-92
blaADC-93,blaADC,blaADC-93
blaADC-94,blaADC,blaADC-94
blaADC-95,blaADC,blaADC-95
blaADC-96,blaADC,blaADC-96
blaADC-97,blaADC,blaADC-97
blaADC-98,blaADC,blaADC-98
blaADC-99,blaADC,blaADC-99
blaAER,bla-A,blaAER
blaAER-1,blaAER,blaAER-1
blaAFM,bla-B1,blaAFM
blaAFM-1,blaAFM,blaAFM-1
blaAFM-2,blaAFM,blaAFM-2
blaAFM-3,blaAFM,blaAFM-3
blaAFM-4,blaAFM,blaAFM-4
blaAFM-5,blaAFM,blaAFM-5
blaAHM,bla-B,blaAHM
blaAHM-1,blaAHM,blaAHM-1
blaAIM,bla-B3,blaAIM
blaAIM-1,blaAIM,blaAIM-1
blaAIM-2,blaAIM,blaAIM-2
blaAIM-3,blaAIM,blaAIM-3
blaAKO,CMY2-MIR-ACT-EC,blaAPO
blaAKO-1,blaAKO,blaAKO-1
blaALG11,bla-B3,blaALG11
blaALG11-1,blaALG11,blaALG11-1
blaALG6,bla-B3,blaALG6
blaALG6-1,blaALG6,blaALG6-1
blaALI,bla-B1,blaALI
blaALI-1,blaALI,blaALI-1
blaALI-2,blaALI,blaALI-2
blaAMZ,bla-C,blaAMZ
blaAMZ-1,blaAMZ,blaAMZ-1
blaANA,bla-B1,blaANA
blaANA-1,blaANA,blaANA-1
blaAQU,blaCMY-FOX,blaAQU
blaAQU-1,blaAQU,blaAQU-1
blaARL,bla-A,blaARL
blaARL-1,blaARL,blaARL-1
blaARL-2,blaARL,blaARL-2
blaARL-3,blaARL,blaARL-3
blaARL-4,blaARL,blaARL-4
blaARL-5,blaARL,blaARL-5
blaARL-6,blaARL,blaARL-6
blaASDC,bla-C,blaASDC
blaASDC-1,blaASDC,blaASDC-1
blaAST,bla-A,blaAST
blaAST-1,blaAST,blaAST-1
blaASU1,bla-A,blaASU1
blaASU1-1,blaASU1,blaASU1-1
blaAVDC,bla-C,blaAVDC
blaAVDC-1,blaAVDC,blaAVDC-1
blaAXC,bla-A,blaAXC
blaAXC-1,blaAXC,blaAXC-1
blaAXC-10,blaAXC,blaAXC-10
blaAXC-11,blaAXC,blaAXC-11
blaAXC-12,blaAXC,blaAXC-12
blaAXC-13,blaAXC,blaAXC-13
blaAXC-2,blaAXC,blaAXC-2
blaAXC-3,blaAXC,blaAXC-3
blaAXC-4,blaAXC,blaAXC-4
blaAXC-5,blaAXC,blaAXC-5
blaAXC-6,blaAXC,blaAXC-6
blaAXC-7,blaAXC,blaAXC-7
blaAXC-8,blaAXC,blaAXC-8
blaAXC-9,blaAXC,blaAXC-9
blaA_Yent,bla-A,blaA
blaB,blaB-IND-MUS,blaB
blaB-1,blaB,blaB-1
blaB-10,blaB,blaB-10
blaB-11,blaB,blaB-11
blaB-12,blaB,blaB-12
blaB-13,blaB,blaB-13
blaB-14,blaB,blaB-14
blaB-15,blaB,blaB-15
blaB-16,blaB,blaB-16
blaB-17,blaB,blaB-17
blaB-18,blaB,blaB-18
blaB-19,blaB,blaB-19
blaB-2,blaB,blaB-2
blaB-20,blaB,blaB-20
blaB-21,blaB,blaB-21
blaB-22,blaB,blaB-22
blaB-23,blaB,blaB-23
blaB-24,blaB,blaB-24
blaB-25,blaB,blaB-25
blaB-26,blaB,blaB-26
blaB-27,blaB,blaB-27
blaB-28,blaB,blaB-28
blaB-29,blaB,blaB-29
blaB-3,blaB,blaB-3
blaB-30,blaB,blaB-30
blaB-31,blaB,blaB-31
blaB-32,blaB,blaB-32
blaB-33,blaB,blaB-33
blaB-34,blaB,blaB-34
blaB-35,blaB,blaB-35
blaB-36,blaB,blaB-36
blaB-37,blaB,blaB-37
blaB-38,blaB,blaB-38
blaB-39,blaB,blaB-39
blaB-5,blaB,blaB-5
blaB-6,blaB,blaB-6
blaB-7,blaB,blaB-7
blaB-8,blaB,blaB-8
blaB-9,blaB,blaB-9
blaB-IND-MUS,bla-B1,bla
blaB3SU1,bla-B3,blaB3SU1
blaB3SU1-1,blaB3SU1,blaB3SU1-1
blaB3SU2,bla-B3,blaB3SU2
blaB3SU2-1,blaB3SU2,blaB3SU2-1
blaBAS,bla-A,blaBAS
blaBAS-1,blaBAS,blaBAS-1
blaBAT,bla-D-Gpos,blaBAT
blaBAT-1,blaBAT,blaBAT-1
blaBBI,bla-A_firm,blaBBI
blaBCL,bla-A_firm,blaBCL
blaBCL-1,blaBCL,blaBCL-1
blaBEL,bla-A,blaBEL
blaBEL-1,blaBEL,blaBEL-1
blaBEL-2,blaBEL,blaBEL-2
blaBEL-3,blaBEL,blaBEL-3
blaBEL-4,blaBEL,blaBEL-4
blaBEL-5,blaBEL,blaBEL-5
blaBES,bla-A,blaBES
blaBES-1,blaBES,blaBES-1
blaBIC,bla-A_carba,blaBIC
blaBIC-1,blaBIC,blaBIC-1
blaBIC-2,blaBIC,blaBIC-2
blaBIL-1,blaCMY,blaBIL-1
blaBIM,blaDIM-SIM-IMP,blaBIM
blaBIM-1,blaBIM,blaBIM-1
blaBIM-2,blaBIM,blaBIM-2
blaBJP,bla-B3,blaBJP
blaBJP-1,blaBJP,blaBJP-1
blaBKC,blaBKC_GPC,blaBKC
blaBKC-1,blaBKC,blaBKC-1
blaBKC-2,blaBKC,blaBKC-2
blaBKC-3,blaBKC,blaBKC-3
blaBKC_GPC,bla-A,bla
blaBMHC,bla-B1,blaBMHC
blaBMHC-1,blaBMHC,blaBMHC-1
blaBOR,bla-A,blaBOR
blaBOR-1,blaBOR,blaBOR-1
blaBPU,bla-D-Gpos,blaBPU
blaBPU-1,blaBPU,blaBPU-1
blaBRO,bla-A,blaBRO
blaBRO-1,blaBRO,blaBRO-1
blaBRO-2,blaBRO,blaBRO-2
blaBSU,bla-D-Gpos,blaBSU
blaBSU-1,blaBSU,blaBSU-1
blaBUT,CMY2-MIR-ACT-EC,blaBUT
blaBUT-1,blaBUT,blaBUT-1
blaBUT-2,blaBUT,blaBUT-2
blaC,bla-A,blaC
blaCAE,bla-A,blaCAE
blaCAE-1,blaCAE,blaCAE-1
blaCAM,blaB-IND-MUS,blaCAM
blaCAM-1,blaCAM,blaCAM-1
blaCAM-2,blaCAM,blaCAM-2
blaCAM-3,blaCAM,blaCAM-3
blaCAR-1,bla-B3-CAR,blaCAR-1
blaCARB,blaCARB_gen,blaCARB
blaCARB-1,blaPSE,blaCARB-1
blaCARB-10,blaRTG,blaCARB-10
blaCARB-11,blaPSE,blaCARB-11
blaCARB-12,blaPSE,blaCARB-12
blaCARB-14,blaRTG,blaCARB-14
blaCARB-16,blaRTG,blaCARB-16
blaCARB-17,blaCARB,blaCARB-17
blaCARB-18,blaCARB,blaCARB-18
blaCARB-19,blaCARB,blaCARB-19
blaCARB-2,blaPSE,blaCARB-2
blaCARB-20,blaCARB,blaCARB-20
blaCARB-21,blaCARB,blaCARB-21
blaCARB-22,blaCARB,blaCARB-22
blaCARB-23,blaCARB,blaCARB-23
blaCARB-24,blaCARB,blaCARB-24
blaCARB-25,blaCARB,blaCARB-25
blaCARB-26,blaCARB,blaCARB-26
blaCARB-27,blaCARB,blaCARB-27
blaCARB-28,blaCARB,blaCARB-28
blaCARB-29,blaCARB,blaCARB-29
blaCARB-3,blaPSE,blaCARB-3
blaCARB-30,blaCARB,blaCARB-30
blaCARB-31,blaCARB,blaCARB-31
blaCARB-32,blaCARB,blaCARB-32
blaCARB-33,blaCARB,blaCARB-33
blaCARB-34,blaCARB,blaCARB-34
blaCARB-35,blaCARB,blaCARB-35
blaCARB-36,blaCARB,blaCARB-36
blaCARB-38,blaCARB,blaCARB-38
blaCARB-4,blaPSE,blaCARB-4
blaCARB-40,blaCARB,blaCARB-40
blaCARB-41,blaCARB,blaCARB-41
blaCARB-42,blaCARB,blaCARB-42
blaCARB-43,blaCARB,blaCARB-43
blaCARB-44,blaCARB,blaCARB-44
blaCARB-45,blaCARB,blaCARB-45
blaCARB-46,blaCARB,blaCARB-46
blaCARB-47,blaCARB,blaCARB-47
blaCARB-48,blaCARB,blaCARB-48
blaCARB-49,blaRTG,blaCARB-49
blaCARB-5,blaRTG,blaCARB-5
blaCARB-50,blaRTG,blaCARB-50
blaCARB-51,blaPSE,blaCARB-51
blaCARB-52,blaPSE,blaCARB-52
blaCARB-53,blaPSE,blaCARB-53
blaCARB-54,blaRTG,blaCARB-54
blaCARB-55,blaPSE,blaCARB-55
blaCARB-56,blaCARB,blaCARB-56
blaCARB-57,blaCARB,blaCARB-57
blaCARB-58,blaPSE,blaCARB-58
blaCARB-59,blaPSE,blaCARB-59
blaCARB-6,blaPSE,blaCARB-6
blaCARB-60,blaPSE,blaCARB-60
blaCARB-61,blaPSE,blaCARB-61
blaCARB-62,blaPSE,blaCARB-62
blaCARB-7,blaPSE,blaCARB-7
blaCARB-8,blaRTG,blaCARB-8
blaCARB-9,blaPSE,blaCARB-9
blaCARB_gen,bla-A,blaCARB
blaCAU-1,blaCAU/MBL1b,blaCAU-1
blaCAU/MBL1b,bla-B3,blaCAU
blaCBP,bla-A,blaCBP
blaCBP-1,blaCBP,blaCBP-1
blaCDA,CMY2-MIR-ACT-EC,blaCDA
blaCDA-1,blaCDA,blaCDA-1
blaCDD,bla-D,blaCDD
blaCDD-1,blaCDD,blaCDD-1
blaCDD-2,blaCDD,blaCDD-2
blaCEMC19-1,blaCHM,blaCEMC19-1
blaCESS,bla-A,blaCESS
blaCESS-1,blaCESS,blaCESS-1
blaCFE,blaCMY,blaCFE
blaCFE-1,blaCFE,blaCFE-1
blaCFE-2,blaCFE,blaCFE-2
blaCGA,bla-A_Chryseo,blaCGA
blaCGA-1,blaCGA,blaCGA-1
blaCGB-1,blaIND,blaCGB-1
blaCHA,bla-A,blaCHA
blaCHA-1,blaCHA,blaCHA-1
blaCHC,bla-C,blaCHC
blaCHC-1,blaCHC,blaCHC-1
blaCHM,bla-B1,blaCHM
blaCHM-1,blaCHM,blaCHM-1
blaCIA,bla-A_Chryseo,blaCIA
blaCIA-1,blaCIA,blaCIA-1
blaCIA-2,blaCIA,blaCIA-2
blaCIA-3,blaCIA,blaCIA-3
blaCIA-4,blaCIA,blaCIA-4
blaCIM,bla-B1,blaCIM
blaCIM-1,blaCIM,blaCIM-1
blaCIM2-1,blaCHM,blaCIM2-1
blaCJO-1,blaCHM,blaCJO-1
blaCKO,bla-A,blaCKO
blaCKO-1,blaCKO,blaCKO-1
blaCMA,blaCrA,blaCMA
blaCMA-1,blaCMA,blaCMA-1
blaCMA-2,blaCMA,blaCMA-2
blaCME,bla-A2,blaCME
blaCME-1,blaCME,blaCME-1
blaCME-2,blaCME,blaCME-2
blaCME-3,blaCME,blaCME-3
blaCMH,blaACT,blaCMH
blaCMH-1,blaCMH,blaCMH-1
blaCMH-10,blaCMH,blaCMH-10
blaCMH-11,blaCMH,blaCMH-11
blaCMH-12,blaCMH,blaCMH-12
blaCMH-13,blaCMH,blaCMH-13
blaCMH-14,blaCMH,blaCMH-14
blaCMH-15,blaCMH,blaCMH-15
blaCMH-16,blaCMH,blaCMH-16
blaCMH-17,blaCMH,blaCMH-17
blaCMH-18,blaCMH,blaCMH-18
blaCMH-19,blaCMH,blaCMH-19
blaCMH-2,blaCMH,blaCMH-2
blaCMH-20,blaCMH,blaCMH-20
blaCMH-21,blaCMH,blaCMH-21
blaCMH-22,blaCMH,blaCMH-22
blaCMH-23,blaCMH,blaCMH-23
blaCMH-24,blaCMH,blaCMH-24
blaCMH-25,blaCMH,blaCMH-25
blaCMH-26,blaCMH,blaCMH-26
blaCMH-27,blaCMH,blaCMH-27
blaCMH-28,blaCMH,blaCMH-28
blaCMH-29,blaCMH,blaCMH-29
blaCMH-3,blaCMH,blaCMH-3
blaCMH-30,blaCMH,blaCMH-30
blaCMH-31,blaCMH,blaCMH-31
blaCMH-32,blaCMH,blaCMH-32
blaCMH-33,blaCMH,blaCMH-33
blaCMH-34,blaCMH,blaCMH-34
blaCMH-4,blaCMH,blaCMH-4
blaCMH-5,blaCMH,blaCMH-5
blaCMH-6,blaCMH,blaCMH-6
blaCMH-7,blaCMH,blaCMH-7
blaCMH-8,blaCMH,blaCMH-8
blaCMH-9,blaCMH,blaCMH-9
blaCMY,CMY2-MIR-ACT-EC,blaCMY
blaCMY-1,blaMOX,blaCMY-1
blaCMY-10,blaMOX,blaCMY-10
blaCMY-100,blaCMY,blaCMY-100
blaCMY-101,blaCMY,blaCMY-101
blaCMY-102,blaCMY,blaCMY-102
blaCMY-103,blaCMY,blaCMY-103
blaCMY-104,blaCMY,blaCMY-104
blaCMY-105,blaCMY,blaCMY-105
blaCMY-106,blaCMY,blaCMY-106
blaCMY-107,blaCMY,blaCMY-107
blaCMY-108,blaCMY,blaCMY-108
blaCMY-109,blaCMY,blaCMY-109
blaCMY-11,blaMOX,blaCMY-11
blaCMY-110,blaCMY,blaCMY-110
blaCMY-111,blaCMY,blaCMY-111
blaCMY-112,blaCMY,blaCMY-112
blaCMY-113,blaCMY,blaCMY-113
blaCMY-114,blaCMY,blaCMY-114
blaCMY-115,blaCMY,blaCMY-115
blaCMY-116,blaCMY,blaCMY-116
blaCMY-117,blaCMY,blaCMY-117
blaCMY-118,blaCMY,blaCMY-118
blaCMY-119,blaCMY,blaCMY-119
blaCMY-12,blaCMY,blaCMY-12
blaCMY-121,blaCMY,blaCMY-121
blaCMY-122,blaCMY,blaCMY-122
blaCMY-124,blaCMY,blaCMY-124
blaCMY-125,blaCMY,blaCMY-125
blaCMY-127,blaCMY,blaCMY-127
blaCMY-128,blaCMY,blaCMY-128
blaCMY-129,blaCMY,blaCMY-129
blaCMY-13,blaCMY,blaCMY-13
blaCMY-130,blaCMY,blaCMY-130
blaCMY-131,blaCMY,blaCMY-131
blaCMY-132,blaCMY,blaCMY-132
blaCMY-133,blaCMY,blaCMY-133
blaCMY-134,blaCMY,blaCMY-134
blaCMY-135,blaCMY,blaCMY-135
blaCMY-136,blaCMY,blaCMY-136
blaCMY-137,blaCMY,blaCMY-137
blaCMY-138,blaCMY,blaCMY-138
blaCMY-139,blaCMY,blaCMY-139
blaCMY-14,blaCMY,blaCMY-14
blaCMY-140,blaCMY,blaCMY-140
blaCMY-141,blaCMY,blaCMY-141
blaCMY-142,blaCMY,blaCMY-142
blaCMY-143,blaCMY,blaCMY-143
blaCMY-144,blaCMY,blaCMY-144
blaCMY-145,blaCMY,blaCMY-145
blaCMY-146,blaCMY,blaCMY-146
blaCMY-147,blaCMY,blaCMY-147
blaCMY-148,blaCMY,blaCMY-148
blaCMY-149,blaCMY,blaCMY-149
blaCMY-15,blaCMY,blaCMY-15
blaCMY-150,blaCMY,blaCMY-150
blaCMY-151,blaCMY,blaCMY-151
blaCMY-152,blaCMY,blaCMY-152
blaCMY-153,blaCMY,blaCMY-153
blaCMY-154,blaCMY,blaCMY-154
blaCMY-155,blaCMY,blaCMY-155
blaCMY-156,blaCMY,blaCMY-156
blaCMY-157,blaCMY,blaCMY-157
blaCMY-158,blaCMY,blaCMY-158
blaCMY-159,blaCMY,blaCMY-159
blaCMY-16,blaCMY,blaCMY-16
blaCMY-160,blaCMY,blaCMY-160
blaCMY-161,blaCMY,blaCMY-161
blaCMY-162,blaCMY,blaCMY-162
blaCMY-163,blaCMY,blaCMY-163
blaCMY-164,blaCMY,blaCMY-164
blaCMY-165,blaCMY,blaCMY-165
blaCMY-166,blaCMY,blaCMY-166
blaCMY-167,blaCMY,blaCMY-167
blaCMY-168,blaCMY,blaCMY-168
blaCMY-169,blaCMY,blaCMY-169
blaCMY-17,blaCMY,blaCMY-17
blaCMY-170,blaCMY,blaCMY-170
blaCMY-171,blaCMY,blaCMY-171
blaCMY-172,blaCMY,blaCMY-172
blaCMY-173,blaCMY,blaCMY-173
blaCMY-174,blaCMY,blaCMY-174
blaCMY-175,blaCMY,blaCMY-175
blaCMY-176,blaCMY,blaCMY-176
blaCMY-177,blaCMY,blaCMY-177
blaCMY-178,blaCMY,blaCMY-178
blaCMY-179,blaCMY,blaCMY-179
blaCMY-18,blaCMY,blaCMY-18
blaCMY-180,blaCMY,blaCMY-180
blaCMY-181,blaCMY,blaCMY-181
blaCMY-182,blaCMY,blaCMY-182
blaCMY-183,blaCMY,blaCMY-183
blaCMY-184,blaCMY,blaCMY-184
blaCMY-185,blaCMY,blaCMY-185
blaCMY-186,blaCMY,blaCMY-186
blaCMY-187,blaCMY,blaCMY-187
blaCMY-188,blaCMY,blaCMY-188
blaCMY-189,blaCMY,blaCMY-189
blaCMY-19,blaMOX,blaCMY-19
blaCMY-190,blaCMY,blaCMY-190
blaCMY-191,blaCMY,blaCMY-191
blaCMY-192,blaCMY,blaCMY-192
blaCMY-194,blaCMY,blaCMY-194
blaCMY-195,blaCMY,blaCMY-195
blaCMY-196,blaCMY,blaCMY-196
blaCMY-197,blaCMY,blaCMY-197
blaCMY-198,blaCMY,blaCMY-198
blaCMY-199,blaCMY,blaCMY-199
blaCMY-2,blaCMY,blaCMY-2
blaCMY-200,blaCMY,blaCMY-200
blaCMY-201,blaCMY,blaCMY-201
blaCMY-202,blaCMY,blaCMY-202
blaCMY-203,blaCMY,blaCMY-203
blaCMY-204,blaCMY,blaCMY-204
blaCMY-205,blaCMY,blaCMY-205
blaCMY-206,blaCMY,blaCMY-206
blaCMY-207,blaCMY,blaCMY-207
blaCMY-208,blaCMY,blaCMY-208
blaCMY-209,blaCFE,blaCMY-209
blaCMY-21,blaCMY,blaCMY-21
blaCMY-210,blaCFE,blaCMY-210
blaCMY-211,blaCMY,blaCMY-211
blaCMY-212,blaCFE,blaCMY-212
blaCMY-213,blaCFE,blaCMY-213
blaCMY-214,blaCMY,blaCMY-214
blaCMY-215,blaCMY,blaCMY-215
blaCMY-216,blaCMY,blaCMY-216
blaCMY-217,blaCMY,blaCMY-217
blaCMY-218,blaCMY,blaCMY-218
blaCMY-219,blaCMY,blaCMY-219
blaCMY-22,blaCMY,blaCMY-22
blaCMY-220,blaCMY,blaCMY-220
blaCMY-221,blaCMY,blaCMY-221
blaCMY-222,blaCMY,blaCMY-222
blaCMY-223,blaCMY,blaCMY-223
blaCMY-224,blaCMY,blaCMY-224
blaCMY-225,blaCMY,blaCMY-225
blaCMY-226,blaCMY,blaCMY-226
blaCMY-227,blaCMY,blaCMY-227
blaCMY-23,blaCMY,blaCMY-23
blaCMY-24,blaCMY,blaCMY-24
blaCMY-25,blaCMY,blaCMY-25
blaCMY-26,blaCMY,blaCMY-26
blaCMY-27,blaCMY,blaCMY-27
blaCMY-28,blaCMY,blaCMY-28
blaCMY-29,blaCMY,blaCMY-29
blaCMY-30,blaCMY,blaCMY-30
blaCMY-31,blaCMY,blaCMY-31
blaCMY-32,blaCMY,blaCMY-32
blaCMY-33,blaCMY,blaCMY-33
blaCMY-34,blaCMY,blaCMY-34
blaCMY-35,blaCMY,blaCMY-35
blaCMY-36,blaCMY,blaCMY-36
blaCMY-37,blaCMY,blaCMY-37
blaCMY-38,blaCMY,blaCMY-38
blaCMY-39,blaCMY,blaCMY-39
blaCMY-4,blaCMY,blaCMY-4
blaCMY-40,blaCMY,blaCMY-40
blaCMY-41,blaCMY,blaCMY-41
blaCMY-42,blaCMY,blaCMY-42
blaCMY-43,blaCMY,blaCMY-43
blaCMY-44,blaCMY,blaCMY-44
blaCMY-45,blaCMY,blaCMY-45
blaCMY-46,blaCMY,blaCMY-46
blaCMY-47,blaCMY,blaCMY-47
blaCMY-48,blaCMY,blaCMY-48
blaCMY-49,blaCMY,blaCMY-49
blaCMY-5,blaCMY,blaCMY-5
blaCMY-50,blaCMY,blaCMY-50
blaCMY-51,blaCMY,blaCMY-51
blaCMY-53,blaCMY,blaCMY-53
blaCMY-54,blaCMY,blaCMY-54
blaCMY-55,blaCMY,blaCMY-55
blaCMY-56,blaCMY,blaCMY-56
blaCMY-57,blaCMY,blaCMY-57
blaCMY-58,blaCMY,blaCMY-58
blaCMY-59,blaCMY,blaCMY-59
blaCMY-6,blaCMY,blaCMY-6
blaCMY-60,blaCMY,blaCMY-60
blaCMY-61,blaCMY,blaCMY-61
blaCMY-62,blaCMY,blaCMY-62
blaCMY-63,blaCMY,blaCMY-63
blaCMY-64,blaCMY,blaCMY-64
blaCMY-65,blaCMY,blaCMY-65
blaCMY-66,blaCMY,blaCMY-66
blaCMY-67,blaCMY,blaCMY-67
blaCMY-68,blaCMY,blaCMY-68
blaCMY-69,blaCMY,blaCMY-69
blaCMY-7,blaCMY,blaCMY-7
blaCMY-70,blaCMY,blaCMY-70
blaCMY-71,blaCMY,blaCMY-71
blaCMY-72,blaCMY,blaCMY-72
blaCMY-73,blaCMY,blaCMY-73
blaCMY-74,blaCMY,blaCMY-74
blaCMY-75,blaCMY,blaCMY-75
blaCMY-76,blaCMY,blaCMY-76
blaCMY-77,blaCMY,blaCMY-77
blaCMY-78,blaCMY,blaCMY-78
blaCMY-79,blaCMY,blaCMY-79
blaCMY-8,blaMOX,blaCMY-8
blaCMY-80,blaCMY,blaCMY-80
blaCMY-81,blaCMY,blaCMY-81
blaCMY-82,blaCMY,blaCMY-82
blaCMY-83,blaCMY,blaCMY-83
blaCMY-84,blaCMY,blaCMY-84
blaCMY-85,blaCMY,blaCMY-85
blaCMY-86,blaCMY,blaCMY-86
blaCMY-87,blaCMY,blaCMY-87
blaCMY-89,blaCMY,blaCMY-89
blaCMY-8b,blaMOX,blaCMY-8b
blaCMY-9,blaMOX,blaCMY-9
blaCMY-90,blaCMY,blaCMY-90
blaCMY-93,blaCMY,blaCMY-93
blaCMY-94,blaCMY,blaCMY-94
blaCMY-95,blaCMY,blaCMY-95
blaCMY-96,blaCMY,blaCMY-96
blaCMY-97,blaCMY,blaCMY-97
blaCMY-99,blaCMY,blaCMY-99
blaCMY-FOX,bla-C,ampC
blaCOR,bla-B1,blaCOR
blaCOR-1,blaCOR,blaCOR-1
blaCPS,bla-B3,blaCPS
blaCPS-1,blaCPS,blaCPS-1
blaCRD3,bla-B3,blaCRD3
blaCRD3-1,blaCRD3,blaCRD3-1
blaCRH,bla-A_carba,blaCRH
blaCRH-1,blaCRH,blaCRH-1
blaCRH-2,blaCRH,blaCRH-2
blaCRH-3,blaCRH,blaCRH-3
blaCRH-4,blaCRH,blaCRH-4
blaCRP,bla-A_carba,blaCRP
blaCRP-1,blaCRP,blaCRP-1
blaCSA,blaCrA,blaCSA
blaCSA-1,blaCSA,blaCSA-1
blaCSA-2,blaCSA,blaCSA-2
blaCSP,bla-A2,blaCSP
blaCSP-1,blaCSP,blaCSP-1
blaCSR,HARLDQ_not_B3,blaCSR
blaCSR-1,blaCSR,blaCSR-1
blaCTX-M,bla-A,blaCTX-M
blaCTX-M-1,blaCTX-M,blaCTX-M-1
blaCTX-M-10,blaCTX-M,blaCTX-M-10
blaCTX-M-100,blaCTX-M,blaCTX-M-100
blaCTX-M-101,blaCTX-M,blaCTX-M-101
blaCTX-M-102,blaCTX-M,blaCTX-M-102
blaCTX-M-103,blaCTX-M,blaCTX-M-103
blaCTX-M-104,blaCTX-M,blaCTX-M-104
blaCTX-M-105,blaCTX-M,blaCTX-M-105
blaCTX-M-110,blaCTX-M,blaCTX-M-110
blaCTX-M-111,blaCTX-M,blaCTX-M-111
blaCTX-M-112,blaCTX-M,blaCTX-M-112
blaCTX-M-113,blaCTX-M,blaCTX-M-113
blaCTX-M-114,blaCTX-M,blaCTX-M-114
blaCTX-M-115,blaCTX-M,blaCTX-M-115
blaCTX-M-116,blaCTX-M,blaCTX-M-116
blaCTX-M-117,blaCTX-M,blaCTX-M-117
blaCTX-M-12,blaCTX-M,blaCTX-M-12
blaCTX-M-121,blaCTX-M,blaCTX-M-121
blaCTX-M-122,blaCTX-M,blaCTX-M-122
blaCTX-M-123,blaCTX-M,blaCTX-M-123
blaCTX-M-124,blaCTX-M,blaCTX-M-124
blaCTX-M-125,blaCTX-M,blaCTX-M-125
blaCTX-M-126,blaCTX-M,blaCTX-M-126
blaCTX-M-127,blaCTX-M,blaCTX-M-127
blaCTX-M-129,blaCTX-M,blaCTX-M-129
blaCTX-M-13,blaCTX-M,blaCTX-M-13
blaCTX-M-130,blaCTX-M,blaCTX-M-130
blaCTX-M-131,blaCTX-M,blaCTX-M-131
blaCTX-M-132,blaCTX-M,blaCTX-M-132
blaCTX-M-134,blaCTX-M,blaCTX-M-134
blaCTX-M-136,blaCTX-M,blaCTX-M-136
blaCTX-M-137,blaCTX-M,blaCTX-M-137
blaCTX-M-138,blaCTX-M,blaCTX-M-138
blaCTX-M-139,blaCTX-M,blaCTX-M-139
blaCTX-M-14,blaCTX-M,blaCTX-M-14
blaCTX-M-140,blaCTX-M,blaCTX-M-140
blaCTX-M-141,blaCTX-M,blaCTX-M-141
blaCTX-M-142,blaCTX-M,blaCTX-M-142
blaCTX-M-143,blaCTX-M,blaCTX-M-143
blaCTX-M-144,blaCTX-M,blaCTX-M-144
blaCTX-M-146,blaCTX-M,blaCTX-M-146
blaCTX-M-147,blaCTX-M,blaCTX-M-147
blaCTX-M-148,blaCTX-M,blaCTX-M-148
blaCTX-M-15,blaCTX-M,blaCTX-M-15
blaCTX-M-150,blaCTX-M,blaCTX-M-150
blaCTX-M-151,blaCTX-M-151_fam,blaCTX-M-151
blaCTX-M-151_fam,bla-A,blaCTX-M
blaCTX-M-152,blaCTX-M,blaCTX-M-152
blaCTX-M-153,blaCTX-M,blaCTX-M-153
blaCTX-M-154,blaCTX-M,blaCTX-M-154
blaCTX-M-155,blaCTX-M,blaCTX-M-155
blaCTX-M-156,blaCTX-M,blaCTX-M-156
blaCTX-M-157,blaCTX-M,blaCTX-M-157
blaCTX-M-158,blaCTX-M,blaCTX-M-158
blaCTX-M-159,blaCTX-M,blaCTX-M-159
blaCTX-M-16,blaCTX-M,blaCTX-M-16
blaCTX-M-160,blaCTX-M,blaCTX-M-160
blaCTX-M-161,blaCTX-M,blaCTX-M-161
blaCTX-M-162,blaCTX-M,blaCTX-M-162
blaCTX-M-163,blaCTX-M,blaCTX-M-163
blaCTX-M-164,blaCTX-M,blaCTX-M-164
blaCTX-M-165,blaCTX-M,blaCTX-M-165
blaCTX-M-166,blaCTX-M,blaCTX-M-166
blaCTX-M-167,blaCTX-M,blaCTX-M-167
blaCTX-M-168,blaCTX-M,blaCTX-M-168
blaCTX-M-169,blaCTX-M,blaCTX-M-169
blaCTX-M-17,blaCTX-M,blaCTX-M-17
blaCTX-M-170,blaCTX-M,blaCTX-M-170
blaCTX-M-171,blaCTX-M,blaCTX-M-171
blaCTX-M-172,blaCTX-M,blaCTX-M-172
blaCTX-M-173,blaCTX-M,blaCTX-M-173
blaCTX-M-174,blaCTX-M,blaCTX-M-174
blaCTX-M-175,blaCTX-M,blaCTX-M-175
blaCTX-M-176,blaCTX-M,blaCTX-M-176
blaCTX-M-177,blaCTX-M,blaCTX-M-177
blaCTX-M-178,blaCTX-M,blaCTX-M-178
blaCTX-M-179,blaCTX-M,blaCTX-M-179
blaCTX-M-180,blaCTX-M,blaCTX-M-180
blaCTX-M-181,blaCTX-M,blaCTX-M-181
blaCTX-M-182,blaCTX-M,blaCTX-M-182
blaCTX-M-183,blaCTX-M,blaCTX-M-183
blaCTX-M-184,blaCTX-M,blaCTX-M-184
blaCTX-M-185,blaCTX-M,blaCTX-M-185
blaCTX-M-186,blaCTX-M,blaCTX-M-186
blaCTX-M-187,blaCTX-M,blaCTX-M-187
blaCTX-M-188,blaCTX-M,blaCTX-M-188
blaCTX-M-189,blaCTX-M,blaCTX-M-189
blaCTX-M-19,blaCTX-M,blaCTX-M-19
blaCTX-M-190,blaCTX-M,blaCTX-M-190
blaCTX-M-191,blaCTX-M,blaCTX-M-191
blaCTX-M-192,blaCTX-M,blaCTX-M-192
blaCTX-M-193,blaCTX-M,blaCTX-M-193
blaCTX-M-194,blaCTX-M,blaCTX-M-194
blaCTX-M-195,blaCTX-M,blaCTX-M-195
blaCTX-M-196,blaCTX-M,blaCTX-M-196
blaCTX-M-197,blaCTX-M,blaCTX-M-197
blaCTX-M-198,blaCTX-M,blaCTX-M-198
blaCTX-M-199,blaCTX-M,blaCTX-M-199
blaCTX-M-2,blaCTX-M,blaCTX-M-2
blaCTX-M-20,blaCTX-M,blaCTX-M-20
blaCTX-M-200,blaCTX-M,blaCTX-M-200
blaCTX-M-201,blaCTX-M,blaCTX-M-201
blaCTX-M-202,blaCTX-M,blaCTX-M-202
blaCTX-M-203,blaCTX-M,blaCTX-M-203
blaCTX-M-204,blaCTX-M,blaCTX-M-204
blaCTX-M-205,blaCTX-M,blaCTX-M-205
blaCTX-M-206,blaCTX-M,blaCTX-M-206
blaCTX-M-207,blaCTX-M,blaCTX-M-207
blaCTX-M-208,blaCTX-M,blaCTX-M-208
blaCTX-M-209,blaCTX-M,blaCTX-M-209
blaCTX-M-21,blaCTX-M,blaCTX-M-21
blaCTX-M-210,blaCTX-M,blaCTX-M-210
blaCTX-M-211,blaCTX-M,blaCTX-M-211
blaCTX-M-212,blaCTX-M,blaCTX-M-212
blaCTX-M-213,blaCTX-M,blaCTX-M-213
blaCTX-M-214,blaCTX-M,blaCTX-M-214
blaCTX-M-215,blaCTX-M,blaCTX-M-215
blaCTX-M-216,blaCTX-M,blaCTX-M-216
blaCTX-M-217,blaCTX-M,blaCTX-M-217
blaCTX-M-218,blaCTX-M,blaCTX-M-218
blaCTX-M-219,blaCTX-M,blaCTX-M-219
blaCTX-M-22,blaCTX-M,blaCTX-M-22
blaCTX-M-220,blaCTX-M,blaCTX-M-220
blaCTX-M-221,blaCTX-M,blaCTX-M-221
blaCTX-M-222,blaCTX-M,blaCTX-M-222
blaCTX-M-223,blaCTX-M,blaCTX-M-223
blaCTX-M-224,blaCTX-M,blaCTX-M-224
blaCTX-M-225,blaCTX-M,blaCTX-M-225
blaCTX-M-226,blaCTX-M,blaCTX-M-226
blaCTX-M-227,blaCTX-M,blaCTX-M-227
blaCTX-M-228,blaCTX-M,blaCTX-M-228
blaCTX-M-229,blaCTX-M,blaCTX-M-229
blaCTX-M-23,blaCTX-M,blaCTX-M-23
blaCTX-M-230,blaCTX-M,blaCTX-M-230
blaCTX-M-231,blaCTX-M,blaCTX-M-231
blaCTX-M-232,blaCTX-M,blaCTX-M-232
blaCTX-M-233,blaCTX-M,blaCTX-M-233
blaCTX-M-234,blaCTX-M,blaCTX-M-234
blaCTX-M-235,blaCTX-M,blaCTX-M-235
blaCTX-M-236,blaCTX-M,blaCTX-M-236
blaCTX-M-237,blaCTX-M,blaCTX-M-237
blaCTX-M-238,blaCTX-M,blaCTX-M-238
blaCTX-M-239,blaCTX-M,blaCTX-M-239
blaCTX-M-24,blaCTX-M,blaCTX-M-24
blaCTX-M-240,blaCTX-M,blaCTX-M-240
blaCTX-M-241,blaCTX-M,blaCTX-M-241
blaCTX-M-242,blaCTX-M,blaCTX-M-242
blaCTX-M-243,blaCTX-M,blaCTX-M-243
blaCTX-M-244,blaCTX-M,blaCTX-M-244
blaCTX-M-245,blaCTX-M,blaCTX-M-245
blaCTX-M-246,blaCTX-M,blaCTX-M-246
blaCTX-M-247,blaCTX-M,blaCTX-M-247
blaCTX-M-248,blaCTX-M,blaCTX-M-248
blaCTX-M-249,blaCTX-M,blaCTX-M-249
blaCTX-M-25,blaCTX-M,blaCTX-M-25
blaCTX-M-251,blaCTX-M,blaCTX-M-251
blaCTX-M-252,blaCTX-M,blaCTX-M-252
blaCTX-M-253,blaCTX-M,blaCTX-M-253
blaCTX-M-254,blaCTX-M,blaCTX-M-254
blaCTX-M-255,blaCTX-M,blaCTX-M-255
blaCTX-M-256,blaCTX-M,blaCTX-M-256
blaCTX-M-257,blaCTX-M,blaCTX-M-257
blaCTX-M-258,blaCTX-M,blaCTX-M-258
blaCTX-M-259,blaCTX-M,blaCTX-M-259
blaCTX-M-26,blaCTX-M,blaCTX-M-26
blaCTX-M-260,blaCTX-M,blaCTX-M-260
blaCTX-M-261,blaCTX-M,blaCTX-M-261
blaCTX-M-262,blaCTX-M,blaCTX-M-262
blaCTX-M-263,blaCTX-M,blaCTX-M-263
blaCTX-M-264,blaCTX-M,blaCTX-M-264
blaCTX-M-265,blaCTX-M,blaCTX-M-265
blaCTX-M-266,blaCTX-M,blaCTX-M-266
blaCTX-M-267,blaCTX-M,blaCTX-M-267
blaCTX-M-268,blaCTX-M,blaCTX-M-268
blaCTX-M-269,blaCTX-M,blaCTX-M-269
blaCTX-M-27,blaCTX-M,blaCTX-M-27
blaCTX-M-270,blaCTX-M,blaCTX-M-270
blaCTX-M-271,blaCTX-M,blaCTX-M-271
blaCTX-M-272,blaCTX-M,blaCTX-M-272
blaCTX-M-273,blaCTX-M,blaCTX-M-273
blaCTX-M-274,blaCTX-M,blaCTX-M-274
blaCTX-M-275,blaCTX-M,blaCTX-M-275
blaCTX-M-276,blaCTX-M,blaCTX-M-276
blaCTX-M-277,blaCTX-M,blaCTX-M-277
blaCTX-M-278,blaCTX-M,blaCTX-M-278
blaCTX-M-279,blaCTX-M,blaCTX-M-279
blaCTX-M-28,blaCTX-M,blaCTX-M-28
blaCTX-M-280,blaCTX-M,blaCTX-M-280
blaCTX-M-281,blaCTX-M,blaCTX-M-281
blaCTX-M-282,blaCTX-M,blaCTX-M-282
blaCTX-M-283,blaCTX-M,blaCTX-M-283
blaCTX-M-285,blaCTX-M,blaCTX-M-285
blaCTX-M-29,blaCTX-M,blaCTX-M-29
blaCTX-M-3,blaCTX-M,blaCTX-M-3
blaCTX-M-30,blaCTX-M,blaCTX-M-30
blaCTX-M-31,blaCTX-M,blaCTX-M-31
blaCTX-M-32,blaCTX-M,blaCTX-M-32
blaCTX-M-33,blaCTX-M,blaCTX-M-33
blaCTX-M-34,blaCTX-M,blaCTX-M-34
blaCTX-M-35,blaCTX-M,blaCTX-M-35
blaCTX-M-36,blaCTX-M,blaCTX-M-36
blaCTX-M-37,blaCTX-M,blaCTX-M-37
blaCTX-M-38,blaCTX-M,blaCTX-M-38
blaCTX-M-39,blaCTX-M,blaCTX-M-39
blaCTX-M-4,blaCTX-M,blaCTX-M-4
blaCTX-M-40,blaCTX-M,blaCTX-M-40
blaCTX-M-41,blaCTX-M,blaCTX-M-41
blaCTX-M-42,blaCTX-M,blaCTX-M-42
blaCTX-M-43,blaCTX-M,blaCTX-M-43
blaCTX-M-44,blaCTX-M,blaCTX-M-44
blaCTX-M-46,blaCTX-M,blaCTX-M-46
blaCTX-M-47,blaCTX-M,blaCTX-M-47
blaCTX-M-48,blaCTX-M,blaCTX-M-48
blaCTX-M-49,blaCTX-M,blaCTX-M-49
blaCTX-M-5,blaCTX-M,blaCTX-M-5
blaCTX-M-50,blaCTX-M,blaCTX-M-50
blaCTX-M-51,blaCTX-M,blaCTX-M-51
blaCTX-M-52,blaCTX-M,blaCTX-M-52
blaCTX-M-53,blaCTX-M,blaCTX-M-53
blaCTX-M-54,blaCTX-M,blaCTX-M-54
blaCTX-M-55,blaCTX-M,blaCTX-M-55
blaCTX-M-56,blaCTX-M,blaCTX-M-56
blaCTX-M-58,blaCTX-M,blaCTX-M-58
blaCTX-M-59,blaCTX-M,blaCTX-M-59
blaCTX-M-6,blaCTX-M,blaCTX-M-6
blaCTX-M-60,blaCTX-M,blaCTX-M-60
blaCTX-M-61,blaCTX-M,blaCTX-M-61
blaCTX-M-62,blaCTX-M,blaCTX-M-62
blaCTX-M-63,blaCTX-M,blaCTX-M-63
blaCTX-M-64,blaCTX-M,blaCTX-M-64
blaCTX-M-65,blaCTX-M,blaCTX-M-65
blaCTX-M-66,blaCTX-M,blaCTX-M-66
blaCTX-M-67,blaCTX-M,blaCTX-M-67
blaCTX-M-68,blaCTX-M,blaCTX-M-68
blaCTX-M-69,blaCTX-M,blaCTX-M-69
blaCTX-M-7,blaCTX-M,blaCTX-M-7
blaCTX-M-70,blaCTX-M,blaCTX-M-70
blaCTX-M-71,blaCTX-M,blaCTX-M-71
blaCTX-M-72,blaCTX-M,blaCTX-M-72
blaCTX-M-73,blaCTX-M,blaCTX-M-73
blaCTX-M-74,blaCTX-M,blaCTX-M-74
blaCTX-M-75,blaCTX-M,blaCTX-M-75
blaCTX-M-76,blaCTX-M,blaCTX-M-76
blaCTX-M-77,blaCTX-M,blaCTX-M-77
blaCTX-M-78,blaCTX-M,blaCTX-M-78
blaCTX-M-79,blaCTX-M,blaCTX-M-79
blaCTX-M-8,blaCTX-M,blaCTX-M-8
blaCTX-M-80,blaCTX-M,blaCTX-M-80
blaCTX-M-81,blaCTX-M,blaCTX-M-81
blaCTX-M-82,blaCTX-M,blaCTX-M-82
blaCTX-M-83,blaCTX-M,blaCTX-M-83
blaCTX-M-84,blaCTX-M,blaCTX-M-84
blaCTX-M-85,blaCTX-M,blaCTX-M-85
blaCTX-M-86,blaCTX-M,blaCTX-M-86
blaCTX-M-87,blaCTX-M,blaCTX-M-87
blaCTX-M-88,blaCTX-M,blaCTX-M-88
blaCTX-M-89,blaCTX-M,blaCTX-M-89
blaCTX-M-9,blaCTX-M,blaCTX-M-9
blaCTX-M-90,blaCTX-M,blaCTX-M-90
blaCTX-M-91,blaCTX-M,blaCTX-M-91
blaCTX-M-92,blaCTX-M,blaCTX-M-92
blaCTX-M-93,blaCTX-M,blaCTX-M-93
blaCTX-M-94,blaCTX-M,blaCTX-M-94
blaCTX-M-95,blaCTX-M,blaCTX-M-95
blaCTX-M-96,blaCTX-M,blaCTX-M-96
blaCTX-M-97,blaCTX-M,blaCTX-M-97
blaCTX-M-98,blaCTX-M,blaCTX-M-98
blaCTX-M-99,blaCTX-M,blaCTX-M-99
blaCVI,bla-B2,blaCVI
blaCVI-1,blaCVI,blaCVI-1
blaCrA,bla-C,ampC
blaDES,bla-A,blaDES
blaDES-1,blaDES,blaDES-1
blaDHA,bla-C,blaDHA
blaDHA-1,blaDHA,blaDHA-1
blaDHA-10,blaDHA,blaDHA-10
blaDHA-12,blaDHA,blaDHA-12
blaDHA-13,blaDHA,blaDHA-13
blaDHA-14,blaDHA,blaDHA-14
blaDHA-15,blaDHA,blaDHA-15
blaDHA-16,blaDHA,blaDHA-16
blaDHA-17,blaDHA,blaDHA-17
blaDHA-18,blaDHA,blaDHA-18
blaDHA-19,blaDHA,blaDHA-19
blaDHA-2,blaDHA,blaDHA-2
blaDHA-20,blaDHA,blaDHA-20
blaDHA-21,blaDHA,blaDHA-21
blaDHA-22,blaDHA,blaDHA-22
blaDHA-23,blaDHA,blaDHA-23
blaDHA-24,blaDHA,blaDHA-24
blaDHA-25,blaDHA,blaDHA-25
blaDHA-26,blaDHA,blaDHA-26
blaDHA-27,blaDHA,blaDHA-27
blaDHA-28,blaDHA,blaDHA-28
blaDHA-29,blaDHA,blaDHA-29
blaDHA-3,blaDHA,blaDHA-3
blaDHA-30,blaDHA,blaDHA-30
blaDHA-31,blaDHA,blaDHA-31
blaDHA-32,blaDHA,blaDHA-32
blaDHA-33,blaDHA,blaDHA-33
blaDHA-34,blaDHA,blaDHA-34
blaDHA-35,blaDHA,blaDHA-35
blaDHA-36,blaDHA,blaDHA-36
blaDHA-37,blaDHA,blaDHA-37
blaDHA-38,blaDHA,blaDHA-38
blaDHA-4,blaDHA,blaDHA-4
blaDHA-5,blaDHA,blaDHA-5
blaDHA-6,blaDHA,blaDHA-6
blaDHA-7,blaDHA,blaDHA-7
blaDHA-9,blaDHA,blaDHA-9
blaDHT2,bla-B3,blaDHT2
blaDHT2-1,blaDHT2,blaDHT2-1
blaDIM,blaDIM-SIM-IMP,blaDIM
blaDIM-1,blaDIM,blaDIM-1
blaDIM-SIM-IMP,bla-B1,blaDIM
blaDYB,bla-B1,blaDYB
blaDYB-1,blaDYB,blaDYB-1
blaE,bla-C,blaE
blaEAM,bla-B3,blaEAM
blaEAM-1,blaEAM,blaEAM-1
blaEBR,blaB-IND-MUS,blaEBR
blaEBR-1,blaEBR,blaEBR-1
blaEBR-2,blaEBR,blaEBR-2
blaEBR-3,blaEBR,blaEBR-3
blaEBR-4,blaEBR,blaEBR-4
blaEBR-5,blaEBR,blaEBR-5
blaEBR-6,blaEBR,blaEBR-6
blaEC,CMY2-MIR-ACT-EC,blaEC
blaEC-13,blaEC,blaEC-13
blaEC-14,blaEC,blaEC-14
blaEC-15,blaEC,blaEC-15
blaEC-16,blaEC,blaEC-16
blaEC-18,blaEC,blaEC-18
blaEC-19,blaEC,blaEC-19
blaEC-2,blaEC,blaEC-2
blaEC-23,blaEC,blaEC-23
blaEC-28,blaEC,blaEC-28
blaEC-5,blaEC,blaEC-5
blaEC-8,blaEC,blaEC-8
blaECM,bla-B3,blaECM
blaECM-1,blaECM,blaECM-1
blaECV,bla-B1,blaECV
blaECV-1,blaECV,blaECV-1
blaEFM,bla-B3,blaEFM
blaEFM-1,blaEFM,blaEFM-1
blaELC,bla-C,blaELC
blaELC-1,blaELC,blaELC-1
blaELC-2,blaELC,blaELC-2
blaELM,bla-B3,blaELM
blaELM-1,blaELM,blaELM-1
blaERP,bla-A,blaERP
blaERP-1,blaERP,blaERP-1
blaESP,bla-B3,blaESP
blaESP-1,blaESP,blaESP-1
blaEVM,bla-B3,blaEVM
blaEVM-1,blaEVM,blaEVM-1
blaF,bla-A,blaF
blaFAR,bla-A,blaFAR
blaFAR-1,blaFAR,blaFAR-1
blaFEZ,bla-B3,blaFEZ
blaFEZ-1,blaFEZ,blaFEZ-1
blaFIA,bla-B1,blaFIA
blaFIA-1,blaFIA,blaFIA-1
blaFIM,bla-B1,blaFIM
blaFIM-1,blaFIM,blaFIM-1
blaFLC-1,blaFRI,blaFLC-1
blaFONA,bla-A,blaFONA
blaFONA-1,blaFONA,blaFONA-1
blaFONA-10,blaFONA,blaFONA-10
blaFONA-11,blaFONA,blaFONA-11
blaFONA-12,blaFONA,blaFONA-12
blaFONA-13,blaFONA,blaFONA-13
blaFONA-2,blaFONA,blaFONA-2
blaFONA-3,blaFONA,blaFONA-3
blaFONA-4,blaFONA,blaFONA-4
blaFONA-5,blaFONA,blaFONA-5
blaFONA-6,blaFONA,blaFONA-6
blaFONA-7,blaFONA,blaFONA-7
blaFONA-8,blaFONA,blaFONA-8
blaFONA-9,blaFONA,blaFONA-9
blaFOX,blaCMY-FOX,blaFOX
blaFOX-1,blaFOX,blaFOX-1
blaFOX-10,blaFOX,blaFOX-10
blaFOX-11,blaFOX,blaFOX-11
blaFOX-12,blaFOX,blaFOX-12
blaFOX-13,blaFOX,blaFOX-13
blaFOX-14,blaFOX,blaFOX-14
blaFOX-15,blaFOX,blaFOX-15
blaFOX-16,blaFOX,blaFOX-16
blaFOX-17,blaFOX,blaFOX-17
blaFOX-18,blaFOX,blaFOX-18
blaFOX-19,blaFOX,blaFOX-19
blaFOX-2,blaFOX,blaFOX-2
blaFOX-20,blaFOX,blaFOX-20
blaFOX-21,blaFOX,blaFOX-21
blaFOX-22,blaFOX,blaFOX-22
blaFOX-23,blaFOX,blaFOX-23
blaFOX-3,blaFOX,blaFOX-3
blaFOX-4,blaFOX,blaFOX-4
blaFOX-5,blaFOX,blaFOX-5
blaFOX-7,blaFOX,blaFOX-7
blaFOX-8,blaFOX,blaFOX-8
blaFOX-9,blaFOX,blaFOX-9
blaFPH,bla-A,blaFPH
blaFPH-1,blaFPH,blaFPH-1
blaFRI,bla-A_carba,blaFRI
blaFRI-1,blaFRI,blaFRI-1
blaFRI-10,blaFRI,blaFRI-10
blaFRI-11,blaFRI,blaFRI-11
blaFRI-12,blaFRI,blaFRI-12
blaFRI-2,blaFRI,blaFRI-2
blaFRI-3,blaFRI,blaFRI-3
blaFRI-4,blaFRI,blaFRI-4
blaFRI-5,blaFRI,blaFRI-5
blaFRI-6,blaFRI,blaFRI-6
blaFRI-7,blaFRI,blaFRI-7
blaFRI-8,blaFRI,blaFRI-8
blaFRI-9,blaFRI,blaFRI-9
blaFTU,bla-A,blaFTU
blaFTU-1,blaFTU,blaFTU-1
blaGES,bla-A,blaGES
blaGES-1,blaGES,blaGES-1
blaGES-10,blaGES,blaGES-10
blaGES-11,blaGES,blaGES-11
blaGES-12,blaGES,blaGES-12
blaGES-13,blaGES,blaGES-13
blaGES-14,blaGES,blaGES-14
blaGES-15,blaGES,blaGES-15
blaGES-16,blaGES,blaGES-16
blaGES-17,blaGES,blaGES-17
blaGES-18,blaGES,blaGES-18
blaGES-19,blaGES,blaGES-19
blaGES-2,blaGES,blaGES-2
blaGES-20,blaGES,blaGES-20
blaGES-21,blaGES,blaGES-21
blaGES-22,blaGES,blaGES-22
blaGES-23,blaGES,blaGES-23
blaGES-24,blaGES,blaGES-24
blaGES-25,blaGES,blaGES-25
blaGES-26,blaGES,blaGES-26
blaGES-27,blaGES,blaGES-27
blaGES-28,blaGES,blaGES-28
blaGES-29,blaGES,blaGES-29
blaGES-3,blaGES,blaGES-3
blaGES-30,blaGES,blaGES-30
blaGES-31,blaGES,blaGES-31
blaGES-32,blaGES,blaGES-32
blaGES-33,blaGES,blaGES-33
blaGES-34,blaGES,blaGES-34
blaGES-35,blaGES,blaGES-35
blaGES-36,blaGES,blaGES-36
blaGES-37,blaGES,blaGES-37
blaGES-38,blaGES,blaGES-38
blaGES-39,blaGES,blaGES-39
blaGES-4,blaGES,blaGES-4
blaGES-40,blaGES,blaGES-40
blaGES-41,blaGES,blaGES-41
blaGES-42,blaGES,blaGES-42
blaGES-43,blaGES,blaGES-43
blaGES-44,blaGES,blaGES-44
blaGES-45,blaGES,blaGES-45
blaGES-46,blaGES,blaGES-46
blaGES-47,blaGES,blaGES-47
blaGES-48,blaGES,blaGES-48
blaGES-49,blaGES,blaGES-49
blaGES-5,blaGES,blaGES-5
blaGES-50,blaGES,blaGES-50
blaGES-51,blaGES,blaGES-51
blaGES-52,blaGES,blaGES-52
blaGES-53,blaGES,blaGES-53
blaGES-54,blaGES,blaGES-54
blaGES-55,blaGES,blaGES-55
blaGES-56,blaGES,blaGES-56
blaGES-57,blaGES,blaGES-57
blaGES-58,blaGES,blaGES-58
blaGES-59,blaGES,blaGES-59
blaGES-6,blaGES,blaGES-6
blaGES-60,blaGES,blaGES-60
blaGES-61,blaGES,blaGES-61
blaGES-62,blaGES,blaGES-62
blaGES-65,blaGES,blaGES-65
blaGES-66,blaGES,blaGES-66
blaGES-67,blaGES,blaGES-67
blaGES-68,blaGES,blaGES-68
blaGES-69,blaGES,blaGES-69
blaGES-7,blaGES,blaGES-7
blaGES-70,blaGES,blaGES-70
blaGES-71,blaGES,blaGES-71
blaGES-8,blaGES,blaGES-8
blaGES-9,blaGES,blaGES-9
blaGIL,bla-A,blaGIL
blaGIL-1,blaGIL,blaGIL-1
blaGIM,blaDIM-SIM-IMP,blaGIM
blaGIM-1,blaGIM,blaGIM-1
blaGIM-2,blaGIM,blaGIM-2
blaGIM-3,blaGIM,blaGIM-3
blaGMA,bla-A,blaGMA
blaGMA-1,blaGMA,blaGMA-1
blaGMA-2,blaGMA,blaGMA-2
blaGMB,bla-B1,blaGMB
blaGMB-1,blaGMB,blaGMB-1
blaGOB,bla-B3,blaGOB
blaGOB-1,blaGOB,blaGOB-1
blaGOB-10,blaGOB,blaGOB-10
blaGOB-11,blaGOB,blaGOB-11
blaGOB-12,blaGOB,blaGOB-12
blaGOB-13,blaGOB,blaGOB-13
blaGOB-14,blaGOB,blaGOB-14
blaGOB-15,blaGOB,blaGOB-15
blaGOB-16,blaGOB,blaGOB-16
blaGOB-17,blaGOB,blaGOB-17
blaGOB-18,blaGOB,blaGOB-18
blaGOB-19,blaGOB,blaGOB-19
blaGOB-20,blaGOB,blaGOB-20
blaGOB-21,blaGOB,blaGOB-21
blaGOB-22,blaGOB,blaGOB-22
blaGOB-23,blaGOB,blaGOB-23
blaGOB-24,blaGOB,blaGOB-24
blaGOB-25,blaGOB,blaGOB-25
blaGOB-26,blaGOB,blaGOB-26
blaGOB-27,blaGOB,blaGOB-27
blaGOB-28,blaGOB,blaGOB-28
blaGOB-29,blaGOB,blaGOB-29
blaGOB-3,blaGOB,blaGOB-3
blaGOB-30,blaGOB,blaGOB-30
blaGOB-31,blaGOB,blaGOB-31
blaGOB-32,blaGOB,blaGOB-32
blaGOB-33,blaGOB,blaGOB-33
blaGOB-34,blaGOB,blaGOB-34
blaGOB-35,blaGOB,blaGOB-35
blaGOB-36,blaGOB,blaGOB-36
blaGOB-37,blaGOB,blaGOB-37
blaGOB-38,blaGOB,blaGOB-38
blaGOB-39,blaGOB,blaGOB-39
blaGOB-4,blaGOB,blaGOB-4
blaGOB-40,blaGOB,blaGOB-40
blaGOB-41,blaGOB,blaGOB-41
blaGOB-42,blaGOB,blaGOB-42
blaGOB-43,blaGOB,blaGOB-43
blaGOB-44,blaGOB,blaGOB-44
blaGOB-45,blaGOB,blaGOB-45
blaGOB-46,blaGOB,blaGOB-46
blaGOB-47,blaGOB,blaGOB-47
blaGOB-48,blaGOB,blaGOB-48
blaGOB-49,blaGOB,blaGOB-49
blaGOB-5,blaGOB,blaGOB-5
blaGOB-50,blaGOB,blaGOB-50
blaGOB-51,blaGOB,blaGOB-51
blaGOB-52,blaGOB,blaGOB-52
blaGOB-53,blaGOB,blaGOB-53
blaGOB-6,blaGOB,blaGOB-6
blaGOB-7,blaGOB,blaGOB-7
blaGOB-8,blaGOB,blaGOB-8
blaGOB-9,blaGOB,blaGOB-9
blaGPC,blaBKC_GPC,blaGPC
blaGPC-1,blaGPC,blaGPC-1
blaGRD23,blaDIM-SIM-IMP,blaGRD23
blaGRD23-1,blaGRD23,blaGRD23-1
blaGRD33,bla-B3,blaGRD33
blaGRD33-1,blaGRD33,blaGRD33-1
blaGUA,bla-A,blaGUA
blaGUA-1,blaGUA,blaGUA-1
blaHBL,bla-A,blaHBL
blaHBL-1,blaHBL,blaHBL-1
blaHER,bla-A,blaHER
blaHER-1,blaHER,blaHER-1
blaHER-2,blaHER,blaHER-2
blaHER-3,blaHER,blaHER-3
blaHER-4,blaHER,blaHER-4
blaHER-5,blaHER,blaHER-5
blaHER-6,blaHER,blaHER-6
blaHER-8,blaHER,blaHER-8
blaHMB,blaKHM-HMB,blaHMB
blaHMB-1,blaHMB,blaHMB-1
blaHMB-2,blaHMB,blaHMB-2
blaHMB-3,blaHMB,blaHMB-3
blaIDC,bla-C,blaIDC
blaIDC-1,blaIDC,blaIDC-1
blaIDC-2,blaIDC,blaIDC-2
blaIII,bla-A_firm,blaIII
blaIMI,bla-A_carba,blaIMI
blaIMI-1,blaIMI,blaIMI-1
blaIMI-10,blaIMI,blaIMI-10
blaIMI-12,blaIMI,blaIMI-12
blaIMI-13,blaIMI,blaIMI-13
blaIMI-14,blaIMI,blaIMI-14
blaIMI-15,blaIMI,blaIMI-15
blaIMI-16,blaIMI,blaIMI-16
blaIMI-17,blaIMI,blaIMI-17
blaIMI-18,blaIMI,blaIMI-18
blaIMI-19,blaIMI,blaIMI-19
blaIMI-2,blaIMI,blaIMI-2
blaIMI-20,blaIMI,blaIMI-20
blaIMI-21,blaIMI,blaIMI-21
blaIMI-22,blaIMI,blaIMI-22
blaIMI-23,blaIMI,blaIMI-23
blaIMI-24,blaIMI,blaIMI-24
blaIMI-25,blaIMI,blaIMI-25
blaIMI-26,blaIMI,blaIMI-26
blaIMI-27,blaIMI,blaIMI-27
blaIMI-29,blaIMI,blaIMI-29
blaIMI-3,blaIMI,blaIMI-3
blaIMI-30,blaIMI,blaIMI-30
blaIMI-31,blaIMI,blaIMI-31
blaIMI-4,blaIMI,blaIMI-4
blaIMI-5,blaIMI,blaIMI-5
blaIMI-6,blaIMI,blaIMI-6
blaIMI-7,blaIMI,blaIMI-7
blaIMI-8,blaIMI,blaIMI-8
blaIMI-9,blaIMI,blaIMI-9
blaIMP,blaDIM-SIM-IMP,blaIMP
blaIMP-1,blaIMP,blaIMP-1
blaIMP-10,blaIMP,blaIMP-10
blaIMP-100,blaIMP,blaIMP-100
blaIMP-101,blaIMP,blaIMP-101
blaIMP-102,blaIMP,blaIMP-102
blaIMP-104,blaIMP,blaIMP-104
blaIMP-105,blaIMP,blaIMP-105
blaIMP-106,blaIMP,blaIMP-106
blaIMP-107,blaIMP,blaIMP-107
blaIMP-108,blaIMP,blaIMP-108
blaIMP-109,blaIMP,blaIMP-109
blaIMP-11,blaIMP,blaIMP-11
blaIMP-110,blaIMP,blaIMP-110
blaIMP-111,blaIMP,blaIMP-111
blaIMP-112,blaIMP,blaIMP-112
blaIMP-12,blaIMP,blaIMP-12
blaIMP-13,blaIMP,blaIMP-13
blaIMP-14,blaIMP,blaIMP-14
blaIMP-15,blaIMP,blaIMP-15
blaIMP-16,blaIMP,blaIMP-16
blaIMP-17,blaIMP,blaIMP-17
blaIMP-18,blaIMP,blaIMP-18
blaIMP-19,blaIMP,blaIMP-19
blaIMP-2,blaIMP,blaIMP-2
blaIMP-20,blaIMP,blaIMP-20
blaIMP-21,blaIMP,blaIMP-21
blaIMP-22,blaIMP,blaIMP-22
blaIMP-23,blaIMP,blaIMP-23
blaIMP-24,blaIMP,blaIMP-24
blaIMP-25,blaIMP,blaIMP-25
blaIMP-26,blaIMP,blaIMP-26
blaIMP-27,blaIMP,blaIMP-27
blaIMP-28,blaIMP,blaIMP-28
blaIMP-29,blaIMP,blaIMP-29
blaIMP-3,blaIMP,blaIMP-3
blaIMP-30,blaIMP,blaIMP-30
blaIMP-31,blaIMP,blaIMP-31
blaIMP-32,blaIMP,blaIMP-32
blaIMP-33,blaIMP,blaIMP-33
blaIMP-34,blaIMP,blaIMP-34
blaIMP-35,blaIMP,blaIMP-35
blaIMP-36,blaIMP,blaIMP-36
blaIMP-37,blaIMP,blaIMP-37
blaIMP-38,blaIMP,blaIMP-38
blaIMP-39,blaIMP,blaIMP-39
blaIMP-4,blaIMP,blaIMP-4
blaIMP-40,blaIMP,blaIMP-40
blaIMP-41,blaIMP,blaIMP-41
blaIMP-42,blaIMP,blaIMP-42
blaIMP-43,blaIMP,blaIMP-43
blaIMP-44,blaIMP,blaIMP-44
blaIMP-45,blaIMP,blaIMP-45
blaIMP-46,blaIMP,blaIMP-46
blaIMP-48,blaIMP,blaIMP-48
blaIMP-49,blaIMP,blaIMP-49
blaIMP-5,blaIMP,blaIMP-5
blaIMP-50,blaIMP,blaIMP-50
blaIMP-51,blaIMP,blaIMP-51
blaIMP-52,blaIMP,blaIMP-52
blaIMP-53,blaIMP,blaIMP-53
blaIMP-54,blaIMP,blaIMP-54
blaIMP-55,blaIMP,blaIMP-55
blaIMP-56,blaIMP,blaIMP-56
blaIMP-58,blaIMP,blaIMP-58
blaIMP-59,blaIMP,blaIMP-59
blaIMP-6,blaIMP,blaIMP-6
blaIMP-60,blaIMP,blaIMP-60
blaIMP-61,blaIMP,blaIMP-61
blaIMP-62,blaIMP,blaIMP-62
blaIMP-63,blaIMP,blaIMP-63
blaIMP-64,blaIMP,blaIMP-64
blaIMP-65,blaIMP,blaIMP-65
blaIMP-66,blaIMP,blaIMP-66
blaIMP-67,blaIMP,blaIMP-67
blaIMP-68,blaIMP,blaIMP-68
blaIMP-69,blaIMP,blaIMP-69
blaIMP-7,blaIMP,blaIMP-7
blaIMP-70,blaIMP,blaIMP-70
blaIMP-71,blaIMP,blaIMP-71
blaIMP-73,blaIMP,blaIMP-73
blaIMP-74,blaIMP,blaIMP-74
blaIMP-75,blaIMP,blaIMP-75
blaIMP-76,blaIMP,blaIMP-76
blaIMP-77,blaIMP,blaIMP-77
blaIMP-78,blaIMP,blaIMP-78
blaIMP-79,blaIMP,blaIMP-79
blaIMP-8,blaIMP,blaIMP-8
blaIMP-80,blaIMP,blaIMP-80
blaIMP-81,blaIMP,blaIMP-81
blaIMP-82,blaIMP,blaIMP-82
blaIMP-83,blaIMP,blaIMP-83
blaIMP-84,blaIMP,blaIMP-84
blaIMP-85,blaIMP,blaIMP-85
blaIMP-86,blaIMP,blaIMP-86
blaIMP-87,blaIMP,blaIMP-87
blaIMP-88,blaIMP,blaIMP-88
blaIMP-89,blaIMP,blaIMP-89
blaIMP-9,blaIMP,blaIMP-9
blaIMP-90,blaIMP,blaIMP-90
blaIMP-91,blaIMP,blaIMP-91
blaIMP-92,blaIMP,blaIMP-92
blaIMP-93,blaIMP,blaIMP-93
blaIMP-94,blaIMP,blaIMP-94
blaIMP-95,blaIMP,blaIMP-95
blaIMP-96,blaIMP,blaIMP-96
blaIMP-97,blaIMP,blaIMP-97
blaIMP-98,blaIMP,blaIMP-98
blaIMP-99,blaIMP,blaIMP-99
blaIND,blaB-IND-MUS,blaIND
blaIND-1,blaIND,blaIND-1
blaIND-10,blaIND,blaIND-10
blaIND-11,blaIND,blaIND-11
blaIND-12,blaIND,blaIND-12
blaIND-14,blaIND,blaIND-14
blaIND-15,blaIND,blaIND-15
blaIND-16,blaIND,blaIND-16
blaIND-17,blaIND,blaIND-17
blaIND-18,blaIND,blaIND-18
blaIND-19,blaIND,blaIND-19
blaIND-2,blaIND,blaIND-2
blaIND-2a,blaIND,blaIND-2a
blaIND-3,blaIND,blaIND-3
blaIND-4,blaIND,blaIND-4
blaIND-5,blaIND,blaIND-5
blaIND-6,blaIND,blaIND-6
blaIND-7,blaIND,blaIND-7
blaIND-8,blaIND,blaIND-8
blaIND-9,blaIND,blaIND-9
blaI_gen,AMR,blaI
blaI_of_Z,blaI_gen,blaI
blaJOHN,bla-B1-FLAV,blaJOHN
blaJOHN-1,blaJOHN,blaJOHN-1
blaKBL,bla-A,blaKBL
blaKBL-1,blaKBL,blaKBL-1
blaKHM,blaKHM-HMB,blaKHM
blaKHM-1,blaKHM,blaKHM-1
blaKHM-2,blaKHM,blaKHM-2
blaKHM-HMB,blaDIM-SIM-IMP,blaKHM-HMB
blaKLUC,blaCTX-M,blaKLUC
blaKLUC-1,blaKLUC,blaKLUC-1
blaKLUC-2,blaKLUC,blaKLUC-2
blaKLUC-3,blaKLUC,blaKLUC-3
blaKLUC-4,blaKLUC,blaKLUC-4
blaKLUC-5,blaKLUC,blaKLUC-5
blaKLUC-6,blaKLUC,blaKLUC-6
blaKLUG-1,blaCTX-M,blaKLUG-1
blaKPC,bla-A_carba,blaKPC
blaKPC-10,blaKPC,blaKPC-10
blaKPC-100,blaKPC,blaKPC-100
blaKPC-101,blaKPC,blaKPC-101
blaKPC-102,blaKPC,blaKPC-102
blaKPC-103,blaKPC,blaKPC-103
blaKPC-104,blaKPC,blaKPC-104
blaKPC-105,blaKPC,blaKPC-105
blaKPC-106,blaKPC,blaKPC-106
blaKPC-107,blaKPC,blaKPC-107
blaKPC-108,blaKPC,blaKPC-108
blaKPC-109,blaKPC,blaKPC-109
blaKPC-11,blaKPC,blaKPC-11
blaKPC-110,blaKPC,blaKPC-110
blaKPC-111,blaKPC,blaKPC-111
blaKPC-112,blaKPC,blaKPC-112
blaKPC-113,blaKPC,blaKPC-113
blaKPC-114,blaKPC,blaKPC-114
blaKPC-115,blaKPC,blaKPC-115
blaKPC-116,blaKPC,blaKPC-116
blaKPC-117,blaKPC,blaKPC-117
blaKPC-118,blaKPC,blaKPC-118
blaKPC-119,blaKPC,blaKPC-119
blaKPC-12,blaKPC,blaKPC-12
blaKPC-120,blaKPC,blaKPC-120
blaKPC-121,blaKPC,blaKPC-121
blaKPC-122,blaKPC,blaKPC-122
blaKPC-123,blaKPC,blaKPC-123
blaKPC-124,blaKPC,blaKPC-124
blaKPC-125,blaKPC,blaKPC-125
blaKPC-126,blaKPC,blaKPC-126
blaKPC-127,blaKPC,blaKPC-127
blaKPC-128,blaKPC,blaKPC-128
blaKPC-129,blaKPC,blaKPC-129
blaKPC-13,blaKPC,blaKPC-13
blaKPC-130,blaKPC,blaKPC-130
blaKPC-131,blaKPC,blaKPC-131
blaKPC-132,blaKPC,blaKPC-132
blaKPC-133,blaKPC,blaKPC-133
blaKPC-134,blaKPC,blaKPC-134
blaKPC-135,blaKPC,blaKPC-135
blaKPC-136,blaKPC,blaKPC-136
blaKPC-137,blaKPC,blaKPC-137
blaKPC-138,blaKPC,blaKPC-138
blaKPC-139,blaKPC,blaKPC-139
blaKPC-14,blaKPC,blaKPC-14
blaKPC-140,blaKPC,blaKPC-140
blaKPC-141,blaKPC,blaKPC-141
blaKPC-142,blaKPC,blaKPC-142
blaKPC-143,blaKPC,blaKPC-143
blaKPC-144,blaKPC,blaKPC-144
blaKPC-145,blaKPC,blaKPC-145
blaKPC-146,blaKPC,blaKPC-146
blaKPC-147,blaKPC,blaKPC-147
blaKPC-148,blaKPC,blaKPC-148
blaKPC-149,blaKPC,blaKPC-149
blaKPC-15,blaKPC,blaKPC-15
blaKPC-150,blaKPC,blaKPC-150
blaKPC-151,blaKPC,blaKPC-151
blaKPC-152,blaKPC,blaKPC-152
blaKPC-153,blaKPC,blaKPC-153
blaKPC-154,blaKPC,blaKPC-154
blaKPC-155,blaKPC,blaKPC-155
blaKPC-156,blaKPC,blaKPC-156
blaKPC-157,blaKPC,blaKPC-157
blaKPC-158,blaKPC,blaKPC-158
blaKPC-159,blaKPC,blaKPC-159
blaKPC-16,blaKPC,blaKPC-16
blaKPC-160,blaKPC,blaKPC-160
blaKPC-161,blaKPC,blaKPC-161
blaKPC-162,blaKPC,blaKPC-162
blaKPC-163,blaKPC,blaKPC-163
blaKPC-164,blaKPC,blaKPC-164
blaKPC-165,blaKPC,blaKPC-165
blaKPC-166,blaKPC,blaKPC-166
blaKPC-167,blaKPC,blaKPC-167
blaKPC-168,blaKPC,blaKPC-168
blaKPC-169,blaKPC,blaKPC-169
blaKPC-17,blaKPC,blaKPC-17
blaKPC-170,blaKPC,blaKPC-170
blaKPC-171,blaKPC,blaKPC-171
blaKPC-172,blaKPC,blaKPC-172
blaKPC-173,blaKPC,blaKPC-173
blaKPC-174,blaKPC,blaKPC-174
blaKPC-175,blaKPC,blaKPC-175
blaKPC-176,blaKPC,blaKPC-176
blaKPC-177,blaKPC,blaKPC-177
blaKPC-178,blaKPC,blaKPC-178
blaKPC-179,blaKPC,blaKPC-179
blaKPC-18,blaKPC,blaKPC-18
blaKPC-180,blaKPC,blaKPC-180
blaKPC-181,blaKPC,blaKPC-181
blaKPC-182,blaKPC,blaKPC-182
blaKPC-183,blaKPC,blaKPC-183
blaKPC-184,blaKPC,blaKPC-184
blaKPC-185,blaKPC,blaKPC-185
blaKPC-186,blaKPC,blaKPC-186
blaKPC-187,blaKPC,blaKPC-187
blaKPC-188,blaKPC,blaKPC-188
blaKPC-189,blaKPC,blaKPC-189
blaKPC-19,blaKPC,blaKPC-19
blaKPC-190,blaKPC,blaKPC-190
blaKPC-191,blaKPC,blaKPC-191
blaKPC-192,blaKPC,blaKPC-192
blaKPC-193,blaKPC,blaKPC-193
blaKPC-194,blaKPC,blaKPC-194
blaKPC-195,blaKPC,blaKPC-195
blaKPC-196,blaKPC,blaKPC-196
blaKPC-197,blaKPC,blaKPC-197
blaKPC-199,blaKPC,blaKPC-199
blaKPC-2,blaKPC,blaKPC-2
blaKPC-20,blaKPC,blaKPC-20
blaKPC-200,blaKPC,blaKPC-200
blaKPC-201,blaKPC,blaKPC-201
blaKPC-202,blaKPC,blaKPC-202
blaKPC-203,blaKPC,blaKPC-203
blaKPC-204,blaKPC,blaKPC-204
blaKPC-205,blaKPC,blaKPC-205
blaKPC-206,blaKPC,blaKPC-206
blaKPC-207,blaKPC,blaKPC-207
blaKPC-208,blaKPC,blaKPC-208
blaKPC-209,blaKPC,blaKPC-209
blaKPC-21,blaKPC,blaKPC-21
blaKPC-210,blaKPC,blaKPC-210
blaKPC-211,blaKPC,blaKPC-211
blaKPC-212,blaKPC,blaKPC-212
blaKPC-213,blaKPC,blaKPC-213
blaKPC-214,blaKPC,blaKPC-214
blaKPC-215,blaKPC,blaKPC-215
blaKPC-216,blaKPC,blaKPC-216
blaKPC-217,blaKPC,blaKPC-217
blaKPC-218,blaKPC,blaKPC-218
blaKPC-219,blaKPC,blaKPC-219
blaKPC-22,blaKPC,blaKPC-22
blaKPC-220,blaKPC,blaKPC-220
blaKPC-221,blaKPC,blaKPC-221
blaKPC-222,blaKPC,blaKPC-222
blaKPC-223,blaKPC,blaKPC-223
blaKPC-224,blaKPC,blaKPC-224
blaKPC-225,blaKPC,blaKPC-225
blaKPC-226,blaKPC,blaKPC-226
blaKPC-227,blaKPC,blaKPC-227
blaKPC-228,blaKPC,blaKPC-228
blaKPC-229,blaKPC,blaKPC-229
blaKPC-23,blaKPC,blaKPC-23
blaKPC-230,blaKPC,blaKPC-230
blaKPC-231,blaKPC,blaKPC-231
blaKPC-232,blaKPC,blaKPC-232
blaKPC-233,blaKPC,blaKPC-233
blaKPC-234,blaKPC,blaKPC-234
blaKPC-236,blaKPC,blaKPC-236
blaKPC-237,blaKPC,blaKPC-237
blaKPC-238,blaKPC,blaKPC-238
blaKPC-239,blaKPC,blaKPC-239
blaKPC-24,blaKPC,blaKPC-24
blaKPC-240,blaKPC,blaKPC-240
blaKPC-241,blaKPC,blaKPC-241
blaKPC-242,blaKPC,blaKPC-242
blaKPC-243,blaKPC,blaKPC-243
blaKPC-244,blaKPC,blaKPC-244
blaKPC-245,blaKPC,blaKPC-245
blaKPC-246,blaKPC,blaKPC-246
blaKPC-247,blaKPC,blaKPC-247
blaKPC-248,blaKPC,blaKPC-248
blaKPC-249,blaKPC,blaKPC-249
blaKPC-25,blaKPC,blaKPC-25
blaKPC-250,blaKPC,blaKPC-250
blaKPC-251,blaKPC,blaKPC-251
blaKPC-252,blaKPC,blaKPC-252
blaKPC-255,blaKPC,blaKPC-255
blaKPC-256,blaKPC,blaKPC-256
blaKPC-257,blaKPC,blaKPC-257
blaKPC-258,blaKPC,blaKPC-258
blaKPC-259,blaKPC,blaKPC-259
blaKPC-26,blaKPC,blaKPC-26
blaKPC-260,blaKPC,blaKPC-260
blaKPC-261,blaKPC,blaKPC-261
blaKPC-262,blaKPC,blaKPC-262
blaKPC-263,blaKPC,blaKPC-263
blaKPC-264,blaKPC,blaKPC-264
blaKPC-265,blaKPC,blaKPC-265
blaKPC-266,blaKPC,blaKPC-266
blaKPC-267,blaKPC,blaKPC-267
blaKPC-268,blaKPC,blaKPC-268
blaKPC-269,blaKPC,blaKPC-269
blaKPC-27,blaKPC,blaKPC-27
blaKPC-270,blaKPC,blaKPC-270
blaKPC-271,blaKPC,blaKPC-271
blaKPC-272,blaKPC,blaKPC-272
blaKPC-273,blaKPC,blaKPC-273
blaKPC-274,blaKPC,blaKPC-274
blaKPC-275,blaKPC,blaKPC-275
blaKPC-276,blaKPC,blaKPC-276
blaKPC-277,blaKPC,blaKPC-277
blaKPC-278,blaKPC,blaKPC-278
blaKPC-279,blaKPC,blaKPC-279
blaKPC-28,blaKPC,blaKPC-28
blaKPC-280,blaKPC,blaKPC-280
blaKPC-281,blaKPC,blaKPC-281
blaKPC-282,blaKPC,blaKPC-282
blaKPC-283,blaKPC,blaKPC-283
blaKPC-284,blaKPC,blaKPC-284
blaKPC-285,blaKPC,blaKPC-285
blaKPC-286,blaKPC,blaKPC-286
blaKPC-287,blaKPC,blaKPC-287
blaKPC-288,blaKPC,blaKPC-288
blaKPC-289,blaKPC,blaKPC-289
blaKPC-29,blaKPC,blaKPC-29
blaKPC-290,blaKPC,blaKPC-290
blaKPC-291,blaKPC,blaKPC-291
blaKPC-292,blaKPC,blaKPC-292
blaKPC-293,blaKPC,blaKPC-293
blaKPC-294,blaKPC,blaKPC-294
blaKPC-295,blaKPC,blaKPC-295
blaKPC-296,blaKPC,blaKPC-296
blaKPC-297,blaKPC,blaKPC-297
blaKPC-298,blaKPC,blaKPC-298
blaKPC-299,blaKPC,blaKPC-299
blaKPC-3,blaKPC,blaKPC-3
blaKPC-30,blaKPC,blaKPC-30
blaKPC-300,blaKPC,blaKPC-300
blaKPC-301,blaKPC,blaKPC-301
blaKPC-31,blaKPC,blaKPC-31
blaKPC-32,blaKPC,blaKPC-32
blaKPC-33,blaKPC,blaKPC-33
blaKPC-34,blaKPC,blaKPC-34
blaKPC-35,blaKPC,blaKPC-35
blaKPC-36,blaKPC,blaKPC-36
blaKPC-37,blaKPC,blaKPC-37
blaKPC-38,blaKPC,blaKPC-38
blaKPC-39,blaKPC,blaKPC-39
blaKPC-4,blaKPC,blaKPC-4
blaKPC-40,blaKPC,blaKPC-40
blaKPC-41,blaKPC,blaKPC-41
blaKPC-42,blaKPC,blaKPC-42
blaKPC-43,blaKPC,blaKPC-43
blaKPC-44,blaKPC,blaKPC-44
blaKPC-45,blaKPC,blaKPC-45
blaKPC-46,blaKPC,blaKPC-46
blaKPC-47,blaKPC,blaKPC-47
blaKPC-48,blaKPC,blaKPC-48
blaKPC-49,blaKPC,blaKPC-49
blaKPC-5,blaKPC,blaKPC-5
blaKPC-50,blaKPC,blaKPC-50
blaKPC-51,blaKPC,blaKPC-51
blaKPC-52,blaKPC,blaKPC-52
blaKPC-53,blaKPC,blaKPC-53
blaKPC-54,blaKPC,blaKPC-54
blaKPC-55,blaKPC,blaKPC-55
blaKPC-56,blaKPC,blaKPC-56
blaKPC-57,blaKPC,blaKPC-57
blaKPC-58,blaKPC,blaKPC-58
blaKPC-59,blaKPC,blaKPC-59
blaKPC-6,blaKPC,blaKPC-6
blaKPC-60,blaKPC,blaKPC-60
blaKPC-61,blaKPC,blaKPC-61
blaKPC-62,blaKPC,blaKPC-62
blaKPC-63,blaKPC,blaKPC-63
blaKPC-64,blaKPC,blaKPC-64
blaKPC-65,blaKPC,blaKPC-65
blaKPC-66,blaKPC,blaKPC-66
blaKPC-67,blaKPC,blaKPC-67
blaKPC-68,blaKPC,blaKPC-68
blaKPC-69,blaKPC,blaKPC-69
blaKPC-7,blaKPC,blaKPC-7
blaKPC-70,blaKPC,blaKPC-70
blaKPC-71,blaKPC,blaKPC-71
blaKPC-72,blaKPC,blaKPC-72
blaKPC-73,blaKPC,blaKPC-73
blaKPC-74,blaKPC,blaKPC-74
blaKPC-75,blaKPC,blaKPC-75
blaKPC-76,blaKPC,blaKPC-76
blaKPC-77,blaKPC,blaKPC-77
blaKPC-78,blaKPC,blaKPC-78
blaKPC-79,blaKPC,blaKPC-79
blaKPC-8,blaKPC,blaKPC-8
blaKPC-80,blaKPC,blaKPC-80
blaKPC-81,blaKPC,blaKPC-81
blaKPC-82,blaKPC,blaKPC-82
blaKPC-83,blaKPC,blaKPC-83
blaKPC-84,blaKPC,blaKPC-84
blaKPC-85,blaKPC,blaKPC-85
blaKPC-86,blaKPC,blaKPC-86
blaKPC-87,blaKPC,blaKPC-87
blaKPC-88,blaKPC,blaKPC-88
blaKPC-89,blaKPC,blaKPC-89
blaKPC-90,blaKPC,blaKPC-90
blaKPC-91,blaKPC,blaKPC-91
blaKPC-92,blaKPC,blaKPC-92
blaKPC-93,blaKPC,blaKPC-93
blaKPC-94,blaKPC,blaKPC-94
blaKPC-95,blaKPC,blaKPC-95
blaKPC-96,blaKPC,blaKPC-96
blaKPC-97,blaKPC,blaKPC-97
blaKPC-98,blaKPC,blaKPC-98
blaKPC-99,blaKPC,blaKPC-99
blaL,bla-A,blaL
blaL1,bla-B3,blaL1
blaL2,bla-A,blaL2
blaLAP,bla-A,blaLAP
blaLAP-1,blaLAP,blaLAP-1
blaLAP-2,blaLAP,blaLAP-2
blaLAQ,CMY2-MIR-ACT-EC,blaLAQ
blaLAQ-1,blaLAQ,blaLAQ-1
blaLAT,blaCMY,blaLAT
blaLAT-1,blaLAT,blaLAT-1
blaLAT-3,blaLAT,blaLAT-3
blaLCR,blaLCR_NPS,blaLCR
blaLCR-1,blaLCR,blaLCR-1
blaLCR_NPS,blaOXA,blaLCR
blaLEN,blaSHV-LEN,blaLEN
blaLEN-1,blaLEN,blaLEN-1
blaLEN-10,blaLEN,blaLEN-10
blaLEN-100,blaLEN,blaLEN-100
blaLEN-101,blaLEN,blaLEN-101
blaLEN-102,blaLEN,blaLEN-102
blaLEN-103,blaLEN,blaLEN-103
blaLEN-104,blaLEN,blaLEN-104
blaLEN-105,blaLEN,blaLEN-105
blaLEN-106,blaLEN,blaLEN-106
blaLEN-107,blaLEN,blaLEN-107
blaLEN-108,blaLEN,blaLEN-108
blaLEN-109,blaLEN,blaLEN-109
blaLEN-11,blaLEN,blaLEN-11
blaLEN-110,blaLEN,blaLEN-110
blaLEN-111,blaLEN,blaLEN-111
blaLEN-112,blaLEN,blaLEN-112
blaLEN-113,blaLEN,blaLEN-113
blaLEN-114,blaLEN,blaLEN-114
blaLEN-115,blaLEN,blaLEN-115
blaLEN-116,blaLEN,blaLEN-116
blaLEN-117,blaLEN,blaLEN-117
blaLEN-118,blaLEN,blaLEN-118
blaLEN-119,blaLEN,blaLEN-119
blaLEN-12,blaLEN,blaLEN-12
blaLEN-120,blaLEN,blaLEN-120
blaLEN-121,blaLEN,blaLEN-121
blaLEN-122,blaLEN,blaLEN-122
blaLEN-123,blaLEN,blaLEN-123
blaLEN-124,blaLEN,blaLEN-124
blaLEN-125,blaLEN,blaLEN-125
blaLEN-126,blaLEN,blaLEN-126
blaLEN-127,blaLEN,blaLEN-127
blaLEN-128,blaLEN,blaLEN-128
blaLEN-129,blaLEN,blaLEN-129
blaLEN-13,blaLEN,blaLEN-13
blaLEN-130,blaLEN,blaLEN-130
blaLEN-131,blaLEN,blaLEN-131
blaLEN-132,blaLEN,blaLEN-132
blaLEN-133,blaLEN,blaLEN-133
blaLEN-134,blaLEN,blaLEN-134
blaLEN-135,blaLEN,blaLEN-135
blaLEN-136,blaLEN,blaLEN-136
blaLEN-137,blaLEN,blaLEN-137
blaLEN-138,blaLEN,blaLEN-138
blaLEN-139,blaLEN,blaLEN-139
blaLEN-140,blaLEN,blaLEN-140
blaLEN-141,blaLEN,blaLEN-141
blaLEN-142,blaLEN,blaLEN-142
blaLEN-143,blaLEN,blaLEN-143
blaLEN-144,blaLEN,blaLEN-144
blaLEN-145,blaLEN,blaLEN-145
blaLEN-146,blaLEN,blaLEN-146
blaLEN-147,blaLEN,blaLEN-147
blaLEN-148,blaLEN,blaLEN-148
blaLEN-149,blaLEN,blaLEN-149
blaLEN-15,blaLEN,blaLEN-15
blaLEN-150,blaLEN,blaLEN-150
blaLEN-151,blaLEN,blaLEN-151
blaLEN-152,blaLEN,blaLEN-152
blaLEN-153,blaLEN,blaLEN-153
blaLEN-154,blaLEN,blaLEN-154
blaLEN-155,blaLEN,blaLEN-155
blaLEN-156,blaLEN,blaLEN-156
blaLEN-157,blaLEN,blaLEN-157
blaLEN-158,blaLEN,blaLEN-158
blaLEN-159,blaLEN,blaLEN-159
blaLEN-16,blaLEN,blaLEN-16
blaLEN-160,blaLEN,blaLEN-160
blaLEN-161,blaLEN,blaLEN-161
blaLEN-162,blaLEN,blaLEN-162
blaLEN-163,blaLEN,blaLEN-163
blaLEN-164,blaLEN,blaLEN-164
blaLEN-165,blaLEN,blaLEN-165
blaLEN-166,blaLEN,blaLEN-166
blaLEN-167,blaLEN,blaLEN-167
blaLEN-168,blaLEN,blaLEN-168
blaLEN-169,blaLEN,blaLEN-169
blaLEN-17,blaLEN,blaLEN-17
blaLEN-170,blaLEN,blaLEN-170
blaLEN-173,blaLEN,blaLEN-173
blaLEN-174,blaLEN,blaLEN-174
blaLEN-175,blaLEN,blaLEN-175
blaLEN-176,blaLEN,blaLEN-176
blaLEN-177,blaLEN,blaLEN-177
blaLEN-178,blaLEN,blaLEN-178
blaLEN-179,blaLEN,blaLEN-179
blaLEN-18,blaLEN,blaLEN-18
blaLEN-180,blaLEN,blaLEN-180
blaLEN-181,blaLEN,blaLEN-181
blaLEN-182,blaLEN,blaLEN-182
blaLEN-183,blaLEN,blaLEN-183
blaLEN-184,blaLEN,blaLEN-184
blaLEN-185,blaLEN,blaLEN-185
blaLEN-186,blaLEN,blaLEN-186
blaLEN-187,blaLEN,blaLEN-187
blaLEN-188,blaLEN,blaLEN-188
blaLEN-189,blaLEN,blaLEN-189
blaLEN-19,blaLEN,blaLEN-19
blaLEN-190,blaLEN,blaLEN-190
blaLEN-191,blaLEN,blaLEN-191
blaLEN-192,blaLEN,blaLEN-192
blaLEN-193,blaLEN,blaLEN-193
blaLEN-194,blaLEN,blaLEN-194
blaLEN-195,blaLEN,blaLEN-195
blaLEN-196,blaLEN,blaLEN-196
blaLEN-197,blaLEN,blaLEN-197
blaLEN-198,blaLEN,blaLEN-198
blaLEN-199,blaLEN,blaLEN-199
blaLEN-2,blaLEN,blaLEN-2
blaLEN-20,blaLEN,blaLEN-20
blaLEN-200,blaLEN,blaLEN-200
blaLEN-201,blaLEN,blaLEN-201
blaLEN-202,blaLEN,blaLEN-202
blaLEN-203,blaLEN,blaLEN-203
blaLEN-204,blaLEN,blaLEN-204
blaLEN-205,blaLEN,blaLEN-205
blaLEN-206,blaLEN,blaLEN-206
blaLEN-207,blaLEN,blaLEN-207
blaLEN-208,blaLEN,blaLEN-208
blaLEN-209,blaLEN,blaLEN-209
blaLEN-21,blaLEN,blaLEN-21
blaLEN-210,blaLEN,blaLEN-210
blaLEN-211,blaLEN,blaLEN-211
blaLEN-22,blaLEN,blaLEN-22
blaLEN-23,blaLEN,blaLEN-23
blaLEN-24,blaLEN,blaLEN-24
blaLEN-25,blaLEN,blaLEN-25
blaLEN-26,blaLEN,blaLEN-26
blaLEN-27,blaLEN,blaLEN-27
blaLEN-28,blaLEN,blaLEN-28
blaLEN-29,blaLEN,blaLEN-29
blaLEN-30,blaLEN,blaLEN-30
blaLEN-31,blaLEN,blaLEN-31
blaLEN-32,blaLEN,blaLEN-32
blaLEN-34,blaLEN,blaLEN-34
blaLEN-35,blaLEN,blaLEN-35
blaLEN-36,blaLEN,blaLEN-36
blaLEN-37,blaLEN,blaLEN-37
blaLEN-38,blaLEN,blaLEN-38
blaLEN-39,blaLEN,blaLEN-39
blaLEN-40,blaLEN,blaLEN-40
blaLEN-41,blaLEN,blaLEN-41
blaLEN-42,blaLEN,blaLEN-42
blaLEN-43,blaLEN,blaLEN-43
blaLEN-44,blaLEN,blaLEN-44
blaLEN-45,blaLEN,blaLEN-45
blaLEN-46,blaLEN,blaLEN-46
blaLEN-47,blaLEN,blaLEN-47
blaLEN-48,blaLEN,blaLEN-48
blaLEN-49,blaLEN,blaLEN-49
blaLEN-5,blaLEN,blaLEN-5
blaLEN-50,blaLEN,blaLEN-50
blaLEN-51,blaLEN,blaLEN-51
blaLEN-55,blaLEN,blaLEN-55
blaLEN-56,blaLEN,blaLEN-56
blaLEN-57,blaLEN,blaLEN-57
blaLEN-58,blaLEN,blaLEN-58
blaLEN-59,blaLEN,blaLEN-59
blaLEN-60,blaLEN,blaLEN-60
blaLEN-61,blaLEN,blaLEN-61
blaLEN-62,blaLEN,blaLEN-62
blaLEN-63,blaLEN,blaLEN-63
blaLEN-65,blaLEN,blaLEN-65
blaLEN-66,blaLEN,blaLEN-66
blaLEN-67,blaLEN,blaLEN-67
blaLEN-68,blaLEN,blaLEN-68
blaLEN-69,blaLEN,blaLEN-69
blaLEN-7,blaLEN,blaLEN-7
blaLEN-70,blaLEN,blaLEN-70
blaLEN-71,blaLEN,blaLEN-71
blaLEN-72,blaLEN,blaLEN-72
blaLEN-73,blaLEN,blaLEN-73
blaLEN-74,blaLEN,blaLEN-74
blaLEN-75,blaLEN,blaLEN-75
blaLEN-76,blaLEN,blaLEN-76
blaLEN-77,blaLEN,blaLEN-77
blaLEN-78,blaLEN,blaLEN-78
blaLEN-79,blaLEN,blaLEN-79
blaLEN-8,blaLEN,blaLEN-8
blaLEN-80,blaLEN,blaLEN-80
blaLEN-81,blaLEN,blaLEN-81
blaLEN-82,blaLEN,blaLEN-82
blaLEN-83,blaLEN,blaLEN-83
blaLEN-84,blaLEN,blaLEN-84
blaLEN-85,blaLEN,blaLEN-85
blaLEN-86,blaLEN,blaLEN-86
blaLEN-87,blaLEN,blaLEN-87
blaLEN-88,blaLEN,blaLEN-88
blaLEN-89,blaLEN,blaLEN-89
blaLEN-9,blaLEN,blaLEN-9
blaLEN-90,blaLEN,blaLEN-90
blaLEN-91,blaLEN,blaLEN-91
blaLEN-92,blaLEN,blaLEN-92
blaLEN-93,blaLEN,blaLEN-93
blaLEN-94,blaLEN,blaLEN-94
blaLEN-95,blaLEN,blaLEN-95
blaLEN-96,blaLEN,blaLEN-96
blaLEN-97,blaLEN,blaLEN-97
blaLEN-98,blaLEN,blaLEN-98
blaLEN-99,blaLEN,blaLEN-99
blaLHK,bla-C,blaLHK
blaLHK-1,blaLHK,blaLHK-1
blaLHK-2,blaLHK,blaLHK-2
blaLHK-3,blaLHK,blaLHK-3
blaLHK-4,blaLHK,blaLHK-4
blaLHK-5,blaLHK,blaLHK-5
blaLHK-6,blaLHK,blaLHK-6
blaLHK-7,blaLHK,blaLHK-7
blaLMB,bla-B3,blaLMB
blaLMB-1,blaLMB,blaLMB-1
blaLRA-1,bla-A,blaLRA1
blaLRA-10_fam,bla-C,blaLRA10
blaLRA-12,blaLRA-12_fam,blaLRA12
blaLRA-12_fam,bla-B3,blaLRA
blaLRA-13,bla-C,blaLRA13
blaLRA-17,blaLRA-12_fam,blaLRA17
blaLRA-18_fam,bla-C,blaLRA18
blaLRA-19,blaLRA-12_fam,blaLRA19
blaLRA-2,blaLRA-2_fam,blaLRA2
blaLRA-2_fam,bla-B3,blaLRA
blaLRA-3,blaLRA-3_fam,blaLRA3
blaLRA-3_fam,bla-B3,blaLRA
blaLRA-5,bla-A,blaLRA5
blaLRA-7,blaLRA-3_fam,blaLRA7
blaLRA-8,blaLRA-2_fam,blaLRA8
blaLRA-9,blaLRA-3_fam,blaLRA9
blaLRG,bla-A,blaLRG
blaLRG-1,blaLRG,blaLRG-1
blaLUS,bla-A2,blaLUS
blaLUS-1,blaLUS,blaLUS-1
blaLUT,bla-A,blaLUT
blaLUT-1,blaLUT,blaLUT-1
blaLUT-2,blaLUT,blaLUT-2
blaLUT-3,blaLUT,blaLUT-3
blaLUT-4,blaLUT,blaLUT-4
blaLUT-5,blaLUT,blaLUT-5
blaLUT-6,blaLUT,blaLUT-6
blaM,bla-A,blaM
blaM-1,blaM,blaM
blaMAB,bla-A,blaMAB
blaMAL-1,blaCKO,blaMAL-1
blaMAL-2,blaCKO,blaMAL-2
blaMBL1b,blaCAU/MBL1b,blaMBL1b
blaMCA,bla-C,blaMCA
blaMIM,bla-B3,blaMIM
blaMIM-1,blaMIM,blaMIM-1
blaMIR,blaACT,blaMIR
blaMIR-1,blaMIR,blaMIR-1
blaMIR-10,blaMIR,blaMIR-10
blaMIR-11,blaMIR,blaMIR-11
blaMIR-12,blaMIR,blaMIR-12
blaMIR-13,blaMIR,blaMIR-13
blaMIR-14,blaACT,blaMIR-14
blaMIR-15,blaMIR,blaMIR-15
blaMIR-16,blaMIR,blaMIR-16
blaMIR-17,blaMIR,blaMIR-17
blaMIR-18,blaMIR,blaMIR-18
blaMIR-19,blaMIR,blaMIR-19
blaMIR-2,blaMIR,blaMIR-2
blaMIR-20,blaMIR,blaMIR-20
blaMIR-21,blaMIR,blaMIR-21
blaMIR-22,blaMIR,blaMIR-22
blaMIR-23,blaMIR,blaMIR-23
blaMIR-24,blaMIR,blaMIR-24
blaMIR-25,blaMIR,blaMIR-25
blaMIR-26,blaMIR,blaMIR-26
blaMIR-27,blaMIR,blaMIR-27
blaMIR-28,blaMIR,blaMIR-28
blaMIR-29,blaMIR,blaMIR-29
blaMIR-3,blaMIR,blaMIR-3
blaMIR-30,blaMIR,blaMIR-30
blaMIR-31,blaMIR,blaMIR-31
blaMIR-32,blaMIR,blaMIR-32
blaMIR-33,blaMIR,blaMIR-33
blaMIR-34,blaMIR,blaMIR-34
blaMIR-35,blaMIR,blaMIR-35
blaMIR-36,blaMIR,blaMIR-36
blaMIR-37,blaMIR,blaMIR-37
blaMIR-38,blaMIR,blaMIR-38
blaMIR-39,blaMIR,blaMIR-39
blaMIR-4,blaMIR,blaMIR-4
blaMIR-5,blaMIR,blaMIR-5
blaMIR-6,blaMIR,blaMIR-6
blaMIR-7,blaMIR,blaMIR-7
blaMIR-9,blaMIR,blaMIR-9
blaMOC,blaMUS-TUS-MOC,blaMOC
blaMOC-1,blaMOC,blaMOC-1
blaMOC-2,blaMOC,blaMOC-2
blaMOR-2,blaDHA,blaMOR-2
blaMOX,blaCMY-FOX,blaMOX
blaMOX-1,blaMOX,blaMOX-1
blaMOX-10,blaMOX,blaMOX-10
blaMOX-11,blaMOX,blaMOX-11
blaMOX-12,blaMOX,blaMOX-12
blaMOX-13,blaMOX,blaMOX-13
blaMOX-14,blaMOX,blaMOX-14
blaMOX-15,blaMOX,blaMOX-15
blaMOX-16,blaMOX,blaMOX-16
blaMOX-17,blaMOX,blaMOX-17
blaMOX-18,blaMOX,blaMOX-18
blaMOX-19,blaMOX,blaMOX-19
blaMOX-2,blaMOX,blaMOX-2
blaMOX-20,blaMOX,blaMOX-20
blaMOX-21,blaMOX,blaMOX-21
blaMOX-22,blaMOX,blaMOX-22
blaMOX-23,blaMOX,blaMOX-23
blaMOX-24,blaMOX,blaMOX-24
blaMOX-25,blaMOX,blaMOX-25
blaMOX-26,blaMOX,blaMOX-26
blaMOX-27,blaMOX,blaMOX-27
blaMOX-28,blaMOX,blaMOX-28
blaMOX-29,blaMOX,blaMOX-29
blaMOX-3,blaMOX,blaMOX-3
blaMOX-30,blaMOX,blaMOX-30
blaMOX-31,blaMOX,blaMOX-31
blaMOX-32,blaMOX,blaMOX-32
blaMOX-4,blaMOX,blaMOX-4
blaMOX-5,blaMOX,blaMOX-5
blaMOX-6,blaMOX,blaMOX-6
blaMOX-7,blaMOX,blaMOX-7
blaMOX-8,blaMOX,blaMOX-8
blaMOX-9,blaMOX,blaMOX-9
blaMSI-1,blaMSI-1_fam,blaMSI-1
blaMSI-1_fam,bla-B3,blaMSI
blaMUN,bla-A,blaMUN
blaMUN-1,blaMUN,blaMUN-1
blaMUN-2,blaMUN,blaMUN-2
blaMUN-3,blaMUN,blaMUN-3
blaMUN-4,blaMUN,blaMUN-4
blaMUN-5,blaMUN,blaMUN-5
blaMUN-6,blaMUN,blaMUN-6
blaMUS,blaMUS-TUS-MOC,blaMUS
blaMUS-1,blaMUS,blaMUS-1
blaMUS-2,blaMUS,blaMUS-2
blaMUS-TUS-MOC,blaB-IND-MUS,bla
blaMYO,bla-B1,blaMYO
blaMYO-1,blaMYO,blaMYO-1
blaMYX,bla-B1,blaMYX
blaMYX-1,blaMYX,blaMYX-1
blaMYX-2,blaMYX,blaMYX-2
blaNDM,bla-B1,blaNDM
blaNDM-1,blaNDM,blaNDM-1
blaNDM-10,blaNDM,blaNDM-10
blaNDM-11,blaNDM,blaNDM-11
blaNDM-12,blaNDM,blaNDM-12
blaNDM-13,blaNDM,blaNDM-13
blaNDM-14,blaNDM,blaNDM-14
blaNDM-15,blaNDM,blaNDM-15
blaNDM-16a,blaNDM,blaNDM-16a
blaNDM-16b,blaNDM,blaNDM-16b
blaNDM-17,blaNDM,blaNDM-17
blaNDM-18,blaNDM,blaNDM-18
blaNDM-19,blaNDM,blaNDM-19
blaNDM-2,blaNDM,blaNDM-2
blaNDM-20,blaNDM,blaNDM-20
blaNDM-21,blaNDM,blaNDM-21
blaNDM-22,blaNDM,blaNDM-22
blaNDM-23,blaNDM,blaNDM-23
blaNDM-24,blaNDM,blaNDM-24
blaNDM-25,blaNDM,blaNDM-25
blaNDM-26,blaNDM,blaNDM-26
blaNDM-27,blaNDM,blaNDM-27
blaNDM-28,blaNDM,blaNDM-28
blaNDM-29,blaNDM,blaNDM-29
blaNDM-3,blaNDM,blaNDM-3
blaNDM-30,blaNDM,blaNDM-30
blaNDM-31,blaNDM,blaNDM-31
blaNDM-33,blaNDM,blaNDM-33
blaNDM-34,blaNDM,blaNDM-34
blaNDM-35,blaNDM,blaNDM-35
blaNDM-36,blaNDM,blaNDM-36
blaNDM-37,blaNDM,blaNDM-37
blaNDM-38,blaNDM,blaNDM-38
blaNDM-39,blaNDM,blaNDM-39
blaNDM-4,blaNDM,blaNDM-4
blaNDM-40,blaNDM,blaNDM-40
blaNDM-41,blaNDM,blaNDM-41
blaNDM-42,blaNDM,blaNDM-42
blaNDM-43,blaNDM,blaNDM-43
blaNDM-44,blaNDM,blaNDM-44
blaNDM-45,blaNDM,blaNDM-45
blaNDM-46,blaNDM,blaNDM-46
blaNDM-47,blaNDM,blaNDM-47
blaNDM-48,blaNDM,blaNDM-48
blaNDM-49,blaNDM,blaNDM-49
blaNDM-5,blaNDM,blaNDM-5
blaNDM-50,blaNDM,blaNDM-50
blaNDM-51,blaNDM,blaNDM-51
blaNDM-52,blaNDM,blaNDM-52
blaNDM-53,blaNDM,blaNDM-53
blaNDM-54,blaNDM,blaNDM-54
blaNDM-55,blaNDM,blaNDM-55
blaNDM-56,blaNDM,blaNDM-56
blaNDM-57,blaNDM,blaNDM-57
blaNDM-58,blaNDM,blaNDM-58
blaNDM-59,blaNDM,blaNDM-59
blaNDM-6,blaNDM,blaNDM-6
blaNDM-60,blaNDM,blaNDM-60
blaNDM-61,blaNDM,blaNDM-61
blaNDM-63,blaNDM,blaNDM-63
blaNDM-64,blaNDM,blaNDM-64
blaNDM-65,blaNDM,blaNDM-65
blaNDM-66,blaNDM,blaNDM-66
blaNDM-67,blaNDM,blaNDM-67
blaNDM-68,blaNDM,blaNDM-68
blaNDM-69,blaNDM,blaNDM-69
blaNDM-7,blaNDM,blaNDM-7
blaNDM-70,blaNDM,blaNDM-70
blaNDM-71,blaNDM,blaNDM-71
blaNDM-72,blaNDM,blaNDM-72
blaNDM-73,blaNDM,blaNDM-73
blaNDM-74,blaNDM,blaNDM-74
blaNDM-75,blaNDM,blaNDM-75
blaNDM-76,blaNDM,blaNDM-76
blaNDM-77,blaNDM,blaNDM-77
blaNDM-78,blaNDM,blaNDM-78
blaNDM-79,blaNDM,blaNDM-79
blaNDM-8,blaNDM,blaNDM-8
blaNDM-80,blaNDM,blaNDM-80
blaNDM-81,blaNDM,blaNDM-81
blaNDM-82,blaNDM,blaNDM-82
blaNDM-83,blaNDM,blaNDM-83
blaNDM-84,blaNDM,blaNDM-84
blaNDM-85,blaNDM,blaNDM-85
blaNDM-86,blaNDM,blaNDM-86
blaNDM-87,blaNDM,blaNDM-87
blaNDM-88,blaNDM,blaNDM-88
blaNDM-89,blaNDM,blaNDM-89
blaNDM-9,blaNDM,blaNDM-9
blaNDM-90,blaNDM,blaNDM-90
blaNDM-91,blaNDM,blaNDM-91
blaNDM-92,blaNDM,blaNDM-92
blaNDM-93,blaNDM,blaNDM-93
blaNDM-94,blaNDM,blaNDM-94
blaNDM-95,blaNDM,blaNDM-95
blaNDM-96,blaNDM,blaNDM-96
blaNDM-97,blaNDM,blaNDM-97
blaNDM-98,blaNDM,blaNDM-98
blaNDM-99,blaNDM,blaNDM-99
blaNMC-A,blaIMI,blaNMC-A
blaNPS,blaLCR_NPS,blaNPS
blaNPS-1,blaNPS,blaNPS-1
blaNWM,bla-B3,blaNWM
blaNWM-1,blaNWM,blaNWM-1
blaOCH,bla-C,blaOCH
blaOCH-1,blaOCH,blaOCH-1
blaOCH-10,blaOCH,blaOCH-10
blaOCH-11,blaOCH,blaOCH-11
blaOCH-12,blaOCH,blaOCH-12
blaOCH-13,blaOCH,blaOCH-13
blaOCH-14,blaOCH,blaOCH-14
blaOCH-15,blaOCH,blaOCH-15
blaOCH-16,blaOCH,blaOCH-16
blaOCH-2,blaOCH,blaOCH-2
blaOCH-3,blaOCH,blaOCH-3
blaOCH-4,blaOCH,blaOCH-4
blaOCH-5,blaOCH,blaOCH-5
blaOCH-6,blaOCH,blaOCH-6
blaOCH-7,blaOCH,blaOCH-7
blaOCH-8,blaOCH,blaOCH-8
blaOCH-9,blaOCH,blaOCH-9
blaOHIO,blaSHV-LEN,blaOHIO
blaOHIO-1,blaOHIO,blaOHIO-1
blaOKP,blaSHV-LEN,blaOKP
blaOKP-A,blaOKP,blaOKP-A
blaOKP-A-1,blaOKP-A,blaOKP-A-1
blaOKP-A-10,blaOKP-A,blaOKP-A-10
blaOKP-A-100,blaOKP-A,blaOKP-A-100
blaOKP-A-101,blaOKP-A,blaOKP-A-101
blaOKP-A-102,blaOKP-A,blaOKP-A-102
blaOKP-A-103,blaOKP-A,blaOKP-A-103
blaOKP-A-104,blaOKP-A,blaOKP-A-104
blaOKP-A-105,blaOKP-A,blaOKP-A-105
blaOKP-A-106,blaOKP-A,blaOKP-A-106
blaOKP-A-107,blaOKP-A,blaOKP-A-107
blaOKP-A-108,blaOKP-A,blaOKP-A-108
blaOKP-A-109,blaOKP-A,blaOKP-A-109
blaOKP-A-11,blaOKP-A,blaOKP-A-11
blaOKP-A-110,blaOKP-A,blaOKP-A-110
blaOKP-A-111,blaOKP-A,blaOKP-A-111
blaOKP-A-112,blaOKP-A,blaOKP-A-112
blaOKP-A-113,blaOKP-A,blaOKP-A-113
blaOKP-A-114,blaOKP-A,blaOKP-A-114
blaOKP-A-115,blaOKP-A,blaOKP-A-115
blaOKP-A-116,blaOKP-A,blaOKP-A-116
blaOKP-A-117,blaOKP-A,blaOKP-A-117
blaOKP-A-12,blaOKP-A,blaOKP-A-12
blaOKP-A-13,blaOKP-A,blaOKP-A-13
blaOKP-A-14,blaOKP-A,blaOKP-A-14
blaOKP-A-15,blaOKP-A,blaOKP-A-15
blaOKP-A-16,blaOKP-A,blaOKP-A-16
blaOKP-A-17,blaOKP-A,blaOKP-A-17
blaOKP-A-18,blaOKP-A,blaOKP-A-18
blaOKP-A-19,blaOKP-A,blaOKP-A-19
blaOKP-A-2,blaOKP-A,blaOKP-A-2
blaOKP-A-20,blaOKP-A,blaOKP-A-20
blaOKP-A-21,blaOKP-A,blaOKP-A-21
blaOKP-A-22,blaOKP-A,blaOKP-A-22
blaOKP-A-23,blaOKP-A,blaOKP-A-23
blaOKP-A-24,blaOKP-A,blaOKP-A-24
blaOKP-A-25,blaOKP-A,blaOKP-A-25
blaOKP-A-26,blaOKP-A,blaOKP-A-26
blaOKP-A-27,blaOKP-A,blaOKP-A-27
blaOKP-A-28,blaOKP-A,blaOKP-A-28
blaOKP-A-29,blaOKP-A,blaOKP-A-29
blaOKP-A-3,blaOKP-A,blaOKP-A-3
blaOKP-A-30,blaOKP-A,blaOKP-A-30
blaOKP-A-31,blaOKP-A,blaOKP-A-31
blaOKP-A-32,blaOKP-A,blaOKP-A-32
blaOKP-A-33,blaOKP-A,blaOKP-A-33
blaOKP-A-34,blaOKP-A,blaOKP-A-34
blaOKP-A-35,blaOKP-A,blaOKP-A-35
blaOKP-A-36,blaOKP-A,blaOKP-A-36
blaOKP-A-37,blaOKP-A,blaOKP-A-37
blaOKP-A-38,blaOKP-A,blaOKP-A-38
blaOKP-A-39,blaOKP-A,blaOKP-A-39
blaOKP-A-4,blaOKP-A,blaOKP-A-4
blaOKP-A-40,blaOKP-A,blaOKP-A-40
blaOKP-A-41,blaOKP-A,blaOKP-A-41
blaOKP-A-42,blaOKP-A,blaOKP-A-42
blaOKP-A-43,blaOKP-A,blaOKP-A-43
blaOKP-A-44,blaOKP-A,blaOKP-A-44
blaOKP-A-45,blaOKP-A,blaOKP-A-45
blaOKP-A-46,blaOKP-A,blaOKP-A-46
blaOKP-A-47,blaOKP-A,blaOKP-A-47
blaOKP-A-48,blaOKP-A,blaOKP-A-48
blaOKP-A-49,blaOKP-A,blaOKP-A-49
blaOKP-A-5,blaOKP-A,blaOKP-A-5
blaOKP-A-50,blaOKP-A,blaOKP-A-50
blaOKP-A-51,blaOKP-A,blaOKP-A-51
blaOKP-A-52,blaOKP-A,blaOKP-A-52
blaOKP-A-53,blaOKP-A,blaOKP-A-53
blaOKP-A-54,blaOKP-A,blaOKP-A-54
blaOKP-A-55,blaOKP-A,blaOKP-A-55
blaOKP-A-56,blaOKP-A,blaOKP-A-56
blaOKP-A-57,blaOKP-A,blaOKP-A-57
blaOKP-A-58,blaOKP-A,blaOKP-A-58
blaOKP-A-59,blaOKP-A,blaOKP-A-59
blaOKP-A-6,blaOKP-A,blaOKP-A-6
blaOKP-A-60,blaOKP-A,blaOKP-A-60
blaOKP-A-61,blaOKP-A,blaOKP-A-61
blaOKP-A-62,blaOKP-A,blaOKP-A-62
blaOKP-A-63,blaOKP-A,blaOKP-A-63
blaOKP-A-64,blaOKP-A,blaOKP-A-64
blaOKP-A-65,blaOKP-A,blaOKP-A-65
blaOKP-A-66,blaOKP-A,blaOKP-A-66
blaOKP-A-67,blaOKP-A,blaOKP-A-67
blaOKP-A-68,blaOKP-A,blaOKP-A-68
blaOKP-A-69,blaOKP-A,blaOKP-A-69
blaOKP-A-7,blaOKP-A,blaOKP-A-7
blaOKP-A-70,blaOKP-A,blaOKP-A-70
blaOKP-A-71,blaOKP-A,blaOKP-A-71
blaOKP-A-72,blaOKP-A,blaOKP-A-72
blaOKP-A-73,blaOKP-A,blaOKP-A-73
blaOKP-A-74,blaOKP-A,blaOKP-A-74
blaOKP-A-75,blaOKP-A,blaOKP-A-75
blaOKP-A-76,blaOKP-A,blaOKP-A-76
blaOKP-A-77,blaOKP-A,blaOKP-A-77
blaOKP-A-78,blaOKP-A,blaOKP-A-78
blaOKP-A-79,blaOKP-A,blaOKP-A-79
blaOKP-A-8,blaOKP-A,blaOKP-A-8
blaOKP-A-80,blaOKP-A,blaOKP-A-80
blaOKP-A-81,blaOKP-A,blaOKP-A-81
blaOKP-A-82,blaOKP-A,blaOKP-A-82
blaOKP-A-83,blaOKP-A,blaOKP-A-83
blaOKP-A-84,blaOKP-A,blaOKP-A-84
blaOKP-A-85,blaOKP-A,blaOKP-A-85
blaOKP-A-86,blaOKP-A,blaOKP-A-86
blaOKP-A-87,blaOKP-A,blaOKP-A-87
blaOKP-A-88,blaOKP-A,blaOKP-A-88
blaOKP-A-89,blaOKP-A,blaOKP-A-89
blaOKP-A-9,blaOKP-A,blaOKP-A-9
blaOKP-A-90,blaOKP-A,blaOKP-A-90
blaOKP-A-92,blaOKP-A,blaOKP-A-92
blaOKP-A-93,blaOKP-A,blaOKP-A-93
blaOKP-A-94,blaOKP-A,blaOKP-A-94
blaOKP-A-95,blaOKP-A,blaOKP-A-95
blaOKP-A-96,blaOKP-A,blaOKP-A-96
blaOKP-A-97,blaOKP-A,blaOKP-A-97
blaOKP-A-98,blaOKP-A,blaOKP-A-98
blaOKP-A-99,blaOKP-A,blaOKP-A-99
blaOKP-B,blaOKP,blaOKP-B
blaOKP-B-1,blaOKP-B,blaOKP-B-1
blaOKP-B-10,blaOKP-B,blaOKP-B-10
blaOKP-B-100,blaOKP-B,blaOKP-B-100
blaOKP-B-101,blaOKP-B,blaOKP-B-101
blaOKP-B-102,blaOKP-B,blaOKP-B-102
blaOKP-B-103,blaOKP-B,blaOKP-B-103
blaOKP-B-104,blaOKP-B,blaOKP-B-104
blaOKP-B-105,blaOKP-B,blaOKP-B-105
blaOKP-B-106,blaOKP-B,blaOKP-B-106
blaOKP-B-107,blaOKP-B,blaOKP-B-107
blaOKP-B-108,blaOKP-B,blaOKP-B-108
blaOKP-B-109,blaOKP-B,blaOKP-B-109
blaOKP-B-11,blaOKP-B,blaOKP-B-11
blaOKP-B-110,blaOKP-B,blaOKP-B-110
blaOKP-B-111,blaOKP-B,blaOKP-B-111
blaOKP-B-112,blaOKP-B,blaOKP-B-112
blaOKP-B-113,blaOKP-B,blaOKP-B-113
blaOKP-B-114,blaOKP-B,blaOKP-B-114
blaOKP-B-115,blaOKP-B,blaOKP-B-115
blaOKP-B-116,blaOKP-B,blaOKP-B-116
blaOKP-B-117,blaOKP-B,blaOKP-B-117
blaOKP-B-118,blaOKP-B,blaOKP-B-118
blaOKP-B-119,blaOKP-B,blaOKP-B-119
blaOKP-B-12,blaOKP-B,blaOKP-B-12
blaOKP-B-120,blaOKP-B,blaOKP-B-120
blaOKP-B-121,blaOKP-B,blaOKP-B-121
blaOKP-B-122,blaOKP-B,blaOKP-B-122
blaOKP-B-123,blaOKP-B,blaOKP-B-123
blaOKP-B-124,blaOKP-B,blaOKP-B-124
blaOKP-B-125,blaOKP-B,blaOKP-B-125
blaOKP-B-126,blaOKP-B,blaOKP-B-126
blaOKP-B-127,blaOKP-B,blaOKP-B-127
blaOKP-B-128,blaOKP-B,blaOKP-B-128
blaOKP-B-129,blaOKP-B,blaOKP-B-129
blaOKP-B-13,blaOKP-B,blaOKP-B-13
blaOKP-B-130,blaOKP-B,blaOKP-B-130
blaOKP-B-131,blaOKP-B,blaOKP-B-131
blaOKP-B-132,blaOKP-B,blaOKP-B-132
blaOKP-B-133,blaOKP-B,blaOKP-B-133
blaOKP-B-134,blaOKP-B,blaOKP-B-134
blaOKP-B-135,blaOKP-B,blaOKP-B-135
blaOKP-B-136,blaOKP-B,blaOKP-B-136
blaOKP-B-137,blaOKP-B,blaOKP-B-137
blaOKP-B-138,blaOKP-B,blaOKP-B-138
blaOKP-B-139,blaOKP-B,blaOKP-B-139
blaOKP-B-140,blaOKP-B,blaOKP-B-140
blaOKP-B-141,blaOKP-B,blaOKP-B-141
blaOKP-B-142,blaOKP-B,blaOKP-B-142
blaOKP-B-143,blaOKP-B,blaOKP-B-143
blaOKP-B-144,blaOKP-B,blaOKP-B-144
blaOKP-B-145,blaOKP-B,blaOKP-B-145
blaOKP-B-146,blaOKP-B,blaOKP-B-146
blaOKP-B-147,blaOKP-B,blaOKP-B-147
blaOKP-B-148,blaOKP-B,blaOKP-B-148
blaOKP-B-149,blaOKP-B,blaOKP-B-149
blaOKP-B-15,blaOKP-B,blaOKP-B-15
blaOKP-B-150,blaOKP-B,blaOKP-B-150
blaOKP-B-151,blaOKP-B,blaOKP-B-151
blaOKP-B-152,blaOKP-B,blaOKP-B-152
blaOKP-B-153,blaOKP-B,blaOKP-B-153
blaOKP-B-154,blaOKP-B,blaOKP-B-154
blaOKP-B-155,blaOKP-B,blaOKP-B-155
blaOKP-B-156,blaOKP-B,blaOKP-B-156
blaOKP-B-157,blaOKP-B,blaOKP-B-157
blaOKP-B-159,blaOKP-B,blaOKP-B-159
blaOKP-B-16,blaOKP-B,blaOKP-B-16
blaOKP-B-160,blaOKP-B,blaOKP-B-160
blaOKP-B-161,blaOKP-B,blaOKP-B-161
blaOKP-B-162,blaOKP-B,blaOKP-B-162
blaOKP-B-163,blaOKP-B,blaOKP-B-163
blaOKP-B-164,blaOKP-B,blaOKP-B-164
blaOKP-B-165,blaOKP-B,blaOKP-B-165
blaOKP-B-166,blaOKP-B,blaOKP-B-166
blaOKP-B-167,blaOKP-B,blaOKP-B-167
blaOKP-B-168,blaOKP-B,blaOKP-B-168
blaOKP-B-169,blaOKP-B,blaOKP-B-169
blaOKP-B-17,blaOKP-B,blaOKP-B-17
blaOKP-B-170,blaOKP-B,blaOKP-B-170
blaOKP-B-171,blaOKP-B,blaOKP-B-171
blaOKP-B-172,blaOKP-B,blaOKP-B-172
blaOKP-B-173,blaOKP-B,blaOKP-B-173
blaOKP-B-174,blaOKP-B,blaOKP-B-174
blaOKP-B-175,blaOKP-B,blaOKP-B-175
blaOKP-B-176,blaOKP-B,blaOKP-B-176
blaOKP-B-177,blaOKP-B,blaOKP-B-177
blaOKP-B-178,blaOKP-B,blaOKP-B-178
blaOKP-B-179,blaOKP-B,blaOKP-B-179
blaOKP-B-18,blaOKP-B,blaOKP-B-18
blaOKP-B-180,blaOKP-B,blaOKP-B-180
blaOKP-B-181,blaOKP-B,blaOKP-B-181
blaOKP-B-182,blaOKP-B,blaOKP-B-182
blaOKP-B-183,blaOKP-B,blaOKP-B-183
blaOKP-B-184,blaOKP-B,blaOKP-B-184
blaOKP-B-185,blaOKP-B,blaOKP-B-185
blaOKP-B-186,blaOKP-B,blaOKP-B-186
blaOKP-B-187,blaOKP-B,blaOKP-B-187
blaOKP-B-188,blaOKP-B,blaOKP-B-188
blaOKP-B-189,blaOKP-B,blaOKP-B-189
blaOKP-B-19,blaOKP-B,blaOKP-B-19
blaOKP-B-190,blaOKP-B,blaOKP-B-190
blaOKP-B-191,blaOKP-B,blaOKP-B-191
blaOKP-B-192,blaOKP-B,blaOKP-B-192
blaOKP-B-193,blaOKP-B,blaOKP-B-193
blaOKP-B-194,blaOKP-B,blaOKP-B-194
blaOKP-B-195,blaOKP-B,blaOKP-B-195
blaOKP-B-196,blaOKP-B,blaOKP-B-196
blaOKP-B-197,blaOKP-B,blaOKP-B-197
blaOKP-B-198,blaOKP-B,blaOKP-B-198
blaOKP-B-199,blaOKP-B,blaOKP-B-199
blaOKP-B-2,blaOKP-B,blaOKP-B-2
blaOKP-B-20,blaOKP-B,blaOKP-B-20
blaOKP-B-200,blaOKP-B,blaOKP-B-200
blaOKP-B-201,blaOKP-B,blaOKP-B-201
blaOKP-B-21,blaOKP-B,blaOKP-B-21
blaOKP-B-22,blaOKP-B,blaOKP-B-22
blaOKP-B-23,blaOKP-B,blaOKP-B-23
blaOKP-B-24,blaOKP-B,blaOKP-B-24
blaOKP-B-25,blaOKP-B,blaOKP-B-25
blaOKP-B-27,blaOKP-B,blaOKP-B-27
blaOKP-B-28,blaOKP-B,blaOKP-B-28
blaOKP-B-29,blaOKP-B,blaOKP-B-29
blaOKP-B-3,blaOKP-B,blaOKP-B-3
blaOKP-B-30,blaOKP-B,blaOKP-B-30
blaOKP-B-31,blaOKP-B,blaOKP-B-31
blaOKP-B-32,blaOKP-B,blaOKP-B-32
blaOKP-B-33,blaOKP-B,blaOKP-B-33
blaOKP-B-34,blaOKP-B,blaOKP-B-34
blaOKP-B-35,blaOKP-B,blaOKP-B-35
blaOKP-B-36,blaOKP-B,blaOKP-B-36
blaOKP-B-37,blaOKP-B,blaOKP-B-37
blaOKP-B-38,blaOKP-B,blaOKP-B-38
blaOKP-B-39,blaOKP-B,blaOKP-B-39
blaOKP-B-4,blaOKP-B,blaOKP-B-4
blaOKP-B-40,blaOKP-B,blaOKP-B-40
blaOKP-B-41,blaOKP-B,blaOKP-B-41
blaOKP-B-42,blaOKP-B,blaOKP-B-42
blaOKP-B-43,blaOKP-B,blaOKP-B-43
blaOKP-B-44,blaOKP-B,blaOKP-B-44
blaOKP-B-45,blaOKP-B,blaOKP-B-45
blaOKP-B-46,blaOKP-B,blaOKP-B-46
blaOKP-B-47,blaOKP-B,blaOKP-B-47
blaOKP-B-48,blaOKP-B,blaOKP-B-48
blaOKP-B-49,blaOKP-B,blaOKP-B-49
blaOKP-B-5,blaOKP-B,blaOKP-B-5
blaOKP-B-50,blaOKP-B,blaOKP-B-50
blaOKP-B-51,blaOKP-B,blaOKP-B-51
blaOKP-B-52,blaOKP-B,blaOKP-B-52
blaOKP-B-53,blaOKP-B,blaOKP-B-53
blaOKP-B-54,blaOKP-B,blaOKP-B-54
blaOKP-B-55,blaOKP-B,blaOKP-B-55
blaOKP-B-57,blaOKP-B,blaOKP-B-57
blaOKP-B-58,blaOKP-B,blaOKP-B-58
blaOKP-B-6,blaOKP-B,blaOKP-B-6
blaOKP-B-60,blaOKP-B,blaOKP-B-60
blaOKP-B-61,blaOKP-B,blaOKP-B-61
blaOKP-B-62,blaOKP-B,blaOKP-B-62
blaOKP-B-63,blaOKP-B,blaOKP-B-63
blaOKP-B-64,blaOKP-B,blaOKP-B-64
blaOKP-B-65,blaOKP-B,blaOKP-B-65
blaOKP-B-66,blaOKP-B,blaOKP-B-66
blaOKP-B-67,blaOKP-B,blaOKP-B-67
blaOKP-B-68,blaOKP-B,blaOKP-B-68
blaOKP-B-69,blaOKP-B,blaOKP-B-69
blaOKP-B-7,blaOKP-B,blaOKP-B-7
blaOKP-B-70,blaOKP-B,blaOKP-B-70
blaOKP-B-71,blaOKP-B,blaOKP-B-71
blaOKP-B-72,blaOKP-B,blaOKP-B-72
blaOKP-B-73,blaOKP-B,blaOKP-B-73
blaOKP-B-74,blaOKP-B,blaOKP-B-74
blaOKP-B-75,blaOKP-B,blaOKP-B-75
blaOKP-B-76,blaOKP-B,blaOKP-B-76
blaOKP-B-77,blaOKP-B,blaOKP-B-77
blaOKP-B-78,blaOKP-B,blaOKP-B-78
blaOKP-B-79,blaOKP-B,blaOKP-B-79
blaOKP-B-8,blaOKP-B,blaOKP-B-8
blaOKP-B-80,blaOKP-B,blaOKP-B-80
blaOKP-B-81,blaOKP-B,blaOKP-B-81
blaOKP-B-82,blaOKP-B,blaOKP-B-82
blaOKP-B-83,blaOKP-B,blaOKP-B-83
blaOKP-B-84,blaOKP-B,blaOKP-B-84
blaOKP-B-85,blaOKP-B,blaOKP-B-85
blaOKP-B-86,blaOKP-B,blaOKP-B-86
blaOKP-B-87,blaOKP-B,blaOKP-B-87
blaOKP-B-88,blaOKP-B,blaOKP-B-88
blaOKP-B-89,blaOKP-B,blaOKP-B-89
blaOKP-B-9,blaOKP-B,blaOKP-B-9
blaOKP-B-90,blaOKP-B,blaOKP-B-90
blaOKP-B-91,blaOKP-B,blaOKP-B-91
blaOKP-B-92,blaOKP-B,blaOKP-B-92
blaOKP-B-93,blaOKP-B,blaOKP-B-93
blaOKP-B-94,blaOKP-B,blaOKP-B-94
blaOKP-B-95,blaOKP-B,blaOKP-B-95
blaOKP-B-96,blaOKP-B,blaOKP-B-96
blaOKP-B-97,blaOKP-B,blaOKP-B-97
blaOKP-B-98,blaOKP-B,blaOKP-B-98
blaOKP-B-99,blaOKP-B,blaOKP-B-99
blaOKP-C,blaSHV-LEN,blaOKP-C
blaOKP-C-1,blaOKP-C,blaOKP-C-1
blaOKP-D,blaSHV-LEN,blaOKP-D
blaOKP-D-1,blaOKP-D,blaOKP-D-1
blaOKP-D-2,blaOKP-D,blaOKP-D-2
blaOKP-D-3,blaOKP-D,blaOKP-D-3
blaOKP-D-4,blaOKP-D,blaOKP-D-4
blaOKP-D-5,blaOKP-D,blaOKP-D-5
blaOKP-D-6,blaOKP-D,blaOKP-D-6
blaOKP-D-7,blaOKP-D,blaOKP-D-7
blaOKP-D-8,blaOKP-D,blaOKP-D-8
blaORN,blaPLA-ORN-TER,blaORN
blaORN-1,blaORN,blaORN-1
blaORN-2,blaORN,blaORN-2
blaORN-3,blaORN,blaORN-3
blaORN-4,blaORN,blaORN-4
blaORN-5,blaORN,blaORN-5
blaORN-6,blaORN,blaORN-6
blaORR,bla-B1,blaORR
blaORR-1,blaORR,blaORR-1
blaOXA,bla-D,blaOXA
blaOXA-1,blaOXA-1_fam,blaOXA-1
blaOXA-10,blaOXA-10_fam,blaOXA-10
blaOXA-100,blaOXA-51_fam,blaOXA-100
blaOXA-1000,blaOXA-213_fam,blaOXA-1000
blaOXA-1001,blaOXA-229_fam,blaOXA-1001
blaOXA-1002,blaOXA-213_fam,blaOXA-1002
blaOXA-1003,blaOXA-213_fam,blaOXA-1003
blaOXA-1004,blaOXA-294_fam,blaOXA-1004
blaOXA-1005,blaOXA-134_fam,blaOXA-1005
blaOXA-1006,blaOXA,blaOXA-1006
blaOXA-1007,blaOXA-213_fam,blaOXA-1007
blaOXA-1008,blaOXA-213_fam,blaOXA-1008
blaOXA-1009,blaOXA-213_fam,blaOXA-1009
blaOXA-101,blaOXA-10_fam,blaOXA-101
blaOXA-1010,blaOXA-213_fam,blaOXA-1010
blaOXA-1011,blaOXA-732_fam,blaOXA-1011
blaOXA-1012,blaOXA-48_fam,blaOXA-1012
blaOXA-1013,blaOXA-51_fam,blaOXA-1013
blaOXA-1014,blaOXA-50_fam,blaOXA-1014
blaOXA-1015,blaOXA-10_fam,blaOXA-1015
blaOXA-1016,blaOXA-372_fam,blaOXA-1016
blaOXA-1017,blaOXA-2_fam,blaOXA-1017
blaOXA-1018,blaOXA-50_fam,blaOXA-1018
blaOXA-1019,blaOXA-50_fam,blaOXA-1019
blaOXA-1020,blaOXA-50_fam,blaOXA-1020
blaOXA-1021,blaOXA-50_fam,blaOXA-1021
blaOXA-1022,blaOXA-50_fam,blaOXA-1022
blaOXA-1023,blaOXA-50_fam,blaOXA-1023
blaOXA-1024,blaOXA-50_fam,blaOXA-1024
blaOXA-1025,blaOXA-50_fam,blaOXA-1025
blaOXA-1026,blaOXA-50_fam,blaOXA-1026
blaOXA-1027,blaOXA-50_fam,blaOXA-1027
blaOXA-1028,blaOXA-50_fam,blaOXA-1028
blaOXA-1029,blaOXA-50_fam,blaOXA-1029
blaOXA-103,blaOXA-23_fam,blaOXA-103
blaOXA-1030,blaOXA-50_fam,blaOXA-1030
blaOXA-1031,blaOXA-50_fam,blaOXA-1031
blaOXA-1032,blaOXA-50_fam,blaOXA-1032
blaOXA-1033,blaOXA-50_fam,blaOXA-1033
blaOXA-1034,blaOXA-50_fam,blaOXA-1034
blaOXA-1035,blaOXA-50_fam,blaOXA-1035
blaOXA-1036,blaOXA-1036_fam,blaOXA-1036
blaOXA-1036_fam,blaOXA,blaOXA
blaOXA-1037,blaOXA-PR,blaOXA-1037
blaOXA-1038,blaOXA-48_fam,blaOXA-1038
blaOXA-1039,blaOXA-48_fam,blaOXA-1039
blaOXA-104,blaOXA-51_fam,blaOXA-104
blaOXA-1040,blaOXA-24_fam,blaOXA-1040
blaOXA-1041,blaOXA-PR,blaOXA-1041
blaOXA-1042,blaOXA-1_fam,blaOXA-1042
blaOXA-1043,blaOXA-1043_fam,blaOXA-1043
blaOXA-1043_fam,blaOXA-PR,blaOXA
blaOXA-1044,blaOXA-211_fam,blaOXA-1044
blaOXA-1045,blaOXA-213_fam,blaOXA-1045
blaOXA-1046,blaOXA-10_fam,blaOXA-1046
blaOXA-1047,blaOXA-51_fam,blaOXA-1047
blaOXA-1048,blaOXA-51_fam,blaOXA-1048
blaOXA-1049,blaOXA-2_fam,blaOXA-1049
blaOXA-105,blaOXA-23_fam,blaOXA-105
blaOXA-1050,blaOXA-213_fam,blaOXA-1050
blaOXA-1051,blaOXA-679_fam,blaOXA-1051
blaOXA-1052,blaOXA-229_fam,blaOXA-1052
blaOXA-1053,blaOXA-10_fam,blaOXA-1053
blaOXA-1054,blaOXA-372_fam,blaOXA-1054
blaOXA-1055,blaOXA-48_fam,blaOXA-1055
blaOXA-1056,blaOXA-198_fam,blaOXA-1056
blaOXA-1057,blaOXA-198_fam,blaOXA-1057
blaOXA-1058,blaOXA-51_fam,blaOXA-1058
blaOXA-1059,blaOXA-51_fam,blaOXA-1059
blaOXA-106,blaOXA-51_fam,blaOXA-106
blaOXA-1060,blaOXA-51_fam,blaOXA-1060
blaOXA-1061,blaOXA-51_fam,blaOXA-1061
blaOXA-1062,blaOXA-51_fam,blaOXA-1062
blaOXA-1063,blaOXA-51_fam,blaOXA-1063
blaOXA-1064,blaOXA-51_fam,blaOXA-1064
blaOXA-1065,blaOXA-51_fam,blaOXA-1065
blaOXA-1066,blaOXA-51_fam,blaOXA-1066
blaOXA-1067,blaOXA-51_fam,blaOXA-1067
blaOXA-1068,blaOXA-51_fam,blaOXA-1068
blaOXA-1069,blaOXA-51_fam,blaOXA-1069
blaOXA-107,blaOXA-51_fam,blaOXA-107
blaOXA-1070,blaOXA-51_fam,blaOXA-1070
blaOXA-1071,blaOXA-51_fam,blaOXA-1071
blaOXA-1072,blaOXA-51_fam,blaOXA-1072
blaOXA-1073,blaOXA-51_fam,blaOXA-1073
blaOXA-1074,blaOXA-51_fam,blaOXA-1074
blaOXA-1075,blaOXA-51_fam,blaOXA-1075
blaOXA-1076,blaOXA-51_fam,blaOXA-1076
blaOXA-1077,blaOXA-51_fam,blaOXA-1077
blaOXA-1078,blaOXA-51_fam,blaOXA-1078
blaOXA-1079,blaOXA-51_fam,blaOXA-1079
blaOXA-108,blaOXA-51_fam,blaOXA-108
blaOXA-1080,blaOXA-51_fam,blaOXA-1080
blaOXA-1081,blaOXA-24_fam,blaOXA-1081
blaOXA-1082,blaOXA-2_fam,blaOXA-1082
blaOXA-1083,blaOXA-2_fam,blaOXA-1083
blaOXA-1084,blaOXA-2_fam,blaOXA-1084
blaOXA-1085,blaOXA-2_fam,blaOXA-1085
blaOXA-1086,blaOXA-10_fam,blaOXA-1086
blaOXA-1087,blaOXA-10_fam,blaOXA-1087
blaOXA-1088,blaOXA-10_fam,blaOXA-1088
blaOXA-1089,blaOXA-1089_fam,blaOXA-1089
blaOXA-1089_fam,blaOXA,blaOXA
blaOXA-109,blaOXA-51_fam,blaOXA-109
blaOXA-1090,blaOXA-VL06,blaOXA-1090
blaOXA-1091,blaOXA-1091_fam,blaOXA-1091
blaOXA-1091_fam,blaOXA,blaOXA
blaOXA-1092,blaOXA-51_fam,blaOXA-1092
blaOXA-1093,blaOXA-51_fam,blaOXA-1093
blaOXA-1094,blaOXA-51_fam,blaOXA-1094
blaOXA-1095,blaOXA-23_fam,blaOXA-1095
blaOXA-1096,blaOXA-51_fam,blaOXA-1096
blaOXA-1097,blaOXA-51_fam,blaOXA-1097
blaOXA-1098,blaOXA-51_fam,blaOXA-1098
blaOXA-1099,blaOXA-63_fam,blaOXA-1099
blaOXA-10_fam,blaOXA,blaOXA
blaOXA-11,blaOXA-10_fam,blaOXA-11
blaOXA-110,blaOXA-51_fam,blaOXA-110
blaOXA-1100,blaOXA-63_fam,blaOXA-1100
blaOXA-1101,blaOXA-63_fam,blaOXA-1101
blaOXA-1102,blaOXA-63_fam,blaOXA-1102
blaOXA-1103,blaOXA-63_fam,blaOXA-1103
blaOXA-1104,blaOXA-63_fam,blaOXA-1104
blaOXA-1105,blaOXA-63_fam,blaOXA-1105
blaOXA-1106,blaOXA-63_fam,blaOXA-1106
blaOXA-1107,blaOXA-63_fam,blaOXA-1107
blaOXA-1108,blaOXA,blaOXA-1108
blaOXA-1109,blaOXA-51_fam,blaOXA-1109
blaOXA-111,blaOXA-51_fam,blaOXA-111
blaOXA-1110,blaOXA-134_fam,blaOXA-1110
blaOXA-1111,blaOXA-134_fam,blaOXA-1111
blaOXA-1112,blaOXA-134_fam,blaOXA-1112
blaOXA-1113,blaOXA-213_fam,blaOXA-1113
blaOXA-1114,blaOXA-213_fam,blaOXA-1114
blaOXA-1115,blaOXA-213_fam,blaOXA-1115
blaOXA-1116,blaOXA-134_fam,blaOXA-1116
blaOXA-1117,blaOXA-51_fam,blaOXA-1117
blaOXA-1118,blaOXA-51_fam,blaOXA-1118
blaOXA-1119,blaOXA-48_fam,blaOXA-1119
blaOXA-112,blaOXA-51_fam,blaOXA-112
blaOXA-1120,blaOXA-10_fam,blaOXA-1120
blaOXA-1121,blaOXA-51_fam,blaOXA-1121
blaOXA-1122,blaOXA-51_fam,blaOXA-1122
blaOXA-1123,blaOXA-51_fam,blaOXA-1123
blaOXA-1124,blaOXA-50_fam,blaOXA-1124
blaOXA-1125,blaOXA-50_fam,blaOXA-1125
blaOXA-1126,blaOXA-50_fam,blaOXA-1126
blaOXA-1127,blaOXA-50_fam,blaOXA-1127
blaOXA-1128,blaOXA-50_fam,blaOXA-1128
blaOXA-1129,blaOXA-50_fam,blaOXA-1129
blaOXA-113,blaOXA-51_fam,blaOXA-113
blaOXA-1130,blaOXA-50_fam,blaOXA-1130
blaOXA-1131,blaOXA-50_fam,blaOXA-1131
blaOXA-1132,blaOXA-50_fam,blaOXA-1132
blaOXA-1133,blaOXA-50_fam,blaOXA-1133
blaOXA-1134,blaOXA-50_fam,blaOXA-1134
blaOXA-1135,blaOXA-50_fam,blaOXA-1135
blaOXA-1136,blaOXA-2_fam,blaOXA-1136
blaOXA-1137,blaOXA-213_fam,blaOXA-1137
blaOXA-1138,blaOXA-213_fam,blaOXA-1138
blaOXA-1139,blaOXA-143_fam,blaOXA-1139
blaOXA-1140,blaOXA-50_fam,blaOXA-1140
blaOXA-1141,blaOXA-10_fam,blaOXA-1141
blaOXA-1142,blaOXA-1043_fam,blaOXA-1142
blaOXA-1143,blaOXA-PR,blaOXA-1143
blaOXA-1144,blaOXA-229_fam,blaOXA-1144
blaOXA-1145,blaOXA-286_fam,blaOXA-1145
blaOXA-1146,blaOXA-48_fam,blaOXA-1146
blaOXA-1147,blaOXA-10_fam,blaOXA-1147
blaOXA-1148,blaOXA-10_fam,blaOXA-1148
blaOXA-1149,blaOXA-62_fam,blaOXA-1149
blaOXA-114_fam,blaOXA-PR,blaOXA
blaOXA-114a,blaOXA-114_fam,blaOXA-114a
blaOXA-114b,blaOXA-114_fam,blaOXA-114b
blaOXA-114c,blaOXA-114_fam,blaOXA-114c
blaOXA-114d,blaOXA-114_fam,blaOXA-114d
blaOXA-114e,blaOXA-114_fam,blaOXA-114e
blaOXA-114f,blaOXA-114_fam,blaOXA-114f
blaOXA-114g,blaOXA-114_fam,blaOXA-114g
blaOXA-114h,blaOXA-114_fam,blaOXA-114h
blaOXA-114i,blaOXA-114_fam,blaOXA-114i
blaOXA-114j,blaOXA-114_fam,blaOXA-114j
blaOXA-114k,blaOXA-114_fam,blaOXA-114k
blaOXA-114l,blaOXA-114_fam,blaOXA-114l
blaOXA-114m,blaOXA-114_fam,blaOXA-114m
blaOXA-114n,blaOXA-114_fam,blaOXA-114n
blaOXA-114p,blaOXA-114_fam,blaOXA-114p
blaOXA-114q,blaOXA-114_fam,blaOXA-114q
blaOXA-114r,blaOXA-114_fam,blaOXA-114r
blaOXA-114s,blaOXA-114_fam,blaOXA-114s
blaOXA-114t,blaOXA-114_fam,blaOXA-114t
blaOXA-114u,blaOXA-114_fam,blaOXA-114u
blaOXA-114v,blaOXA-114_fam,blaOXA-114v
blaOXA-114w,blaOXA-114_fam,blaOXA-114w
blaOXA-114x,blaOXA-114_fam,blaOXA-114x
blaOXA-115,blaOXA-51_fam,blaOXA-115
blaOXA-1150,blaOXA-213_fam,blaOXA-1150
blaOXA-1151,blaOXA-213_fam,blaOXA-1151
blaOXA-1152,blaOXA-62_fam,blaOXA-1152
blaOXA-1153,blaOXA-PR,blaOXA-1153
blaOXA-1154,blaOXA-PR,blaOXA-1154
blaOXA-1155,blaOXA-PR,blaOXA-1155
blaOXA-1156,blaOXA-PR,blaOXA-1156
blaOXA-1157,blaOXA-12_fam,blaOXA-1157
blaOXA-1158,blaOXA-PR,blaOXA-1158
blaOXA-1159,blaOXA-PR,blaOXA-1159
blaOXA-1160,blaOXA-PR,blaOXA-1160
blaOXA-1161,blaOXA-PR,blaOXA-1161
blaOXA-1162,blaOXA-12_fam,blaOXA-1162
blaOXA-1163,blaOXA-PR,blaOXA-1163
blaOXA-1164,blaOXA-213_fam,blaOXA-1164
blaOXA-1165,blaOXA-213_fam,blaOXA-1165
blaOXA-1166,blaOXA-213_fam,blaOXA-1166
blaOXA-1167,blaOXA-48_fam,blaOXA-1167
blaOXA-1168,blaOXA-10_fam,blaOXA-1168
blaOXA-1169,blaOXA-10_fam,blaOXA-1169
blaOXA-117,blaOXA-51_fam,blaOXA-117
blaOXA-1170,blaOXA-10_fam,blaOXA-1170
blaOXA-1171,blaOXA-10_fam,blaOXA-1171
blaOXA-1172,blaOXA-2_fam,blaOXA-1172
blaOXA-1173,blaOXA-2_fam,blaOXA-1173
blaOXA-1174,blaOXA-50_fam,blaOXA-1174
blaOXA-1175,blaOXA-10_fam,blaOXA-1175
blaOXA-1176,blaOXA-60_fam,blaOXA-1176
blaOXA-1177,blaOXA-22_fam,blaOXA-1177
blaOXA-1178,blaOXA-58_fam,blaOXA-1178
blaOXA-1179,blaOXA-5_fam,blaOXA-1179
blaOXA-118,blaOXA-46_fam,blaOXA-118
blaOXA-1180,blaOXA,blaOXA-1180
blaOXA-1181,blaOXA-48_fam,blaOXA-1181
blaOXA-1182,blaOXA-143_fam,blaOXA-1182
blaOXA-1183,blaOXA-2_fam,blaOXA-1183
blaOXA-1184,blaOXA-10_fam,blaOXA-1184
blaOXA-1185,blaOXA-213_fam,blaOXA-1185
blaOXA-1186,blaOXA-198_fam,blaOXA-1186
blaOXA-1187,blaOXA-2_fam,blaOXA-1187
blaOXA-1188,blaOXA-50_fam,blaOXA-1188
blaOXA-1189,blaOXA-213_fam,blaOXA-1189
blaOXA-119,blaOXA-46_fam,blaOXA-119
blaOXA-1190,blaOXA-229_fam,blaOXA-1190
blaOXA-1191,blaOXA-229_fam,blaOXA-1191
blaOXA-1192,blaOXA-229_fam,blaOXA-1192
blaOXA-1193,blaOXA-229_fam,blaOXA-1193
blaOXA-1194,blaOXA-229_fam,blaOXA-1194
blaOXA-1195,blaOXA-229_fam,blaOXA-1195
blaOXA-1196,blaOXA-229_fam,blaOXA-1196
blaOXA-1197,blaOXA-229_fam,blaOXA-1197
blaOXA-1198,blaOXA-50_fam,blaOXA-1198
blaOXA-1199,blaOXA-50_fam,blaOXA-1199
blaOXA-12,blaOXA-12_fam,blaOXA-12
blaOXA-120,blaOXA-51_fam,blaOXA-120
blaOXA-1200,blaOXA-48_fam,blaOXA-1200
blaOXA-1201,blaOXA-48_fam,blaOXA-1201
blaOXA-1202,blaOXA-10_fam,blaOXA-1202
blaOXA-1203,blaOXA-10_fam,blaOXA-1203
blaOXA-1204,blaOXA-10_fam,blaOXA-1204
blaOXA-1205,blaOXA-48_fam,blaOXA-1205
blaOXA-1206,blaOXA-1206_fam,blaOXA-1206
blaOXA-1206_fam,bla-D,blaOXA
blaOXA-1207,blaOXA-48_fam,blaOXA-1207
blaOXA-1208,blaOXA-211_fam,blaOXA-1208
blaOXA-1209,blaOXA-427_fam,blaOXA-1209
blaOXA-121,blaOXA-51_fam,blaOXA-121
blaOXA-1210,blaOXA-427_fam,blaOXA-1210
blaOXA-1211,blaOXA-48_fam,blaOXA-1211
blaOXA-1212,blaOXA-48_fam,blaOXA-1212
blaOXA-1213,blaOXA-48_fam,blaOXA-1213
blaOXA-1214,blaOXA-51_fam,blaOXA-1214
blaOXA-1215,blaOXA-286_fam,blaOXA-1215
blaOXA-1216,blaOXA-23_fam,blaOXA-1216
blaOXA-1217,blaOXA-51_fam,blaOXA-1217
blaOXA-1218,blaOXA-51_fam,blaOXA-1218
blaOXA-1219,blaOXA-51_fam,blaOXA-1219
blaOXA-122,blaOXA-51_fam,blaOXA-122
blaOXA-1220,blaOXA-51_fam,blaOXA-1220
blaOXA-1221,blaOXA-23_fam,blaOXA-1221
blaOXA-1222,blaOXA-213_fam,blaOXA-1222
blaOXA-1223,blaOXA-23_fam,blaOXA-1223
blaOXA-1224,blaOXA-213_fam,blaOXA-1224
blaOXA-1225,blaOXA-24_fam,blaOXA-1225
blaOXA-1226,blaOXA-48_fam,blaOXA-1226
blaOXA-1227,blaOXA-62_fam,blaOXA-1227
blaOXA-1228,blaOXA-62_fam,blaOXA-1228
blaOXA-1229,blaOXA-51_fam,blaOXA-1229
blaOXA-123,blaOXA-51_fam,blaOXA-123
blaOXA-1230,blaOXA-51_fam,blaOXA-1230
blaOXA-1231,blaOXA-10_fam,blaOXA-1231
blaOXA-1232,blaOXA-10_fam,blaOXA-1232
blaOXA-1233,blaOXA-10_fam,blaOXA-1233
blaOXA-1234,blaOXA-213_fam,blaOXA-1234
blaOXA-1235,blaOXA-213_fam,blaOXA-1235
blaOXA-1236,blaOXA-23_fam,blaOXA-1236
blaOXA-1237,blaOXA-213_fam,blaOXA-1237
blaOXA-1238,blaOXA-1238_fam,blaOXA-1238
blaOXA-1238_fam,blaOXA-PR,blaOXA
blaOXA-1239,blaOXA-18_fam,blaOXA-1239
blaOXA-124,blaOXA-51_fam,blaOXA-124
blaOXA-1240,blaOXA-48_fam,blaOXA-1240
blaOXA-1241,blaOXA-23_fam,blaOXA-1241
blaOXA-1242,blaOXA-48_fam,blaOXA-1242
blaOXA-1243,blaOXA-2_fam,blaOXA-1243
blaOXA-1244,blaOXA-50_fam,blaOXA-1244
blaOXA-1245,blaOXA-50_fam,blaOXA-1245
blaOXA-1246,blaOXA-50_fam,blaOXA-1246
blaOXA-1247,blaOXA-10_fam,blaOXA-1247
blaOXA-1248,blaOXA-10_fam,blaOXA-1248
blaOXA-1249,blaOXA-51_fam,blaOXA-1249
blaOXA-125,blaOXA-51_fam,blaOXA-125
blaOXA-1250,blaOXA-50_fam,blaOXA-1250
blaOXA-1251,blaOXA-258_fam,blaOXA-1251
blaOXA-1252,blaOXA-50_fam,blaOXA-1252
blaOXA-1253,blaOXA-50_fam,blaOXA-1253
blaOXA-1254,blaOXA-50_fam,blaOXA-1254
blaOXA-1255,blaOXA-50_fam,blaOXA-1255
blaOXA-1256,blaOXA-50_fam,blaOXA-1256
blaOXA-1257,blaOXA-10_fam,blaOXA-1257
blaOXA-1258,blaOXA-1258_fam,blaOXA-1258
blaOXA-1258_fam,blaOXA,blaOXA
blaOXA-1259,blaOXA-1258_fam,blaOXA-1259
blaOXA-126,blaOXA-51_fam,blaOXA-126
blaOXA-1260,blaOXA-1258_fam,blaOXA-1260
blaOXA-1261,blaOXA-1258_fam,blaOXA-1261
blaOXA-1262,blaOXA-1258_fam,blaOXA-1262
blaOXA-1263,blaOXA-1258_fam,blaOXA-1263
blaOXA-1264,blaOXA-62_fam,blaOXA-1264
blaOXA-1265,blaOXA-51_fam,blaOXA-1265
blaOXA-1266,blaOXA-213_fam,blaOXA-1266
blaOXA-1267,blaOXA-50_fam,blaOXA-1267
blaOXA-1268,blaOXA-50_fam,blaOXA-1268
blaOXA-1269,blaOXA-50_fam,blaOXA-1269
blaOXA-127,blaOXA-51_fam,blaOXA-127
blaOXA-1270,blaOXA-50_fam,blaOXA-1270
blaOXA-1271,blaOXA-50_fam,blaOXA-1271
blaOXA-1272,blaOXA-50_fam,blaOXA-1272
blaOXA-1273,blaOXA-50_fam,blaOXA-1273
blaOXA-1274,blaOXA-50_fam,blaOXA-1274
blaOXA-1275,blaOXA-50-var,blaOXA-1275
blaOXA-1276,blaOXA-50_fam,blaOXA-1276
blaOXA-1277,blaOXA-50_fam,blaOXA-1277
blaOXA-1278,blaOXA-50_fam,blaOXA-1278
blaOXA-1279,blaOXA-50_fam,blaOXA-1279
blaOXA-128,blaOXA-51_fam,blaOXA-128
blaOXA-1280,blaOXA-50_fam,blaOXA-1280
blaOXA-1281,blaOXA-50_fam,blaOXA-1281
blaOXA-1282,blaOXA-50_fam,blaOXA-1282
blaOXA-1283,blaOXA-50_fam,blaOXA-1283
blaOXA-1284,blaOXA-50-var,blaOXA-1284
blaOXA-1285,blaOXA-50_fam,blaOXA-1285
blaOXA-1286,blaOXA-50_fam,blaOXA-1286
blaOXA-1287,blaOXA-50_fam,blaOXA-1287
blaOXA-1288,blaOXA-50_fam,blaOXA-1288
blaOXA-1289,blaOXA-50_fam,blaOXA-1289
blaOXA-129,blaOXA-5_fam,blaOXA-129
blaOXA-1290,blaOXA-50-var,blaOXA-1290
blaOXA-1291,blaOXA-50_fam,blaOXA-1291
blaOXA-1292,blaOXA-50_fam,blaOXA-1292
blaOXA-1293,blaOXA-50_fam,blaOXA-1293
blaOXA-1294,blaOXA-50-var,blaOXA-1294
blaOXA-1295,blaOXA-50_fam,blaOXA-1295
blaOXA-1296,blaOXA-50_fam,blaOXA-1296
blaOXA-1297,blaOXA-50_fam,blaOXA-1297
blaOXA-1298,blaOXA-50_fam,blaOXA-1298
blaOXA-1299,blaOXA-50_fam,blaOXA-1299
blaOXA-12_fam,blaOXA-PR,blaOXA
blaOXA-13,blaOXA-10_fam,blaOXA-13
blaOXA-130,blaOXA-51_fam,blaOXA-130
blaOXA-1300,blaOXA-50_fam,blaOXA-1300
blaOXA-1301,blaOXA-50_fam,blaOXA-1301
blaOXA-1302,blaOXA-10_fam,blaOXA-1302
blaOXA-1303,blaOXA-24_fam,blaOXA-1303
blaOXA-1304,blaOXA-48_fam,blaOXA-1304
blaOXA-1305,blaOXA-48_fam,blaOXA-1305
blaOXA-1306,blaOXA-48_fam,blaOXA-1306
blaOXA-1307,blaOXA-48_fam,blaOXA-1307
blaOXA-1308,blaOXA-48_fam,blaOXA-1308
blaOXA-1309,blaOXA-48_fam,blaOXA-1309
blaOXA-131,blaOXA-51_fam,blaOXA-131
blaOXA-1310,blaOXA-213_fam,blaOXA-1310
blaOXA-1311,blaOXA-213_fam,blaOXA-1311
blaOXA-1312,blaOXA-213_fam,blaOXA-1312
blaOXA-1313,blaOXA-213_fam,blaOXA-1313
blaOXA-1314,blaOXA-213_fam,blaOXA-1314
blaOXA-1315,blaOXA-213_fam,blaOXA-1315
blaOXA-1316,blaOXA-213_fam,blaOXA-1316
blaOXA-1317,blaOXA-213_fam,blaOXA-1317
blaOXA-1318,blaOXA-213_fam,blaOXA-1318
blaOXA-1319,blaOXA-213_fam,blaOXA-1319
blaOXA-132,blaOXA-51_fam,blaOXA-132
blaOXA-1320,blaOXA-213_fam,blaOXA-1320
blaOXA-1321,blaOXA-213_fam,blaOXA-1321
blaOXA-1322,blaOXA-24_fam,blaOXA-1322
blaOXA-1324,blaOXA-23_fam,blaOXA-1324
blaOXA-1325,blaOXA-23_fam,blaOXA-1325
blaOXA-1326,blaOXA-23_fam,blaOXA-1326
blaOXA-1327,blaOXA-1327_fam,blaOXA-1327
blaOXA-1327_fam,bla-D,blaOXA
blaOXA-1328,blaOXA-51_fam,blaOXA-1328
blaOXA-1329,blaOXA-51_fam,blaOXA-1329
blaOXA-133,blaOXA-23_fam,blaOXA-133
blaOXA-1330,blaOXA-143_fam,blaOXA-1330
blaOXA-1331,blaOXA-213_fam,blaOXA-1331
blaOXA-1332,blaOXA-10_fam,blaOXA-1332
blaOXA-1333,blaOXA-1_fam,blaOXA-1333
blaOXA-1334,blaOXA-50_fam,blaOXA-1334
blaOXA-1335,blaOXA-51_fam,blaOXA-1335
blaOXA-1336,blaOXA-51_fam,blaOXA-1336
blaOXA-1337,blaOXA-51_fam,blaOXA-1337
blaOXA-1338,blaOXA-51_fam,blaOXA-1338
blaOXA-1339,blaOXA-51_fam,blaOXA-1339
blaOXA-134,blaOXA-134_fam,blaOXA-134
blaOXA-1340,blaOXA-51_fam,blaOXA-1340
blaOXA-1341,blaOXA-51_fam,blaOXA-1341
blaOXA-1342,blaOXA-213_fam,blaOXA-1342
blaOXA-1343,blaOXA-213_fam,blaOXA-1343
blaOXA-1344,blaOXA-213_fam,blaOXA-1344
blaOXA-1345,blaOXA-213_fam,blaOXA-1345
blaOXA-1346,blaOXA-213_fam,blaOXA-1346
blaOXA-1347,blaOXA-213_fam,blaOXA-1347
blaOXA-1348,blaOXA-213_fam,blaOXA-1348
blaOXA-1349,blaOXA-5_fam,blaOXA-1349
blaOXA-134_fam,blaOXA,blaOXA
blaOXA-1350,blaOXA-10_fam,blaOXA-1350
blaOXA-1351,blaOXA-10_fam,blaOXA-1351
blaOXA-1352,blaOXA-10_fam,blaOXA-1352
blaOXA-1353,blaOXA-10_fam,blaOXA-1353
blaOXA-1354,blaOXA-50_fam,blaOXA-1354
blaOXA-1355,blaOXA-50_fam,blaOXA-1355
blaOXA-1356,blaOXA-50_fam,blaOXA-1356
blaOXA-1357,blaOXA-50_fam,blaOXA-1357
blaOXA-1358,blaOXA-50_fam,blaOXA-1358
blaOXA-1359,blaOXA-50_fam,blaOXA-1359
blaOXA-136,blaOXA-63_fam,blaOXA-136
blaOXA-1360,blaOXA-50_fam,blaOXA-1360
blaOXA-1361,blaOXA-50_fam,blaOXA-1361
blaOXA-1362,blaOXA-50_fam,blaOXA-1362
blaOXA-1363,blaOXA-50_fam,blaOXA-1363
blaOXA-1364,blaOXA-50_fam,blaOXA-1364
blaOXA-1365,blaOXA-50_fam,blaOXA-1365
blaOXA-1366,blaOXA-1_fam,blaOXA-1366
blaOXA-1367,blaOXA-1_fam,blaOXA-1367
blaOXA-1368,blaOXA-1_fam,blaOXA-1368
blaOXA-1369,blaOXA-1_fam,blaOXA-1369
blaOXA-137,blaOXA-63_fam,blaOXA-137
blaOXA-1370,blaOXA-1_fam,blaOXA-1370
blaOXA-1371,blaOXA-48_fam,blaOXA-1371
blaOXA-1372,blaOXA-2_fam,blaOXA-1372
blaOXA-1373,blaOXA-143_fam,blaOXA-1373
blaOXA-1374,blaOXA-51_fam,blaOXA-1374
blaOXA-1375,blaOXA-229_fam,blaOXA-1375
blaOXA-1376,blaOXA-58_fam,blaOXA-1376
blaOXA-1377,blaOXA-51_fam,blaOXA-1377
blaOXA-1378,blaOXA-PR,blaOXA-1378
blaOXA-1379,blaOXA,blaOXA-1379
blaOXA-138,blaOXA-51_fam,blaOXA-138
blaOXA-1380,blaOXA-51_fam,blaOXA-1380
blaOXA-1381,blaOXA-2_fam,blaOXA-1381
blaOXA-1382,blaOXA-48_fam,blaOXA-1382
blaOXA-1383,blaOXA-PR,blaOXA-1383
blaOXA-1384,blaOXA-48_fam,blaOXA-1384
blaOXA-1385,blaOXA-48_fam,blaOXA-1385
blaOXA-1386,blaOXA-12_fam,blaOXA-1386
blaOXA-1387,blaOXA-10_fam,blaOXA-1387
blaOXA-1388,blaOXA-51_fam,blaOXA-1388
blaOXA-1389,blaOXA-1_fam,blaOXA-1389
blaOXA-139,blaOXA-24_fam,blaOXA-139
blaOXA-1390,blaOXA-213_fam,blaOXA-1390
blaOXA-1391,blaOXA-1_fam,blaOXA-1391
blaOXA-1392,blaOXA-10_fam,blaOXA-1392
blaOXA-1393,blaOXA-10_fam,blaOXA-1393
blaOXA-1394,blaOXA-12_fam,blaOXA-1394
blaOXA-1395,blaOXA-50_fam,blaOXA-1395
blaOXA-1396,blaOXA-48_fam,blaOXA-1396
blaOXA-1397,blaOXA-1_fam,blaOXA-1397
blaOXA-1398,blaOXA-48_fam,blaOXA-1398
blaOXA-1399,blaOXA-48_fam,blaOXA-1399
blaOXA-14,blaOXA-10_fam,blaOXA-14
blaOXA-1400,blaOXA-48_fam,blaOXA-1400
blaOXA-1401,blaOXA-548_fam,blaOXA-1401
blaOXA-1402,blaOXA-548_fam,blaOXA-1402
blaOXA-1403,blaOXA-548_fam,blaOXA-1403
blaOXA-1404,blaOXA-548_fam,blaOXA-1404
blaOXA-1405,blaOXA-548_fam,blaOXA-1405
blaOXA-1406,blaOXA-548_fam,blaOXA-1406
blaOXA-1407,blaOXA-548_fam,blaOXA-1407
blaOXA-1408,blaOXA-548_fam,blaOXA-1408
blaOXA-1409,blaOXA-548_fam,blaOXA-1409
blaOXA-141,blaOXA-2_fam,blaOXA-141
blaOXA-1410,blaOXA-548_fam,blaOXA-1410
blaOXA-1411,blaOXA-548_fam,blaOXA-1411
blaOXA-1412,blaOXA-548_fam,blaOXA-1412
blaOXA-1413,blaOXA-548_fam,blaOXA-1413
blaOXA-1414,blaOXA-548_fam,blaOXA-1414
blaOXA-1415,blaOXA-548_fam,blaOXA-1415
blaOXA-1416,blaOXA-548_fam,blaOXA-1416
blaOXA-1417,blaOXA-548_fam,blaOXA-1417
blaOXA-1418,blaOXA-548_fam,blaOXA-1418
blaOXA-1419,blaOXA-211_fam,blaOXA-1419
blaOXA-142,blaOXA-10_fam,blaOXA-142
blaOXA-1420,blaOXA-48_fam,blaOXA-1420
blaOXA-1421,blaOXA-48_fam,blaOXA-1421
blaOXA-1422,blaOXA,blaOXA-1422
blaOXA-1423,blaOXA-286_fam,blaOXA-1423
blaOXA-1424,blaOXA-51_fam,blaOXA-1424
blaOXA-1425,blaOXA-50_fam,blaOXA-1425
blaOXA-1426,blaOXA-1_fam,blaOXA-1426
blaOXA-1427,blaOXA-10_fam,blaOXA-1427
blaOXA-1428,blaOXA-548_fam,blaOXA-1428
blaOXA-1429,blaOXA-548_fam,blaOXA-1429
blaOXA-143,blaOXA-143_fam,blaOXA-143
blaOXA-1431,blaOXA-48_fam,blaOXA-1431
blaOXA-1432,blaOXA-143_fam,blaOXA-1432
blaOXA-1433,blaOXA-12_fam,blaOXA-1433
blaOXA-1434,blaOXA,blaOXA-1434
blaOXA-1435,blaOXA-48_fam,blaOXA-1435
blaOXA-143_fam,blaOXA,blaOXA
blaOXA-144,blaOXA-51_fam,blaOXA-144
blaOXA-1445,blaOXA-213_fam,blaOXA-1445
blaOXA-1446,blaOXA-679_fam,blaOXA-1446
blaOXA-1447,blaOXA-10_fam,blaOXA-1447
blaOXA-1448,blaOXA-51_fam,blaOXA-1448
blaOXA-1449,blaOXA-51_fam,blaOXA-1449
blaOXA-145,blaOXA-10_fam,blaOXA-145
blaOXA-1450,blaOXA-48_fam,blaOXA-1450
blaOXA-1451,blaOXA-1_fam,blaOXA-1451
blaOXA-1452,blaOXA-48_fam,blaOXA-1452
blaOXA-1453,blaOXA-10_fam,blaOXA-1453
blaOXA-1454,blaOXA-51_fam,blaOXA-1454
blaOXA-1455,blaOXA-51_fam,blaOXA-1455
blaOXA-1456,blaOXA-51_fam,blaOXA-1456
blaOXA-1457,blaOXA-2_fam,blaOXA-1457
blaOXA-1458,blaOXA-274_fam,blaOXA-1458
blaOXA-1459,blaOXA-274_fam,blaOXA-1459
blaOXA-146,blaOXA-23_fam,blaOXA-146
blaOXA-1460,blaOXA-274_fam,blaOXA-1460
blaOXA-1461,blaOXA-274_fam,blaOXA-1461
blaOXA-1462,blaOXA-274_fam,blaOXA-1462
blaOXA-1463,blaOXA-274_fam,blaOXA-1463
blaOXA-1464,blaOXA-274_fam,blaOXA-1464
blaOXA-1465,blaOXA-274_fam,blaOXA-1465
blaOXA-1466,blaOXA-274_fam,blaOXA-1466
blaOXA-1467,blaOXA-274_fam,blaOXA-1467
blaOXA-1468,blaOXA-274_fam,blaOXA-1468
blaOXA-1469,blaOXA-274_fam,blaOXA-1469
blaOXA-147,blaOXA-10_fam,blaOXA-147
blaOXA-1470,blaOXA-274_fam,blaOXA-1470
blaOXA-1471,blaOXA-274_fam,blaOXA-1471
blaOXA-1472,blaOXA-274_fam,blaOXA-1472
blaOXA-1473,blaOXA-274_fam,blaOXA-1473
blaOXA-1474,blaOXA-274_fam,blaOXA-1474
blaOXA-1476,blaOXA-24_fam,blaOXA-1476
blaOXA-1477,blaOXA-48_fam,blaOXA-1477
blaOXA-148,blaOXA-51_fam,blaOXA-148
blaOXA-149,blaOXA-51_fam,blaOXA-149
blaOXA-15,blaOXA-2_fam,blaOXA-15
blaOXA-150,blaOXA-51_fam,blaOXA-150
blaOXA-151,blaOXA-62_fam,blaOXA-151
blaOXA-152,blaOXA-62_fam,blaOXA-152
blaOXA-153,blaOXA-62_fam,blaOXA-153
blaOXA-154,blaOXA-62_fam,blaOXA-154
blaOXA-155,blaOXA-62_fam,blaOXA-155
blaOXA-156,blaOXA-62_fam,blaOXA-156
blaOXA-157,blaOXA-62_fam,blaOXA-157
blaOXA-158,blaOXA-62_fam,blaOXA-158
blaOXA-159,blaOXA-62_fam,blaOXA-159
blaOXA-160,blaOXA-24_fam,blaOXA-160
blaOXA-161,blaOXA-2_fam,blaOXA-161
blaOXA-162,blaOXA-48_fam,blaOXA-162
blaOXA-163,blaOXA-48_fam,blaOXA-163
blaOXA-164,blaOXA-58_fam,blaOXA-164
blaOXA-165,blaOXA-23_fam,blaOXA-165
blaOXA-166,blaOXA-23_fam,blaOXA-166
blaOXA-167,blaOXA-23_fam,blaOXA-167
blaOXA-168,blaOXA-23_fam,blaOXA-168
blaOXA-169,blaOXA-23_fam,blaOXA-169
blaOXA-17,blaOXA-10_fam,blaOXA-17
blaOXA-170,blaOXA-23_fam,blaOXA-170
blaOXA-171,blaOXA-23_fam,blaOXA-171
blaOXA-172,blaOXA-51_fam,blaOXA-172
blaOXA-173,blaOXA-51_fam,blaOXA-173
blaOXA-174,blaOXA-51_fam,blaOXA-174
blaOXA-175,blaOXA-51_fam,blaOXA-175
blaOXA-176,blaOXA-51_fam,blaOXA-176
blaOXA-177,blaOXA-51_fam,blaOXA-177
blaOXA-178,blaOXA-51_fam,blaOXA-178
blaOXA-179,blaOXA-51_fam,blaOXA-179
blaOXA-18,blaOXA-18_fam,blaOXA-18
blaOXA-180,blaOXA-51_fam,blaOXA-180
blaOXA-181,blaOXA-48_fam,blaOXA-181
blaOXA-182,blaOXA-143_fam,blaOXA-182
blaOXA-183,blaOXA-10_fam,blaOXA-183
blaOXA-184,blaOXA-184_fam,blaOXA-184
blaOXA-184_fam,blaOXA_Campy,blaOXA
blaOXA-185,blaOXA-184_fam,blaOXA-185
blaOXA-18_fam,blaOXA-PR,blaOXA
blaOXA-19,blaOXA-10_fam,blaOXA-19
blaOXA-192,blaOXA-63_fam,blaOXA-192
blaOXA-193,blaOXA-61_fam,blaOXA-193
blaOXA-194,blaOXA-51_fam,blaOXA-194
blaOXA-195,blaOXA-51_fam,blaOXA-195
blaOXA-196,blaOXA-51_fam,blaOXA-196
blaOXA-197,blaOXA-51_fam,blaOXA-197
blaOXA-198,blaOXA-198_fam,blaOXA-198
blaOXA-198_fam,blaOXA,blaOXA
blaOXA-199,blaOXA-48_fam,blaOXA-199
blaOXA-1_fam,blaOXA,blaOXA
blaOXA-2,blaOXA-2_fam,blaOXA-2
blaOXA-20,blaOXA-20_fam,blaOXA-20
blaOXA-200,blaOXA-51_fam,blaOXA-200
blaOXA-201,blaOXA-51_fam,blaOXA-201
blaOXA-202,blaOXA-51_fam,blaOXA-202
blaOXA-203,blaOXA-51_fam,blaOXA-203
blaOXA-204,blaOXA-48_fam,blaOXA-204
blaOXA-205,blaOXA-46_fam,blaOXA-205
blaOXA-206,blaOXA-51_fam,blaOXA-206
blaOXA-207,blaOXA-24_fam,blaOXA-207
blaOXA-208,blaOXA-51_fam,blaOXA-208
blaOXA-209,blaOXA,blaOXA-209
blaOXA-20_fam,blaOXA,blaOXA
blaOXA-21,blaOXA-2_fam,blaOXA-21
blaOXA-210,blaOXA-2_fam,blaOXA-210
blaOXA-211,blaOXA-211_fam,blaOXA-211
blaOXA-211_fam,blaOXA,blaOXA
blaOXA-212,blaOXA-211_fam,blaOXA-212
blaOXA-213,blaOXA-213_fam,blaOXA-213
blaOXA-213_fam,blaOXA,blaOXA
blaOXA-214,blaOXA-214_fam,blaOXA-214
blaOXA-214_fam,blaOXA,blaOXA
blaOXA-215,blaOXA-214_fam,blaOXA-215
blaOXA-216,blaOXA-51_fam,blaOXA-216
blaOXA-217,blaOXA-51_fam,blaOXA-217
blaOXA-219,blaOXA-51_fam,blaOXA-219
blaOXA-22,blaOXA-22_fam,blaOXA-22
blaOXA-223,blaOXA-51_fam,blaOXA-223
blaOXA-224,blaOXA-1_fam,blaOXA-224
blaOXA-225,blaOXA-23_fam,blaOXA-225
blaOXA-226,blaOXA-2_fam,blaOXA-226
blaOXA-228,blaOXA-229_fam,blaOXA-228
blaOXA-229,blaOXA-229_fam,blaOXA-229
blaOXA-229_fam,blaOXA,blaOXA
blaOXA-22_fam,blaOXA-PR,blaOXA
blaOXA-23,blaOXA-23_fam,blaOXA-23
blaOXA-230,blaOXA-229_fam,blaOXA-230
blaOXA-231,blaOXA-143_fam,blaOXA-231
blaOXA-232,blaOXA-48_fam,blaOXA-232
blaOXA-233,blaOXA-10_fam,blaOXA-233
blaOXA-234,blaOXA-51_fam,blaOXA-234
blaOXA-235,blaOXA-134_fam,blaOXA-235
blaOXA-236,blaOXA-134_fam,blaOXA-236
blaOXA-237,blaOXA-134_fam,blaOXA-237
blaOXA-239,blaOXA-23_fam,blaOXA-239
blaOXA-23_fam,blaOXA,blaOXA
blaOXA-24,blaOXA-24_fam,blaOXA-24
blaOXA-240,blaOXA-10_fam,blaOXA-240
blaOXA-241,blaOXA-51_fam,blaOXA-241
blaOXA-242,blaOXA-51_fam,blaOXA-242
blaOXA-243,blaOXA-PR,blaOXA-243
blaOXA-244,blaOXA-48_fam,blaOXA-244
blaOXA-245,blaOXA-48_fam,blaOXA-245
blaOXA-246,blaOXA-10_fam,blaOXA-246
blaOXA-247,blaOXA-48_fam,blaOXA-247
blaOXA-248,blaOXA-51_fam,blaOXA-248
blaOXA-249,blaOXA-51_fam,blaOXA-249
blaOXA-24_fam,blaOXA,blaOXA
blaOXA-25,blaOXA-24_fam,blaOXA-25
blaOXA-250,blaOXA-51_fam,blaOXA-250
blaOXA-251,blaOXA-10_fam,blaOXA-251
blaOXA-252,blaOXA-48_fam,blaOXA-252
blaOXA-253,blaOXA-143_fam,blaOXA-253
blaOXA-254,blaOXA-51_fam,blaOXA-254
blaOXA-255,blaOXA-143_fam,blaOXA-255
blaOXA-256,blaOXA-10_fam,blaOXA-256
blaOXA-257,blaOXA-229_fam,blaOXA-257
blaOXA-258,blaOXA-258_fam,blaOXA-258
blaOXA-258_fam,blaOXA-PR,blaOXA
blaOXA-259,blaOXA-51_fam,blaOXA-259
blaOXA-26,blaOXA-24_fam,blaOXA-26
blaOXA-260,blaOXA-51_fam,blaOXA-260
blaOXA-261,blaOXA-51_fam,blaOXA-261
blaOXA-262,blaOXA-51_fam,blaOXA-262
blaOXA-263,blaOXA-51_fam,blaOXA-263
blaOXA-264,blaOXA-214_fam,blaOXA-264
blaOXA-265,blaOXA-214_fam,blaOXA-265
blaOXA-266,blaOXA-266_fam,blaOXA-266
blaOXA-266_fam,blaOXA,blaOXA
blaOXA-267,blaOXA-213_fam,blaOXA-267
blaOXA-268,blaOXA-213_fam,blaOXA-268
blaOXA-269,blaOXA-213_fam,blaOXA-269
blaOXA-27,blaOXA-23_fam,blaOXA-27
blaOXA-270,blaOXA-213_fam,blaOXA-270
blaOXA-271,blaOXA-213_fam,blaOXA-271
blaOXA-272,blaOXA-213_fam,blaOXA-272
blaOXA-273,blaOXA-213_fam,blaOXA-273
blaOXA-274,blaOXA-274_fam,blaOXA-274
blaOXA-274_fam,blaOXA,blaOXA
blaOXA-275,blaOXA-274_fam,blaOXA-275
blaOXA-276,blaOXA-134_fam,blaOXA-276
blaOXA-277,blaOXA-134_fam,blaOXA-277
blaOXA-278,blaOXA-134_fam,blaOXA-278
blaOXA-279,blaOXA,blaOXA-279
blaOXA-28,blaOXA-10_fam,blaOXA-28
blaOXA-280,blaOXA-211_fam,blaOXA-280
blaOXA-281,blaOXA-211_fam,blaOXA-281
blaOXA-282,blaOXA-134_fam,blaOXA-282
blaOXA-283,blaOXA-134_fam,blaOXA-283
blaOXA-284,blaOXA-134_fam,blaOXA-284
blaOXA-285,blaOXA-134_fam,blaOXA-285
blaOXA-286,blaOXA-286_fam,blaOXA-286
blaOXA-286_fam,blaOXA,blaOXA
blaOXA-287,blaOXA-286_fam,blaOXA-287
blaOXA-288,blaOXA-286_fam,blaOXA-288
blaOXA-289,blaOXA,blaOXA-289
blaOXA-29,blaOXA-PR,blaOXA-29
blaOXA-290,blaOXA,blaOXA-290
blaOXA-291,blaOXA-286_fam,blaOXA-291
blaOXA-292,blaOXA-286_fam,blaOXA-292
blaOXA-293,blaOXA-286_fam,blaOXA-293
blaOXA-294,blaOXA-294_fam,blaOXA-294
blaOXA-294_fam,blaOXA,blaOXA
blaOXA-295,blaOXA-294_fam,blaOXA-295
blaOXA-296,blaOXA,blaOXA-296
blaOXA-297,blaOXA-294_fam,blaOXA-297
blaOXA-298,blaOXA-294_fam,blaOXA-298
blaOXA-299,blaOXA,blaOXA-299
blaOXA-2_fam,blaOXA,blaOXA
blaOXA-3,blaOXA-2_fam,blaOXA-3
blaOXA-300,blaOXA-229_fam,blaOXA-300
blaOXA-301,blaOXA-229_fam,blaOXA-301
blaOXA-302,blaOXA-286_fam,blaOXA-302
blaOXA-303,blaOXA-286_fam,blaOXA-303
blaOXA-304,blaOXA-213_fam,blaOXA-304
blaOXA-305,blaOXA-213_fam,blaOXA-305
blaOXA-306,blaOXA-286_fam,blaOXA-306
blaOXA-307,blaOXA-286_fam,blaOXA-307
blaOXA-308,blaOXA,blaOXA-308
blaOXA-309,blaOXA-211_fam,blaOXA-309
blaOXA-31,blaOXA-1_fam,blaOXA-31
blaOXA-312,blaOXA-51_fam,blaOXA-312
blaOXA-313,blaOXA-51_fam,blaOXA-313
blaOXA-314,blaOXA-51_fam,blaOXA-314
blaOXA-315,blaOXA-51_fam,blaOXA-315
blaOXA-316,blaOXA-51_fam,blaOXA-316
blaOXA-317,blaOXA-51_fam,blaOXA-317
blaOXA-32,blaOXA-2_fam,blaOXA-32
blaOXA-320,blaOXA-1_fam,blaOXA-320
blaOXA-322,blaOXA-213_fam,blaOXA-322
blaOXA-323,blaOXA-213_fam,blaOXA-323
blaOXA-324,blaOXA-213_fam,blaOXA-324
blaOXA-325,blaOXA-213_fam,blaOXA-325
blaOXA-326,blaOXA-213_fam,blaOXA-326
blaOXA-327,blaOXA-213_fam,blaOXA-327
blaOXA-328,blaOXA-213_fam,blaOXA-328
blaOXA-329,blaOXA-213_fam,blaOXA-329
blaOXA-330,blaOXA-213_fam,blaOXA-330
blaOXA-331,blaOXA-213_fam,blaOXA-331
blaOXA-332,blaOXA-213_fam,blaOXA-332
blaOXA-333,blaOXA-211_fam,blaOXA-333
blaOXA-334,blaOXA-211_fam,blaOXA-334
blaOXA-335,blaOXA-134_fam,blaOXA-335
blaOXA-336,blaOXA-51_fam,blaOXA-336
blaOXA-337,blaOXA-51_fam,blaOXA-337
blaOXA-338,blaOXA-51_fam,blaOXA-338
blaOXA-339,blaOXA-51_fam,blaOXA-339
blaOXA-340,blaOXA-51_fam,blaOXA-340
blaOXA-341,blaOXA-51_fam,blaOXA-341
blaOXA-342,blaOXA-51_fam,blaOXA-342
blaOXA-343,blaOXA-51_fam,blaOXA-343
blaOXA-344,blaOXA-51_fam,blaOXA-344
blaOXA-345,blaOXA-51_fam,blaOXA-345
blaOXA-346,blaOXA-51_fam,blaOXA-346
blaOXA-347,blaOXA,blaOXA-347
blaOXA-348,blaOXA-213_fam,blaOXA-348
blaOXA-349,blaOXA-213_fam,blaOXA-349
blaOXA-35,blaOXA-10_fam,blaOXA-35
blaOXA-350,blaOXA-213_fam,blaOXA-350
blaOXA-351,blaOXA-213_fam,blaOXA-351
blaOXA-352,blaOXA-213_fam,blaOXA-352
blaOXA-353,blaOXA-213_fam,blaOXA-353
blaOXA-354,blaOXA-213_fam,blaOXA-354
blaOXA-355,blaOXA-229_fam,blaOXA-355
blaOXA-356,blaOXA-229_fam,blaOXA-356
blaOXA-357,blaOXA-213_fam,blaOXA-357
blaOXA-358,blaOXA-213_fam,blaOXA-358
blaOXA-359,blaOXA-213_fam,blaOXA-359
blaOXA-360,blaOXA-134_fam,blaOXA-360
blaOXA-361,blaOXA-134_fam,blaOXA-361
blaOXA-362,blaOXA-134_fam,blaOXA-362
blaOXA-363,blaOXA-134_fam,blaOXA-363
blaOXA-364,blaOXA-364_fam,blaOXA-364
blaOXA-364_fam,blaOXA-PR,blaOXA
blaOXA-365,blaOXA-51_fam,blaOXA-365
blaOXA-366,blaOXA-23_fam,blaOXA-366
blaOXA-368,blaOXA-10_fam,blaOXA-368
blaOXA-37,blaOXA-20_fam,blaOXA-37
blaOXA-370,blaOXA-48_fam,blaOXA-370
blaOXA-371,blaOXA-51_fam,blaOXA-371
blaOXA-372,blaOXA-372_fam,blaOXA-372
blaOXA-372_fam,blaOXA,blaOXA
blaOXA-373,blaOXA-211_fam,blaOXA-373
blaOXA-374,blaOXA-51_fam,blaOXA-374
blaOXA-375,blaOXA-51_fam,blaOXA-375
blaOXA-376,blaOXA-51_fam,blaOXA-376
blaOXA-377,blaOXA-51_fam,blaOXA-377
blaOXA-378,blaOXA-51_fam,blaOXA-378
blaOXA-379,blaOXA-51_fam,blaOXA-379
blaOXA-380,blaOXA-51_fam,blaOXA-380
blaOXA-381,blaOXA-51_fam,blaOXA-381
blaOXA-382,blaOXA-51_fam,blaOXA-382
blaOXA-383,blaOXA-51_fam,blaOXA-383
blaOXA-384,blaOXA-51_fam,blaOXA-384
blaOXA-385,blaOXA-51_fam,blaOXA-385
blaOXA-386,blaOXA-51_fam,blaOXA-386
blaOXA-387,blaOXA-51_fam,blaOXA-387
blaOXA-388,blaOXA-51_fam,blaOXA-388
blaOXA-389,blaOXA-51_fam,blaOXA-389
blaOXA-390,blaOXA-51_fam,blaOXA-390
blaOXA-391,blaOXA-51_fam,blaOXA-391
blaOXA-392,blaOXA-1_fam,blaOXA-392
blaOXA-395,blaOXA-50_fam,blaOXA-395
blaOXA-396,blaOXA-50_fam,blaOXA-396
blaOXA-397,blaOXA-58_fam,blaOXA-397
blaOXA-398,blaOXA-23_fam,blaOXA-398
blaOXA-4,blaOXA-1_fam,blaOXA-4
blaOXA-400,blaOXA-51_fam,blaOXA-400
blaOXA-401,blaOXA-51_fam,blaOXA-401
blaOXA-402,blaOXA-51_fam,blaOXA-402
blaOXA-403,blaOXA-51_fam,blaOXA-403
blaOXA-404,blaOXA-51_fam,blaOXA-404
blaOXA-405,blaOXA-48_fam,blaOXA-405
blaOXA-406,blaOXA-51_fam,blaOXA-406
blaOXA-407,blaOXA-51_fam,blaOXA-407
blaOXA-408,blaOXA-51_fam,blaOXA-408
blaOXA-409,blaOXA-51_fam,blaOXA-409
blaOXA-410,blaOXA-51_fam,blaOXA-410
blaOXA-411,blaOXA-51_fam,blaOXA-411
blaOXA-412,blaOXA-51_fam,blaOXA-412
blaOXA-413,blaOXA-51_fam,blaOXA-413
blaOXA-414,blaOXA-51_fam,blaOXA-414
blaOXA-415,blaOXA-2_fam,blaOXA-415
blaOXA-416,blaOXA-48_fam,blaOXA-416
blaOXA-417,blaOXA-213_fam,blaOXA-417
blaOXA-418,blaOXA-229_fam,blaOXA-418
blaOXA-42,blaOXA-42_fam,blaOXA-42
blaOXA-420,blaOXA-58_fam,blaOXA-420
blaOXA-421,blaOXA-213_fam,blaOXA-421
blaOXA-422,blaOXA-23_fam,blaOXA-422
blaOXA-423,blaOXA-23_fam,blaOXA-423
blaOXA-424,blaOXA-51_fam,blaOXA-424
blaOXA-425,blaOXA-51_fam,blaOXA-425
blaOXA-426,blaOXA-51_fam,blaOXA-426
blaOXA-427,blaOXA-427_fam,blaOXA-427
blaOXA-427_fam,blaOXA-PR,blaOXA
blaOXA-429,blaOXA-51_fam,blaOXA-429
blaOXA-42_fam,blaOXA-PR,blaOXA
blaOXA-43,blaOXA-42_fam,blaOXA-43
blaOXA-430,blaOXA-51_fam,blaOXA-430
blaOXA-431,blaOXA-51_fam,blaOXA-431
blaOXA-432,blaOXA-51_fam,blaOXA-432
blaOXA-433,blaOXA-51_fam,blaOXA-433
blaOXA-435,blaOXA-23_fam,blaOXA-435
blaOXA-436,blaOXA-48_fam,blaOXA-436
blaOXA-437,blaOXA-24_fam,blaOXA-437
blaOXA-438,blaOXA-48_fam,blaOXA-438
blaOXA-439,blaOXA-48_fam,blaOXA-439
blaOXA-440,blaOXA-23_fam,blaOXA-440
blaOXA-441,blaOXA-51_fam,blaOXA-441
blaOXA-442,blaOXA-51_fam,blaOXA-442
blaOXA-443,blaOXA-22_fam,blaOXA-443
blaOXA-444,blaOXA-60_fam,blaOXA-444
blaOXA-446,blaOXA-184_fam,blaOXA-446
blaOXA-447,blaOXA-184_fam,blaOXA-447
blaOXA-448,blaOXA-184_fam,blaOXA-448
blaOXA-449,blaOXA-184_fam,blaOXA-449
blaOXA-45,blaOXA-PR,blaOXA-45
blaOXA-450,blaOXA-61_fam,blaOXA-450
blaOXA-451,blaOXA-61_fam,blaOXA-451
blaOXA-452,blaOXA-61_fam,blaOXA-452
blaOXA-453,blaOXA-61_fam,blaOXA-453
blaOXA-454,blaOXA-10_fam,blaOXA-454
blaOXA-455,blaOXA-364_fam,blaOXA-455
blaOXA-457,blaOXA-PR,blaOXA-457
blaOXA-458,blaOXA-PR,blaOXA-458
blaOXA-459,blaOXA-PR,blaOXA-459
blaOXA-46,blaOXA-46_fam,blaOXA-46
blaOXA-460,blaOXA-61_fam,blaOXA-460
blaOXA-461,blaOXA-61_fam,blaOXA-461
blaOXA-464,blaOXA,blaOXA-464
blaOXA-465,blaOXA-184_fam,blaOXA-465
blaOXA-466,blaOXA-184_fam,blaOXA-466
blaOXA-46_fam,blaOXA,blaOXA
blaOXA-47,blaOXA-1_fam,blaOXA-47
blaOXA-470,blaOXA-63_fam,blaOXA-470
blaOXA-471,blaOXA-63_fam,blaOXA-471
blaOXA-472,blaOXA-63_fam,blaOXA-472
blaOXA-473,blaOXA-63_fam,blaOXA-473
blaOXA-474,blaOXA-63_fam,blaOXA-474
blaOXA-475,blaOXA-63_fam,blaOXA-475
blaOXA-476,blaOXA-63_fam,blaOXA-476
blaOXA-477,blaOXA-63_fam,blaOXA-477
blaOXA-478,blaOXA-63_fam,blaOXA-478
blaOXA-479,blaOXA-63_fam,blaOXA-479
blaOXA-48,blaOXA-48_fam,blaOXA-48
blaOXA-480,blaOXA-51_fam,blaOXA-480
blaOXA-482,blaOXA-23_fam,blaOXA-482
blaOXA-483,blaOXA-23_fam,blaOXA-483
blaOXA-484,blaOXA-48_fam,blaOXA-484
blaOXA-485,blaOXA-50_fam,blaOXA-485
blaOXA-486,blaOXA-50_fam,blaOXA-486
blaOXA-488,blaOXA-50_fam,blaOXA-488
blaOXA-489,blaOXA-61_fam,blaOXA-489
blaOXA-48_fam,blaOXA,blaOXA
blaOXA-49,blaOXA-23_fam,blaOXA-49
blaOXA-491,blaOXA,blaOXA-491
blaOXA-493,blaOXA-493_fam,blaOXA-493
blaOXA-493_fam,blaOXA_Campy,blaOXA
blaOXA-494,blaOXA-50_fam,blaOXA-494
blaOXA-496,blaOXA-134_fam,blaOXA-496
blaOXA-497,blaOXA-51_fam,blaOXA-497
blaOXA-498,blaOXA-211_fam,blaOXA-498
blaOXA-499,blaOXA-143_fam,blaOXA-499
blaOXA-5,blaOXA-5_fam,blaOXA-5
blaOXA-50,blaOXA-50_fam,blaOXA-50
blaOXA-50-var,blaOXA,blaOXA
blaOXA-500,blaOXA-213_fam,blaOXA-500
blaOXA-501,blaOXA-213_fam,blaOXA-501
blaOXA-502,blaOXA-213_fam,blaOXA-502
blaOXA-503,blaOXA-213_fam,blaOXA-503
blaOXA-504,blaOXA-PR,blaOXA-504
blaOXA-505,blaOXA-48_fam,blaOXA-505
blaOXA-506,blaOXA-213_fam,blaOXA-506
blaOXA-507,blaOXA-51_fam,blaOXA-507
blaOXA-508,blaOXA-51_fam,blaOXA-508
blaOXA-509,blaOXA-51_fam,blaOXA-509
blaOXA-50_fam,blaOXA,blaOXA
blaOXA-51,blaOXA-51_fam,blaOXA-51
blaOXA-510,blaOXA-51_fam,blaOXA-510
blaOXA-511,blaOXA-51_fam,blaOXA-511
blaOXA-512,blaOXA-58_fam,blaOXA-512
blaOXA-513,blaOXA-364_fam,blaOXA-513
blaOXA-514,blaOXA-48_fam,blaOXA-514
blaOXA-515,blaOXA-48_fam,blaOXA-515
blaOXA-516,blaOXA-51_fam,blaOXA-516
blaOXA-517,blaOXA-48_fam,blaOXA-517
blaOXA-518,blaOXA-493_fam,blaOXA-518
blaOXA-519,blaOXA-48_fam,blaOXA-519
blaOXA-51_fam,blaOXA,blaOXA
blaOXA-520,blaOXA-10_fam,blaOXA-520
blaOXA-521,blaOXA-51_fam,blaOXA-521
blaOXA-522,blaOXA-213_fam,blaOXA-522
blaOXA-523,blaOXA-51_fam,blaOXA-523
blaOXA-524,blaOXA-51_fam,blaOXA-524
blaOXA-525,blaOXA-51_fam,blaOXA-525
blaOXA-526,blaOXA-213_fam,blaOXA-526
blaOXA-527,blaOXA,blaOXA-527
blaOXA-528,blaOXA-51_fam,blaOXA-528
blaOXA-529,blaOXA-51_fam,blaOXA-529
blaOXA-53,blaOXA-2_fam,blaOXA-53
blaOXA-530,blaOXA-51_fam,blaOXA-530
blaOXA-531,blaOXA-51_fam,blaOXA-531
blaOXA-532,blaOXA-51_fam,blaOXA-532
blaOXA-533,blaOXA-213_fam,blaOXA-533
blaOXA-534,blaOXA-1_fam,blaOXA-534
blaOXA-535,blaOXA-48_fam,blaOXA-535
blaOXA-536,blaOXA-51_fam,blaOXA-536
blaOXA-537,blaOXA-134_fam,blaOXA-537
blaOXA-538,blaOXA-48_fam,blaOXA-538
blaOXA-539,blaOXA-2_fam,blaOXA-539
blaOXA-54,blaOXA-48_fam,blaOXA-54
blaOXA-540,blaOXA-2_fam,blaOXA-540
blaOXA-541,blaOXA-2_fam,blaOXA-541
blaOXA-542,blaOXA-542_fam,blaOXA-542
blaOXA-542_fam,blaOXA,blaOXA
blaOXA-543,blaOXA-2_fam,blaOXA-543
blaOXA-544,blaOXA-2_fam,blaOXA-544
blaOXA-545,blaOXA-51_fam,blaOXA-545
blaOXA-546,blaOXA-48_fam,blaOXA-546
blaOXA-547,blaOXA-48_fam,blaOXA-547
blaOXA-548,blaOXA-548_fam,blaOXA-548
blaOXA-548_fam,blaOXA,blaOXA
blaOXA-549,blaOXA-548_fam,blaOXA-549
blaOXA-55,blaOXA-55_fam,blaOXA-55
blaOXA-550,blaOXA-548_fam,blaOXA-550
blaOXA-551,blaOXA-548_fam,blaOXA-551
blaOXA-552,blaOXA-548_fam,blaOXA-552
blaOXA-553,blaOXA-548_fam,blaOXA-553
blaOXA-554,blaOXA-51_fam,blaOXA-554
blaOXA-555,blaOXA-51_fam,blaOXA-555
blaOXA-556,blaOXA-51_fam,blaOXA-556
blaOXA-557,blaOXA-51_fam,blaOXA-557
blaOXA-558,blaOXA-51_fam,blaOXA-558
blaOXA-559,blaOXA-51_fam,blaOXA-559
blaOXA-55_fam,blaOXA,blaOXA
blaOXA-56,blaOXA-10_fam,blaOXA-56
blaOXA-560,blaOXA-51_fam,blaOXA-560
blaOXA-561,blaOXA-51_fam,blaOXA-561
blaOXA-562,blaOXA-51_fam,blaOXA-562
blaOXA-563,blaOXA-213_fam,blaOXA-563
blaOXA-564,blaOXA-213_fam,blaOXA-564
blaOXA-565,blaOXA-23_fam,blaOXA-565
blaOXA-566,blaOXA-48_fam,blaOXA-566
blaOXA-567,blaOXA-48_fam,blaOXA-567
blaOXA-568,blaOXA,blaOXA-568
blaOXA-569,blaOXA-22_fam,blaOXA-569
blaOXA-57,blaOXA-42_fam,blaOXA-57
blaOXA-570,blaOXA-60_fam,blaOXA-570
blaOXA-571,blaOXA-60_fam,blaOXA-571
blaOXA-572,blaOXA-22_fam,blaOXA-572
blaOXA-573,blaOXA-60_fam,blaOXA-573
blaOXA-574,blaOXA-22_fam,blaOXA-574
blaOXA-575,blaOXA-214_fam,blaOXA-575
blaOXA-576,blaOXA-576_fam,blaOXA-576
blaOXA-576_fam,blaOXA_Campy,blaOXA
blaOXA-577,blaOXA-61_fam,blaOXA-577
blaOXA-578,blaOXA-61_fam,blaOXA-578
blaOXA-579,blaOXA-61_fam,blaOXA-579
blaOXA-58,blaOXA-58_fam,blaOXA-58
blaOXA-580,blaOXA-61_fam,blaOXA-580
blaOXA-581,blaOXA-61_fam,blaOXA-581
blaOXA-582,blaOXA-61_fam,blaOXA-582
blaOXA-583,blaOXA-61_fam,blaOXA-583
blaOXA-584,blaOXA-61_fam,blaOXA-584
blaOXA-585,blaOXA-61_fam,blaOXA-585
blaOXA-586,blaOXA-61_fam,blaOXA-586
blaOXA-587,blaOXA-61_fam,blaOXA-587
blaOXA-588,blaOXA-61_fam,blaOXA-588
blaOXA-589,blaOXA-61_fam,blaOXA-589
blaOXA-58_fam,blaOXA,blaOXA
blaOXA-59,blaOXA-42_fam,blaOXA-59
blaOXA-590,blaOXA-61_fam,blaOXA-590
blaOXA-591,blaOXA-61_fam,blaOXA-591
blaOXA-592,blaOXA-61_fam,blaOXA-592
blaOXA-593,blaOXA-61_fam,blaOXA-593
blaOXA-594,blaOXA-61_fam,blaOXA-594
blaOXA-595,blaOXA-61_fam,blaOXA-595
blaOXA-596,blaOXA-61_fam,blaOXA-596
blaOXA-597,blaOXA-61_fam,blaOXA-597
blaOXA-598,blaOXA-61_fam,blaOXA-598
blaOXA-599,blaOXA-61_fam,blaOXA-599
blaOXA-5_fam,blaOXA,blaOXA
blaOXA-60,blaOXA-60_fam,blaOXA-60
blaOXA-600,blaOXA-61_fam,blaOXA-600
blaOXA-601,blaOXA-61_fam,blaOXA-601
blaOXA-602,blaOXA-61_fam,blaOXA-602
blaOXA-603,blaOXA-61_fam,blaOXA-603
blaOXA-604,blaOXA-61_fam,blaOXA-604
blaOXA-605,blaOXA-61_fam,blaOXA-605
blaOXA-606,blaOXA-61_fam,blaOXA-606
blaOXA-607,blaOXA-61_fam,blaOXA-607
blaOXA-608,blaOXA-61_fam,blaOXA-608
blaOXA-609,blaOXA-61_fam,blaOXA-609
blaOXA-60_fam,blaOXA,blaOXA
blaOXA-61,blaOXA-61_fam,blaOXA-61
blaOXA-610,blaOXA-61_fam,blaOXA-610
blaOXA-611,blaOXA-61_fam,blaOXA-611
blaOXA-612,blaOXA-61_fam,blaOXA-612
blaOXA-613,blaOXA-184_fam,blaOXA-613
blaOXA-614,blaOXA-184_fam,blaOXA-614
blaOXA-615,blaOXA-184_fam,blaOXA-615
blaOXA-616,blaOXA-184_fam,blaOXA-616
blaOXA-617,blaOXA-184_fam,blaOXA-617
blaOXA-618,blaOXA-184_fam,blaOXA-618
blaOXA-619,blaOXA-184_fam,blaOXA-619
blaOXA-61_fam,blaOXA_Campy,blaOXA
blaOXA-62,blaOXA-62_fam,blaOXA-62
blaOXA-620,blaOXA-184_fam,blaOXA-620
blaOXA-621,blaOXA-184_fam,blaOXA-621
blaOXA-622,blaOXA-184_fam,blaOXA-622
blaOXA-623,blaOXA-184_fam,blaOXA-623
blaOXA-624,blaOXA-184_fam,blaOXA-624
blaOXA-625,blaOXA-184_fam,blaOXA-625
blaOXA-626,blaOXA-184_fam,blaOXA-626
blaOXA-627,blaOXA-184_fam,blaOXA-627
blaOXA-628,blaOXA-184_fam,blaOXA-628
blaOXA-629,blaOXA-184_fam,blaOXA-629
blaOXA-62_fam,blaOXA,blaOXA
blaOXA-63,blaOXA-63_fam,blaOXA-63
blaOXA-630,blaOXA-184_fam,blaOXA-630
blaOXA-631,blaOXA-184_fam,blaOXA-631
blaOXA-632,blaOXA-184_fam,blaOXA-632
blaOXA-633,blaOXA-184_fam,blaOXA-633
blaOXA-634,blaOXA-184_fam,blaOXA-634
blaOXA-635,blaOXA-184_fam,blaOXA-635
blaOXA-636,blaOXA-184_fam,blaOXA-636
blaOXA-637,blaOXA-184_fam,blaOXA-637
blaOXA-638,blaOXA-184_fam,blaOXA-638
blaOXA-639,blaOXA-184_fam,blaOXA-639
blaOXA-63_fam,blaOXA,blaOXA
blaOXA-64,blaOXA-51_fam,blaOXA-64
blaOXA-640,blaOXA-184_fam,blaOXA-640
blaOXA-641,blaOXA-372_fam,blaOXA-641
blaOXA-642,blaOXA-213_fam,blaOXA-642
blaOXA-643,blaOXA-211_fam,blaOXA-643
blaOXA-644,blaOXA-211_fam,blaOXA-644
blaOXA-645,blaOXA-211_fam,blaOXA-645
blaOXA-646,blaOXA-134_fam,blaOXA-646
blaOXA-647,blaOXA-134_fam,blaOXA-647
blaOXA-648,blaOXA-134_fam,blaOXA-648
blaOXA-649,blaOXA-143_fam,blaOXA-649
blaOXA-65,blaOXA-51_fam,blaOXA-65
blaOXA-650,blaOXA-211_fam,blaOXA-650
blaOXA-651,blaOXA-211_fam,blaOXA-651
blaOXA-652,blaOXA-211_fam,blaOXA-652
blaOXA-653,blaOXA-24_fam,blaOXA-653
blaOXA-654,blaOXA-51_fam,blaOXA-654
blaOXA-655,blaOXA-10_fam,blaOXA-655
blaOXA-656,blaOXA-10_fam,blaOXA-656
blaOXA-657,blaOXA-23_fam,blaOXA-657
blaOXA-658,blaOXA-184_fam,blaOXA-658
blaOXA-659,blaOXA-61_fam,blaOXA-659
blaOXA-66,blaOXA-51_fam,blaOXA-66
blaOXA-660,blaOXA-61_fam,blaOXA-660
blaOXA-661,blaOXA-266_fam,blaOXA-661
blaOXA-662,blaOXA-211_fam,blaOXA-662
blaOXA-663,blaOXA-10_fam,blaOXA-663
blaOXA-665,blaOXA,blaOXA-665
blaOXA-666,blaOXA,blaOXA-666
blaOXA-667,blaOXA-274_fam,blaOXA-667
blaOXA-668,blaOXA-274_fam,blaOXA-668
blaOXA-669,blaOXA-274_fam,blaOXA-669
blaOXA-67,blaOXA-51_fam,blaOXA-67
blaOXA-670,blaOXA-286_fam,blaOXA-670
blaOXA-671,blaOXA-286_fam,blaOXA-671
blaOXA-672,blaOXA-286_fam,blaOXA-672
blaOXA-673,blaOXA-286_fam,blaOXA-673
blaOXA-674,blaOXA-286_fam,blaOXA-674
blaOXA-675,blaOXA-1_fam,blaOXA-675
blaOXA-676,blaOXA-10_fam,blaOXA-676
blaOXA-677,blaOXA-10_fam,blaOXA-677
blaOXA-678,blaOXA-213_fam,blaOXA-678
blaOXA-679,blaOXA-679_fam,blaOXA-679
blaOXA-679_fam,blaOXA,blaOXA
blaOXA-68,blaOXA-51_fam,blaOXA-68
blaOXA-680,blaOXA-51_fam,blaOXA-680
blaOXA-681,blaOXA-2_fam,blaOXA-681
blaOXA-682,blaOXA-51_fam,blaOXA-682
blaOXA-683,blaOXA-51_fam,blaOXA-683
blaOXA-684,blaOXA-51_fam,blaOXA-684
blaOXA-685,blaOXA-51_fam,blaOXA-685
blaOXA-686,blaOXA-51_fam,blaOXA-686
blaOXA-687,blaOXA-51_fam,blaOXA-687
blaOXA-688,blaOXA-51_fam,blaOXA-688
blaOXA-689,blaOXA-51_fam,blaOXA-689
blaOXA-69,blaOXA-51_fam,blaOXA-69
blaOXA-690,blaOXA-51_fam,blaOXA-690
blaOXA-691,blaOXA-51_fam,blaOXA-691
blaOXA-692,blaOXA-51_fam,blaOXA-692
blaOXA-693,blaOXA-51_fam,blaOXA-693
blaOXA-694,blaOXA-51_fam,blaOXA-694
blaOXA-695,blaOXA-51_fam,blaOXA-695
blaOXA-696,blaOXA-51_fam,blaOXA-696
blaOXA-697,blaOXA-51_fam,blaOXA-697
blaOXA-698,blaOXA-51_fam,blaOXA-698
blaOXA-699,blaOXA-51_fam,blaOXA-699
blaOXA-7,blaOXA-10_fam,blaOXA-7
blaOXA-70,blaOXA-51_fam,blaOXA-70
blaOXA-700,blaOXA-51_fam,blaOXA-700
blaOXA-701,blaOXA-51_fam,blaOXA-701
blaOXA-702,blaOXA-51_fam,blaOXA-702
blaOXA-703,blaOXA-51_fam,blaOXA-703
blaOXA-704,blaOXA-51_fam,blaOXA-704
blaOXA-705,blaOXA-51_fam,blaOXA-705
blaOXA-706,blaOXA-51_fam,blaOXA-706
blaOXA-707,blaOXA-51_fam,blaOXA-707
blaOXA-708,blaOXA-51_fam,blaOXA-708
blaOXA-709,blaOXA-51_fam,blaOXA-709
blaOXA-71,blaOXA-51_fam,blaOXA-71
blaOXA-710,blaOXA-51_fam,blaOXA-710
blaOXA-711,blaOXA-51_fam,blaOXA-711
blaOXA-712,blaOXA-51_fam,blaOXA-712
blaOXA-713,blaOXA-51_fam,blaOXA-713
blaOXA-714,blaOXA-51_fam,blaOXA-714
blaOXA-715,blaOXA-51_fam,blaOXA-715
blaOXA-716,blaOXA-51_fam,blaOXA-716
blaOXA-717,blaOXA-51_fam,blaOXA-717
blaOXA-718,blaOXA-51_fam,blaOXA-718
blaOXA-719,blaOXA-51_fam,blaOXA-719
blaOXA-72,blaOXA-24_fam,blaOXA-72
blaOXA-720,blaOXA-51_fam,blaOXA-720
blaOXA-721,blaOXA-51_fam,blaOXA-721
blaOXA-722,blaOXA-51_fam,blaOXA-722
blaOXA-723,blaOXA-51_fam,blaOXA-723
blaOXA-724,blaOXA-12_fam,blaOXA-724
blaOXA-725,blaOXA-12_fam,blaOXA-725
blaOXA-726,blaOXA-12_fam,blaOXA-726
blaOXA-727,blaOXA-727_fam,blaOXA-727
blaOXA-727_fam,blaOXA,blaOXA
blaOXA-728,blaOXA-727_fam,blaOXA-728
blaOXA-729,blaOXA-55_fam,blaOXA-729
blaOXA-73,blaOXA-23_fam,blaOXA-73
blaOXA-730,blaOXA-679_fam,blaOXA-730
blaOXA-731,blaOXA-48_fam,blaOXA-731
blaOXA-732,blaOXA-732_fam,blaOXA-732
blaOXA-732_fam,blaOXA,blaOXA
blaOXA-733,blaOXA-51_fam,blaOXA-733
blaOXA-734,blaOXA-51_fam,blaOXA-734
blaOXA-735,blaOXA-51_fam,blaOXA-735
blaOXA-736,blaOXA-10_fam,blaOXA-736
blaOXA-737,blaOXA-2_fam,blaOXA-737
blaOXA-738,blaOXA-51_fam,blaOXA-738
blaOXA-739,blaOXA-51_fam,blaOXA-739
blaOXA-74,blaOXA-10_fam,blaOXA-74
blaOXA-740,blaOXA-51_fam,blaOXA-740
blaOXA-741,blaOXA-51_fam,blaOXA-741
blaOXA-742,blaOXA-51_fam,blaOXA-742
blaOXA-743,blaOXA-51_fam,blaOXA-743
blaOXA-744,blaOXA-51_fam,blaOXA-744
blaOXA-745,blaOXA-51_fam,blaOXA-745
blaOXA-746,blaOXA-51_fam,blaOXA-746
blaOXA-747,blaOXA-51_fam,blaOXA-747
blaOXA-748,blaOXA-51_fam,blaOXA-748
blaOXA-749,blaOXA-51_fam,blaOXA-749
blaOXA-75,blaOXA-51_fam,blaOXA-75
blaOXA-750,blaOXA-51_fam,blaOXA-750
blaOXA-751,blaOXA-51_fam,blaOXA-751
blaOXA-752,blaOXA-51_fam,blaOXA-752
blaOXA-753,blaOXA-51_fam,blaOXA-753
blaOXA-754,blaOXA-51_fam,blaOXA-754
blaOXA-755,blaOXA-51_fam,blaOXA-755
blaOXA-756,blaOXA-51_fam,blaOXA-756
blaOXA-757,blaOXA-51_fam,blaOXA-757
blaOXA-758,blaOXA-51_fam,blaOXA-758
blaOXA-759,blaOXA-51_fam,blaOXA-759
blaOXA-76,blaOXA-51_fam,blaOXA-76
blaOXA-760,blaOXA-51_fam,blaOXA-760
blaOXA-761,blaOXA-51_fam,blaOXA-761
blaOXA-762,blaOXA-51_fam,blaOXA-762
blaOXA-763,blaOXA-51_fam,blaOXA-763
blaOXA-764,blaOXA-51_fam,blaOXA-764
blaOXA-765,blaOXA-51_fam,blaOXA-765
blaOXA-766,blaOXA-51_fam,blaOXA-766
blaOXA-767,blaOXA-51_fam,blaOXA-767
blaOXA-768,blaOXA-51_fam,blaOXA-768
blaOXA-769,blaOXA-51_fam,blaOXA-769
blaOXA-77,blaOXA-51_fam,blaOXA-77
blaOXA-770,blaOXA-51_fam,blaOXA-770
blaOXA-771,blaOXA-51_fam,blaOXA-771
blaOXA-772,blaOXA-51_fam,blaOXA-772
blaOXA-773,blaOXA-51_fam,blaOXA-773
blaOXA-774,blaOXA-51_fam,blaOXA-774
blaOXA-775,blaOXA-51_fam,blaOXA-775
blaOXA-776,blaOXA-51_fam,blaOXA-776
blaOXA-777,blaOXA-213_fam,blaOXA-777
blaOXA-778,blaOXA-213_fam,blaOXA-778
blaOXA-779,blaOXA-46_fam,blaOXA-779
blaOXA-78,blaOXA-51_fam,blaOXA-78
blaOXA-780,blaOXA-PR,blaOXA-780
blaOXA-781,blaOXA-51_fam,blaOXA-781
blaOXA-782,blaOXA-51_fam,blaOXA-782
blaOXA-783,blaOXA-184_fam,blaOXA-783
blaOXA-784,blaOXA-61_fam,blaOXA-784
blaOXA-785,blaOXA-184_fam,blaOXA-785
blaOXA-786,blaOXA-61_fam,blaOXA-786
blaOXA-787,blaOXA-364_fam,blaOXA-787
blaOXA-788,blaOXA-48_fam,blaOXA-788
blaOXA-789,blaOXA-364_fam,blaOXA-789
blaOXA-79,blaOXA-51_fam,blaOXA-79
blaOXA-790,blaOXA-114_fam,blaOXA-790
blaOXA-791,blaOXA-114_fam,blaOXA-791
blaOXA-793,blaOXA-48_fam,blaOXA-793
blaOXA-794,blaOXA-10_fam,blaOXA-794
blaOXA-795,blaOXA-10_fam,blaOXA-795
blaOXA-796,blaOXA-1_fam,blaOXA-796
blaOXA-797,blaOXA-51_fam,blaOXA-797
blaOXA-798,blaOXA-51_fam,blaOXA-798
blaOXA-799,blaOXA-51_fam,blaOXA-799
blaOXA-80,blaOXA-51_fam,blaOXA-80
blaOXA-800,blaOXA-51_fam,blaOXA-800
blaOXA-801,blaOXA-213_fam,blaOXA-801
blaOXA-802,blaOXA-213_fam,blaOXA-802
blaOXA-803,blaOXA-213_fam,blaOXA-803
blaOXA-804,blaOXA-213_fam,blaOXA-804
blaOXA-805,blaOXA-213_fam,blaOXA-805
blaOXA-806,blaOXA-23_fam,blaOXA-806
blaOXA-807,blaOXA-23_fam,blaOXA-807
blaOXA-808,blaOXA-23_fam,blaOXA-808
blaOXA-809,blaOXA-23_fam,blaOXA-809
blaOXA-810,blaOXA-23_fam,blaOXA-810
blaOXA-811,blaOXA-23_fam,blaOXA-811
blaOXA-812,blaOXA-23_fam,blaOXA-812
blaOXA-813,blaOXA-23_fam,blaOXA-813
blaOXA-814,blaOXA-23_fam,blaOXA-814
blaOXA-815,blaOXA-23_fam,blaOXA-815
blaOXA-816,blaOXA-23_fam,blaOXA-816
blaOXA-817,blaOXA-23_fam,blaOXA-817
blaOXA-818,blaOXA-23_fam,blaOXA-818
blaOXA-819,blaOXA-213_fam,blaOXA-819
blaOXA-82,blaOXA-51_fam,blaOXA-82
blaOXA-820,blaOXA-213_fam,blaOXA-820
blaOXA-821,blaOXA-213_fam,blaOXA-821
blaOXA-822,blaOXA-213_fam,blaOXA-822
blaOXA-823,blaOXA-10_fam,blaOXA-823
blaOXA-824,blaOXA-10_fam,blaOXA-824
blaOXA-825,blaOXA-143_fam,blaOXA-825
blaOXA-826,blaOXA-213_fam,blaOXA-826
blaOXA-827,blaOXA-10_fam,blaOXA-827
blaOXA-828,blaOXA-51_fam,blaOXA-828
blaOXA-829,blaOXA-51_fam,blaOXA-829
blaOXA-83,blaOXA-51_fam,blaOXA-83
blaOXA-830,blaOXA-PR,blaOXA-830
blaOXA-831,blaOXA-51_fam,blaOXA-831
blaOXA-832,blaOXA-213_fam,blaOXA-832
blaOXA-833,blaOXA-48_fam,blaOXA-833
blaOXA-834,blaOXA-51_fam,blaOXA-834
blaOXA-835,blaOXA-46_fam,blaOXA-835
blaOXA-836,blaOXA-10_fam,blaOXA-836
blaOXA-837,blaOXA-837_fam,blaOXA-837
blaOXA-837_fam,blaOXA,blaOXA
blaOXA-838,blaOXA-2_fam,blaOXA-838
blaOXA-839,blaOXA-114_fam,blaOXA-839
blaOXA-84,blaOXA-51_fam,blaOXA-84
blaOXA-840,blaOXA-213_fam,blaOXA-840
blaOXA-841,blaOXA-213_fam,blaOXA-841
blaOXA-842,blaOXA-213_fam,blaOXA-842
blaOXA-843,blaOXA-213_fam,blaOXA-843
blaOXA-844,blaOXA-213_fam,blaOXA-844
blaOXA-845,blaOXA-214_fam,blaOXA-845
blaOXA-846,blaOXA-50_fam,blaOXA-846
blaOXA-847,blaOXA-50_fam,blaOXA-847
blaOXA-848,blaOXA-50_fam,blaOXA-848
blaOXA-849,blaOXA-50_fam,blaOXA-849
blaOXA-85,blaOXA-85_fam,blaOXA-85
blaOXA-850,blaOXA-50_fam,blaOXA-850
blaOXA-851,blaOXA-50_fam,blaOXA-851
blaOXA-852,blaOXA-51_fam,blaOXA-852
blaOXA-853,blaOXA-51_fam,blaOXA-853
blaOXA-854,blaOXA-51_fam,blaOXA-854
blaOXA-855,blaOXA-51_fam,blaOXA-855
blaOXA-856,blaOXA-51_fam,blaOXA-856
blaOXA-857,blaOXA-51_fam,blaOXA-857
blaOXA-858,blaOXA-51_fam,blaOXA-858
blaOXA-859,blaOXA-51_fam,blaOXA-859
blaOXA-85_fam,blaOXA,blaOXA
blaOXA-86,blaOXA-51_fam,blaOXA-86
blaOXA-860,blaOXA-51_fam,blaOXA-860
blaOXA-861,blaOXA-51_fam,blaOXA-861
blaOXA-862,blaOXA-51_fam,blaOXA-862
blaOXA-863,blaOXA-51_fam,blaOXA-863
blaOXA-864,blaOXA-51_fam,blaOXA-864
blaOXA-865,blaOXA-51_fam,blaOXA-865
blaOXA-866,blaOXA-51_fam,blaOXA-866
blaOXA-867,blaOXA-51_fam,blaOXA-867
blaOXA-868,blaOXA-51_fam,blaOXA-868
blaOXA-869,blaOXA-51_fam,blaOXA-869
blaOXA-87,blaOXA-51_fam,blaOXA-87
blaOXA-870,blaOXA-51_fam,blaOXA-870
blaOXA-871,blaOXA-51_fam,blaOXA-871
blaOXA-872,blaOXA-51_fam,blaOXA-872
blaOXA-873,blaOXA-51_fam,blaOXA-873
blaOXA-874,blaOXA-51_fam,blaOXA-874
blaOXA-875,blaOXA-51_fam,blaOXA-875
blaOXA-876,blaOXA-51_fam,blaOXA-876
blaOXA-877,blaOXA-51_fam,blaOXA-877
blaOXA-878,blaOXA-51_fam,blaOXA-878
blaOXA-879,blaOXA-51_fam,blaOXA-879
blaOXA-88,blaOXA-51_fam,blaOXA-88
blaOXA-880,blaOXA-51_fam,blaOXA-880
blaOXA-881,blaOXA-51_fam,blaOXA-881
blaOXA-882,blaOXA-51_fam,blaOXA-882
blaOXA-883,blaOXA-51_fam,blaOXA-883
blaOXA-884,blaOXA-51_fam,blaOXA-884
blaOXA-885,blaOXA-51_fam,blaOXA-885
blaOXA-886,blaOXA-51_fam,blaOXA-886
blaOXA-887,blaOXA-51_fam,blaOXA-887
blaOXA-888,blaOXA-51_fam,blaOXA-888
blaOXA-889,blaOXA-51_fam,blaOXA-889
blaOXA-89,blaOXA-51_fam,blaOXA-89
blaOXA-890,blaOXA-51_fam,blaOXA-890
blaOXA-891,blaOXA-51_fam,blaOXA-891
blaOXA-892,blaOXA-51_fam,blaOXA-892
blaOXA-893,blaOXA-23_fam,blaOXA-893
blaOXA-894,blaOXA-48_fam,blaOXA-894
blaOXA-895,blaOXA-229_fam,blaOXA-895
blaOXA-896,blaOXA-9_fam,blaOXA-896
blaOXA-897,blaOXA-24_fam,blaOXA-897
blaOXA-898,blaOXA-60_fam,blaOXA-898
blaOXA-899,blaOXA-22_fam,blaOXA-899
blaOXA-9,blaOXA-9_fam,blaOXA-9
blaOXA-90,blaOXA-51_fam,blaOXA-90
blaOXA-900,blaOXA,blaOXA-900
blaOXA-901,blaOXA-50_fam,blaOXA-901
blaOXA-902,blaOXA-50_fam,blaOXA-902
blaOXA-903,blaOXA-50_fam,blaOXA-903
blaOXA-904,blaOXA-50_fam,blaOXA-904
blaOXA-905,blaOXA-50_fam,blaOXA-905
blaOXA-906,blaOXA-50_fam,blaOXA-906
blaOXA-907,blaOXA-50_fam,blaOXA-907
blaOXA-908,blaOXA-50_fam,blaOXA-908
blaOXA-909,blaOXA-51_fam,blaOXA-909
blaOXA-91,blaOXA-51_fam,blaOXA-91
blaOXA-910,blaOXA-51_fam,blaOXA-910
blaOXA-911,blaOXA-23_fam,blaOXA-911
blaOXA-912,blaOXA-12_fam,blaOXA-912
blaOXA-913,blaOXA-50_fam,blaOXA-913
blaOXA-914,blaOXA-50_fam,blaOXA-914
blaOXA-915,blaOXA-134_fam,blaOXA-915
blaOXA-916,blaOXA-51_fam,blaOXA-916
blaOXA-917,blaOXA-427_fam,blaOXA-917
blaOXA-918,blaOXA-48_fam,blaOXA-918
blaOXA-919,blaOXA-919_fam,blaOXA-919
blaOXA-919_fam,blaOXA-PR,blaOXA
blaOXA-92,blaOXA-51_fam,blaOXA-92
blaOXA-920,blaOXA-48_fam,blaOXA-920
blaOXA-921,blaOXA-1_fam,blaOXA-921
blaOXA-922,blaOXA-48_fam,blaOXA-922
blaOXA-923,blaOXA-48_fam,blaOXA-923
blaOXA-924,blaOXA-48_fam,blaOXA-924
blaOXA-925,blaOXA-258_fam,blaOXA-925
blaOXA-926,blaOXA-PR,blaOXA-926
blaOXA-927,blaOXA-51_fam,blaOXA-927
blaOXA-928,blaOXA-10_fam,blaOXA-928
blaOXA-929,blaOXA-48_fam,blaOXA-929
blaOXA-93,blaOXA-51_fam,blaOXA-93
blaOXA-930,blaOXA-229_fam,blaOXA-930
blaOXA-931,blaOXA-229_fam,blaOXA-931
blaOXA-932,blaOXA-10_fam,blaOXA-932
blaOXA-933,blaOXA-48_fam,blaOXA-933
blaOXA-934,blaOXA-48_fam,blaOXA-934
blaOXA-935,blaOXA-10_fam,blaOXA-935
blaOXA-936,blaOXA-214_fam,blaOXA-936
blaOXA-937,blaOXA-50_fam,blaOXA-937
blaOXA-938,blaOXA-51_fam,blaOXA-938
blaOXA-939,blaOXA-51_fam,blaOXA-939
blaOXA-94,blaOXA-51_fam,blaOXA-94
blaOXA-940,blaOXA-51_fam,blaOXA-940
blaOXA-941,blaOXA-213_fam,blaOXA-941
blaOXA-942,blaOXA-213_fam,blaOXA-942
blaOXA-943,blaOXA-213_fam,blaOXA-943
blaOXA-944,blaOXA-274_fam,blaOXA-944
blaOXA-945,blaOXA-143_fam,blaOXA-945
blaOXA-946,blaOXA-679_fam,blaOXA-946
blaOXA-947,blaOXA-679_fam,blaOXA-947
blaOXA-948,blaOXA-679_fam,blaOXA-948
blaOXA-949,blaOXA-679_fam,blaOXA-949
blaOXA-95,blaOXA-51_fam,blaOXA-95
blaOXA-950,blaOXA-12_fam,blaOXA-950
blaOXA-951,blaOXA-12_fam,blaOXA-951
blaOXA-952,blaOXA-229_fam,blaOXA-952
blaOXA-953,blaOXA-229_fam,blaOXA-953
blaOXA-954,blaOXA-51_fam,blaOXA-954
blaOXA-955,blaOXA-51_fam,blaOXA-955
blaOXA-956,blaOXA-PR,blaOXA-956
blaOXA-957,bla-D,blaOXA-957
blaOXA-958,blaOXA-12_fam,blaOXA-958
blaOXA-959,blaOXA-12_fam,blaOXA-959
blaOXA-96,blaOXA-58_fam,blaOXA-96
blaOXA-960,blaOXA-55_fam,blaOXA-960
blaOXA-961,blaOXA-55_fam,blaOXA-961
blaOXA-962,blaOXA-55_fam,blaOXA-962
blaOXA-963,blaOXA-55_fam,blaOXA-963
blaOXA-964,blaOXA-55_fam,blaOXA-964
blaOXA-965,blaOXA-55_fam,blaOXA-965
blaOXA-966,blaOXA-23_fam,blaOXA-966
blaOXA-967,blaOXA-23_fam,blaOXA-967
blaOXA-968,blaOXA-23_fam,blaOXA-968
blaOXA-969,blaOXA-23_fam,blaOXA-969
blaOXA-97,blaOXA-58_fam,blaOXA-97
blaOXA-970,blaOXA-51_fam,blaOXA-970
blaOXA-971,blaOXA-51_fam,blaOXA-971
blaOXA-972,blaOXA-51_fam,blaOXA-972
blaOXA-973,blaOXA-51_fam,blaOXA-973
blaOXA-974,blaOXA-51_fam,blaOXA-974
blaOXA-975,blaOXA-51_fam,blaOXA-975
blaOXA-976,blaOXA-51_fam,blaOXA-976
blaOXA-977,blaOXA-51_fam,blaOXA-977
blaOXA-978,blaOXA-213_fam,blaOXA-978
blaOXA-979,blaOXA-213_fam,blaOXA-979
blaOXA-98,blaOXA-51_fam,blaOXA-98
blaOXA-980,blaOXA-213_fam,blaOXA-980
blaOXA-981,blaOXA,blaOXA-981
blaOXA-982,blaOXA-294_fam,blaOXA-982
blaOXA-983,blaOXA-229_fam,blaOXA-983
blaOXA-984,blaOXA-294_fam,blaOXA-984
blaOXA-985,blaOXA-213_fam,blaOXA-985
blaOXA-986,blaOXA-213_fam,blaOXA-986
blaOXA-987,blaOXA-213_fam,blaOXA-987
blaOXA-988,blaOXA-213_fam,blaOXA-988
blaOXA-989,blaOXA-213_fam,blaOXA-989
blaOXA-99,blaOXA-51_fam,blaOXA-99
blaOXA-990,blaOXA-213_fam,blaOXA-990
blaOXA-991,blaOXA-134_fam,blaOXA-991
blaOXA-992,blaOXA-213_fam,blaOXA-992
blaOXA-993,blaOXA-294_fam,blaOXA-993
blaOXA-994,blaOXA-294_fam,blaOXA-994
blaOXA-995,blaOXA-294_fam,blaOXA-995
blaOXA-996,blaOXA-294_fam,blaOXA-996
blaOXA-997,blaOXA-294_fam,blaOXA-997
blaOXA-998,blaOXA-294_fam,blaOXA-998
blaOXA-999,blaOXA,blaOXA-999
blaOXA-9_fam,blaOXA-PR,blaOXA
blaOXA-MSI,blaOXA,blaOXA-MSI
blaOXA-PR,bla-D,blaOXA
blaOXA-VL06,bla-D,blaOXA
blaOXA_Campy,blaOXA,blaOXA
blaOXY,bla-A,blaOXY
blaOXY-1,blaOXY,blaOXY
blaOXY-1-1,blaOXY-1,blaOXY-1-1
blaOXY-1-10,blaOXY-1,blaOXY-1-10
blaOXY-1-11,blaOXY-1,blaOXY-1-11
blaOXY-1-12,blaOXY-1,blaOXY-1-12
blaOXY-1-13,blaOXY-1,blaOXY-1-13
blaOXY-1-14,blaOXY-1,blaOXY-1-14
blaOXY-1-15,blaOXY-1,blaOXY-1-15
blaOXY-1-16,blaOXY-1,blaOXY-1-16
blaOXY-1-17,blaOXY-1,blaOXY-1-17
blaOXY-1-18,blaOXY-1,blaOXY-1-18
blaOXY-1-19,blaOXY-1,blaOXY-1-19
blaOXY-1-2,blaOXY-1,blaOXY-1-2
blaOXY-1-20,blaOXY-1,blaOXY-1-20
blaOXY-1-21,blaOXY-1,blaOXY-1-21
blaOXY-1-22,blaOXY-1,blaOXY-1-22
blaOXY-1-23,blaOXY-1,blaOXY-1-23
blaOXY-1-24,blaOXY-1,blaOXY-1-24
blaOXY-1-25,blaOXY-1,blaOXY-1-25
blaOXY-1-26,blaOXY-1,blaOXY-1-26
blaOXY-1-27,blaOXY-1,blaOXY-1-27
blaOXY-1-28,blaOXY-1,blaOXY-1-28
blaOXY-1-29,blaOXY-1,blaOXY-1-29
blaOXY-1-3,blaOXY-1,blaOXY-1-3
blaOXY-1-30,blaOXY-1,blaOXY-1-30
blaOXY-1-31,blaOXY-1,blaOXY-1-31
blaOXY-1-32,blaOXY-1,blaOXY-1-32
blaOXY-1-33,blaOXY-1,blaOXY-1-33
blaOXY-1-34,blaOXY-1,blaOXY-1-34
blaOXY-1-35,blaOXY-1,blaOXY-1-35
blaOXY-1-36,blaOXY-1,blaOXY-1-36
blaOXY-1-37,blaOXY-1,blaOXY-1-37
blaOXY-1-38,blaOXY-1,blaOXY-1-38
blaOXY-1-39,blaOXY-1,blaOXY-1-39
blaOXY-1-4,blaOXY-1,blaOXY-1-4
blaOXY-1-40,blaOXY-1,blaOXY-1-40
blaOXY-1-41,blaOXY-1,blaOXY-1-41
blaOXY-1-42,blaOXY-1,blaOXY-1-42
blaOXY-1-43,blaOXY-1,blaOXY-1-43
blaOXY-1-44,blaOXY-1,blaOXY-1-44
blaOXY-1-45,blaOXY-1,blaOXY-1-45
blaOXY-1-46,blaOXY-1,blaOXY-1-46
blaOXY-1-47,blaOXY-1,blaOXY-1-47
blaOXY-1-48,blaOXY-1,blaOXY-1-48
blaOXY-1-49,blaOXY-1,blaOXY-1-49
blaOXY-1-50,blaOXY-1,blaOXY-1-50
blaOXY-1-51,blaOXY-1,blaOXY-1-51
blaOXY-1-6,blaOXY-1,blaOXY-1-6
blaOXY-1-7,blaOXY-1,blaOXY-1-7
blaOXY-1-8,blaOXY-1,blaOXY-1-8
blaOXY-1-9,blaOXY-1,blaOXY-1-9
blaOXY-10,blaOXY,blaOXY
blaOXY-10-1,blaOXY-10,blaOXY-10-1
blaOXY-11,blaOXY,blaOXY
blaOXY-11-1,blaOXY-11,blaOXY-11-1
blaOXY-12,blaOXY,blaOXY
blaOXY-12-1,blaOXY-12,blaOXY-12-1
blaOXY-12-2,blaOXY-12,blaOXY-12-2
blaOXY-13,blaOXY,blaOXY
blaOXY-13-1,blaOXY-13,blaOXY-13-1
blaOXY-2,blaOXY,blaOXY
blaOXY-2-1,blaOXY-2,blaOXY-2-1
blaOXY-2-10,blaOXY-2,blaOXY-2-10
blaOXY-2-11,blaOXY-2,blaOXY-2-11
blaOXY-2-12,blaOXY-2,blaOXY-2-12
blaOXY-2-13,blaOXY-2,blaOXY-2-13
blaOXY-2-14,blaOXY-2,blaOXY-2-14
blaOXY-2-15,blaOXY-2,blaOXY-2-15
blaOXY-2-16,blaOXY-2,blaOXY-2-16
blaOXY-2-17,blaOXY-2,blaOXY-2-17
blaOXY-2-18,blaOXY-2,blaOXY-2-18
blaOXY-2-19,blaOXY-2,blaOXY-2-19
blaOXY-2-2,blaOXY-2,blaOXY-2-2
blaOXY-2-20,blaOXY-2,blaOXY-2-20
blaOXY-2-21,blaOXY-2,blaOXY-2-21
blaOXY-2-22,blaOXY-2,blaOXY-2-22
blaOXY-2-23,blaOXY-2,blaOXY-2-23
blaOXY-2-24,blaOXY-2,blaOXY-2-24
blaOXY-2-25,blaOXY-2,blaOXY-2-25
blaOXY-2-26,blaOXY-2,blaOXY-2-26
blaOXY-2-27,blaOXY-2,blaOXY-2-27
blaOXY-2-28,blaOXY-2,blaOXY-2-28
blaOXY-2-29,blaOXY-2,blaOXY-2-29
blaOXY-2-3,blaOXY-2,blaOXY-2-3
blaOXY-2-30,blaOXY-2,blaOXY-2-30
blaOXY-2-31,blaOXY-2,blaOXY-2-31
blaOXY-2-32,blaOXY-2,blaOXY-2-32
blaOXY-2-33,blaOXY-2,blaOXY-2-33
blaOXY-2-34,blaOXY-2,blaOXY-2-34
blaOXY-2-35,blaOXY-2,blaOXY-2-35
blaOXY-2-36,blaOXY-2,blaOXY-2-36
blaOXY-2-37,blaOXY-2,blaOXY-2-37
blaOXY-2-38,blaOXY-2,blaOXY-2-38
blaOXY-2-39,blaOXY-2,blaOXY-2-39
blaOXY-2-4,blaOXY-2,blaOXY-2-4
blaOXY-2-40,blaOXY-2,blaOXY-2-40
blaOXY-2-41,blaOXY-2,blaOXY-2-41
blaOXY-2-42,blaOXY-2,blaOXY-2-42
blaOXY-2-43,blaOXY-2,blaOXY-2-43
blaOXY-2-44,blaOXY-2,blaOXY-2-44
blaOXY-2-45,blaOXY-2,blaOXY-2-45
blaOXY-2-46,blaOXY-2,blaOXY-2-46
blaOXY-2-47,blaOXY-2,blaOXY-2-47
blaOXY-2-48,blaOXY-2,blaOXY-2-48
blaOXY-2-49,blaOXY-2,blaOXY-2-49
blaOXY-2-5,blaOXY-2,blaOXY-2-5
blaOXY-2-50,blaOXY-2,blaOXY-2-50
blaOXY-2-51,blaOXY-2,blaOXY-2-51
blaOXY-2-52,blaOXY-2,blaOXY-2-52
blaOXY-2-53,blaOXY-2,blaOXY-2-53
blaOXY-2-54,blaOXY-2,blaOXY-2-54
blaOXY-2-55,blaOXY-2,blaOXY-2-55
blaOXY-2-56,blaOXY-2,blaOXY-2-56
blaOXY-2-57,blaOXY-2,blaOXY-2-57
blaOXY-2-58,blaOXY-2,blaOXY-2-58
blaOXY-2-59,blaOXY-2,blaOXY-2-59
blaOXY-2-6,blaOXY-2,blaOXY-2-6
blaOXY-2-60,blaOXY-2,blaOXY-2-60
blaOXY-2-61,blaOXY-2,blaOXY-2-61
blaOXY-2-62,blaOXY-2,blaOXY-2-62
blaOXY-2-63,blaOXY-2,blaOXY-2-63
blaOXY-2-64,blaOXY-2,blaOXY-2-64
blaOXY-2-65,blaOXY-2,blaOXY-2-65
blaOXY-2-66,blaOXY-2,blaOXY-2-66
blaOXY-2-67,blaOXY-2,blaOXY-2-67
blaOXY-2-68,blaOXY-2,blaOXY-2-68
blaOXY-2-69,blaOXY-2,blaOXY-2-69
blaOXY-2-7,blaOXY-2,blaOXY-2-7
blaOXY-2-70,blaOXY-2,blaOXY-2-70
blaOXY-2-71,blaOXY-2,blaOXY-2-71
blaOXY-2-8,blaOXY-2,blaOXY-2-8
blaOXY-2-9,blaOXY-2,blaOXY-2-9
blaOXY-3,blaOXY,blaOXY
blaOXY-3-1,blaOXY-3,blaOXY-3-1
blaOXY-3-2,blaOXY-3,blaOXY-3-2
blaOXY-3-3,blaOXY-3,blaOXY-3-3
blaOXY-4,blaOXY,blaOXY
blaOXY-4-1,blaOXY-4,blaOXY-4-1
blaOXY-4-2,blaOXY-4,blaOXY-4-2
blaOXY-4-3,blaOXY-4,blaOXY-4-3
blaOXY-4-4,blaOXY-4,blaOXY-4-4
blaOXY-4-5,blaOXY-4,blaOXY-4-5
blaOXY-5,blaOXY,blaOXY
blaOXY-5-1,blaOXY-5,blaOXY-5-1
blaOXY-5-10,blaOXY-5,blaOXY-5-10
blaOXY-5-11,blaOXY-5,blaOXY-5-11
blaOXY-5-12,blaOXY-5,blaOXY-5-12
blaOXY-5-13,blaOXY-5,blaOXY-5-13
blaOXY-5-14,blaOXY-5,blaOXY-5-14
blaOXY-5-15,blaOXY-5,blaOXY-5-15
blaOXY-5-2,blaOXY-5,blaOXY-5-2
blaOXY-5-3,blaOXY-5,blaOXY-5-3
blaOXY-5-4,blaOXY-5,blaOXY-5-4
blaOXY-5-5,blaOXY-5,blaOXY-5-5
blaOXY-5-6,blaOXY-5,blaOXY-5-6
blaOXY-5-7,blaOXY-5,blaOXY-5-7
blaOXY-5-8,blaOXY-5,blaOXY-5-8
blaOXY-5-9,blaOXY-5,blaOXY-5-9
blaOXY-6,blaOXY,blaOXY
blaOXY-6-1,blaOXY-6,blaOXY-6-1
blaOXY-6-10,blaOXY-6,blaOXY-6-10
blaOXY-6-11,blaOXY-6,blaOXY-6-11
blaOXY-6-12,blaOXY-6,blaOXY-6-12
blaOXY-6-13,blaOXY-6,blaOXY-6-13
blaOXY-6-14,blaOXY-6,blaOXY-6-14
blaOXY-6-15,blaOXY-6,blaOXY-6-15
blaOXY-6-16,blaOXY-6,blaOXY-6-16
blaOXY-6-17,blaOXY-6,blaOXY-6-17
blaOXY-6-18,blaOXY-6,blaOXY-6-18
blaOXY-6-19,blaOXY-6,blaOXY-6-19
blaOXY-6-2,blaOXY-6,blaOXY-6-2
blaOXY-6-20,blaOXY-6,blaOXY-6-20
blaOXY-6-21,blaOXY-6,blaOXY-6-21
blaOXY-6-22,blaOXY-6,blaOXY-6-22
blaOXY-6-23,blaOXY-6,blaOXY-6-23
blaOXY-6-24,blaOXY-6,blaOXY-6-24
blaOXY-6-25,blaOXY-6,blaOXY-6-25
blaOXY-6-26,blaOXY-6,blaOXY-6-26
blaOXY-6-27,blaOXY-6,blaOXY-6-27
blaOXY-6-3,blaOXY-6,blaOXY-6-3
blaOXY-6-4,blaOXY-6,blaOXY-6-4
blaOXY-6-5,blaOXY-6,blaOXY-6-5
blaOXY-6-6,blaOXY-6,blaOXY-6-6
blaOXY-6-7,blaOXY-6,blaOXY-6-7
blaOXY-6-8,blaOXY-6,blaOXY-6-8
blaOXY-6-9,blaOXY-6,blaOXY-6-9
blaOXY-7,blaOXY,blaOXY
blaOXY-7-1,blaOXY-7,blaOXY-7-1
blaOXY-8,blaOXY,blaOXY
blaOXY-8-1,blaOXY-8,blaOXY-8-1
blaOXY-8-2,blaOXY-8,blaOXY-8-2
blaOXY-8-3,blaOXY-8,blaOXY-8-3
blaOXY-8-4,blaOXY-8,blaOXY-8-4
blaOXY-8-5,blaOXY-8,blaOXY-8-5
blaOXY-8-6,blaOXY-8,blaOXY-8-6
blaOXY-8-7,blaOXY-8,blaOXY-8-7
blaOXY-9,blaOXY,blaOXY
blaOXY-9-1,blaOXY-9,blaOXY-9-1
blaP,bla-A_firm,blaP
blaPAC,bla-C,blaPAC
blaPAC-1,blaPAC,blaPAC-1
blaPAC-2,blaPAC,blaPAC-2
blaPAD,bla-A,blaPAD
blaPAD-1,blaPAD,blaPAD-1
blaPAM,bla-B3,blaPAM
blaPAM-1,blaPAM,blaPAM-1
blaPAM-2,blaPAM,blaPAM-2
blaPAM-3,blaPAM,blaPAM-3
blaPAM-5,blaPAM,blaPAM-5
blaPAM-6,blaPAM,blaPAM-6
blaPAM-7,blaPAM,blaPAM-7
blaPAN,bla-B1,blaPAN
blaPAN-1,blaPAN,blaPAN-1
blaPAU,bla-A,blaPAU
blaPAU-1,blaPAU,blaPAU-1
blaPC1,blaZ,blaPC1
blaPDC,blaPDC_gen,blaPDC
blaPDC-1,blaPDC,blaPDC-1
blaPDC-10,blaPDC,blaPDC-10
blaPDC-100,blaPDC,blaPDC-100
blaPDC-101,blaPDC,blaPDC-101
blaPDC-102,blaPDC,blaPDC-102
blaPDC-103,blaPDC,blaPDC-103
blaPDC-104,blaPDC,blaPDC-104
blaPDC-105,blaPDC,blaPDC-105
blaPDC-106,blaPDC,blaPDC-106
blaPDC-107,blaPDC,blaPDC-107
blaPDC-108,blaPDC,blaPDC-108
blaPDC-109,blaPDC,blaPDC-109
blaPDC-11,blaPDC,blaPDC-11
blaPDC-110,blaPDC,blaPDC-110
blaPDC-111,blaPDC,blaPDC-111
blaPDC-112,blaPDC,blaPDC-112
blaPDC-113,blaPDC,blaPDC-113
blaPDC-114,blaPDC,blaPDC-114
blaPDC-115,blaPDC,blaPDC-115
blaPDC-116,blaPDC,blaPDC-116
blaPDC-117,blaPDC,blaPDC-117
blaPDC-118,blaPDC,blaPDC-118
blaPDC-119,blaPDC,blaPDC-119
blaPDC-12,blaPDC,blaPDC-12
blaPDC-120,blaPDC,blaPDC-120
blaPDC-121,blaPDC,blaPDC-121
blaPDC-122,blaPDC,blaPDC-122
blaPDC-123,blaPDC,blaPDC-123
blaPDC-124,blaPDC,blaPDC-124
blaPDC-125,blaPDC_var,blaPDC-125
blaPDC-126,blaPDC,blaPDC-126
blaPDC-127,blaPDC,blaPDC-127
blaPDC-128,blaPDC,blaPDC-128
blaPDC-129,blaPDC,blaPDC-129
blaPDC-13,blaPDC,blaPDC-13
blaPDC-130,blaPDC,blaPDC-130
blaPDC-131,blaPDC,blaPDC-131
blaPDC-132,blaPDC,blaPDC-132
blaPDC-133,blaPDC,blaPDC-133
blaPDC-134,blaPDC,blaPDC-134
blaPDC-135,blaPDC,blaPDC-135
blaPDC-136,blaPDC,blaPDC-136
blaPDC-137,blaPDC,blaPDC-137
blaPDC-138,blaPDC,blaPDC-138
blaPDC-139,blaPDC,blaPDC-139
blaPDC-14,blaPDC,blaPDC-14
blaPDC-140,blaPDC_var,blaPDC-140
blaPDC-141,blaPDC,blaPDC-141
blaPDC-142,blaPDC,blaPDC-142
blaPDC-143,blaPDC,blaPDC-143
blaPDC-144,blaPDC,blaPDC-144
blaPDC-145,blaPDC,blaPDC-145
blaPDC-146,blaPDC,blaPDC-146
blaPDC-147,blaPDC,blaPDC-147
blaPDC-148,blaPDC,blaPDC-148
blaPDC-149,blaPDC,blaPDC-149
blaPDC-15,blaPDC,blaPDC-15
blaPDC-150,blaPDC,blaPDC-150
blaPDC-151,blaPDC_var,blaPDC-151
blaPDC-152,blaPDC,blaPDC-152
blaPDC-153,blaPDC,blaPDC-153
blaPDC-154,blaPDC,blaPDC-154
blaPDC-155,blaPDC,blaPDC-155
blaPDC-156,blaPDC,blaPDC-156
blaPDC-157,blaPDC,blaPDC-157
blaPDC-158,blaPDC,blaPDC-158
blaPDC-159,blaPDC,blaPDC-159
blaPDC-16,blaPDC,blaPDC-16
blaPDC-160,blaPDC_var,blaPDC-160
blaPDC-161,blaPDC,blaPDC-161
blaPDC-162,blaPDC,blaPDC-162
blaPDC-163,blaPDC,blaPDC-163
blaPDC-164,blaPDC,blaPDC-164
blaPDC-165,blaPDC,blaPDC-165
blaPDC-166,blaPDC,blaPDC-166
blaPDC-167,blaPDC,blaPDC-167
blaPDC-168,blaPDC,blaPDC-168
blaPDC-169,blaPDC,blaPDC-169
blaPDC-17,blaPDC,blaPDC-17
blaPDC-170,blaPDC,blaPDC-170
blaPDC-171,blaPDC,blaPDC-171
blaPDC-172,blaPDC,blaPDC-172
blaPDC-173,blaPDC,blaPDC-173
blaPDC-174,blaPDC,blaPDC-174
blaPDC-175,blaPDC,blaPDC-175
blaPDC-176,blaPDC,blaPDC-176
blaPDC-177,blaPDC,blaPDC-177
blaPDC-178,blaPDC,blaPDC-178
blaPDC-179,blaPDC,blaPDC-179
blaPDC-18,blaPDC,blaPDC-18
blaPDC-180,blaPDC,blaPDC-180
blaPDC-181,blaPDC,blaPDC-181
blaPDC-182,blaPDC,blaPDC-182
blaPDC-183,blaPDC,blaPDC-183
blaPDC-184,blaPDC,blaPDC-184
blaPDC-185,blaPDC,blaPDC-185
blaPDC-186,blaPDC,blaPDC-186
blaPDC-187,blaPDC,blaPDC-187
blaPDC-188,blaPDC,blaPDC-188
blaPDC-189,blaPDC,blaPDC-189
blaPDC-190,blaPDC,blaPDC-190
blaPDC-191,blaPDC,blaPDC-191
blaPDC-192,blaPDC,blaPDC-192
blaPDC-193,blaPDC,blaPDC-193
blaPDC-194,blaPDC,blaPDC-194
blaPDC-195,blaPDC,blaPDC-195
blaPDC-196,blaPDC,blaPDC-196
blaPDC-197,blaPDC,blaPDC-197
blaPDC-198,blaPDC,blaPDC-198
blaPDC-199,blaPDC,blaPDC-199
blaPDC-19a,blaPDC,blaPDC-19a
blaPDC-19b,blaPDC,blaPDC-19b
blaPDC-2,blaPDC,blaPDC-2
blaPDC-20,blaPDC,blaPDC-20
blaPDC-200,blaPDC,blaPDC-200
blaPDC-201,blaPDC,blaPDC-201
blaPDC-202,blaPDC,blaPDC-202
blaPDC-203,blaPDC,blaPDC-203
blaPDC-204,blaPDC,blaPDC-204
blaPDC-205,blaPDC,blaPDC-205
blaPDC-206,blaPDC,blaPDC-206
blaPDC-207,blaPDC,blaPDC-207
blaPDC-208,blaPDC,blaPDC-208
blaPDC-209,blaPDC,blaPDC-209
blaPDC-210,blaPDC,blaPDC-210
blaPDC-211,blaPDC,blaPDC-211
blaPDC-212,blaPDC,blaPDC-212
blaPDC-213,blaPDC,blaPDC-213
blaPDC-214,blaPDC,blaPDC-214
blaPDC-215,blaPDC,blaPDC-215
blaPDC-216,blaPDC,blaPDC-216
blaPDC-217,blaPDC,blaPDC-217
blaPDC-218,blaPDC,blaPDC-218
blaPDC-219,blaPDC,blaPDC-219
blaPDC-21a,blaPDC,blaPDC-21a
blaPDC-21b,blaPDC,blaPDC-21b
blaPDC-22,blaPDC,blaPDC-22
blaPDC-220,blaPDC,blaPDC-220
blaPDC-221,blaPDC,blaPDC-221
blaPDC-222,blaPDC,blaPDC-222
blaPDC-223,blaPDC,blaPDC-223
blaPDC-224,blaPDC,blaPDC-224
blaPDC-225,blaPDC,blaPDC-225
blaPDC-226,blaPDC,blaPDC-226
blaPDC-227,blaPDC,blaPDC-227
blaPDC-228,blaPDC,blaPDC-228
blaPDC-229,blaPDC,blaPDC-229
blaPDC-23,blaPDC,blaPDC-23
blaPDC-230,blaPDC,blaPDC-230
blaPDC-231,blaPDC,blaPDC-231
blaPDC-232,blaPDC,blaPDC-232
blaPDC-233,blaPDC,blaPDC-233
blaPDC-234,blaPDC,blaPDC-234
blaPDC-235,blaPDC,blaPDC-235
blaPDC-236,blaPDC,blaPDC-236
blaPDC-237,blaPDC,blaPDC-237
blaPDC-238,blaPDC,blaPDC-238
blaPDC-239,blaPDC,blaPDC-239
blaPDC-24,blaPDC,blaPDC-24
blaPDC-240,blaPDC,blaPDC-240
blaPDC-241,blaPDC,blaPDC-241
blaPDC-242,blaPDC,blaPDC-242
blaPDC-243,blaPDC,blaPDC-243
blaPDC-244,blaPDC,blaPDC-244
blaPDC-245,blaPDC,blaPDC-245
blaPDC-246,blaPDC,blaPDC-246
blaPDC-247,blaPDC,blaPDC-247
blaPDC-248,blaPDC,blaPDC-248
blaPDC-249,blaPDC,blaPDC-249
blaPDC-25,blaPDC,blaPDC-25
blaPDC-250,blaPDC_var,blaPDC-250
blaPDC-251,blaPDC,blaPDC-251
blaPDC-252,blaPDC,blaPDC-252
blaPDC-253,blaPDC,blaPDC-253
blaPDC-254,blaPDC,blaPDC-254
blaPDC-255,blaPDC,blaPDC-255
blaPDC-256,blaPDC,blaPDC-256
blaPDC-257,blaPDC,blaPDC-257
blaPDC-258,blaPDC,blaPDC-258
blaPDC-259,blaPDC,blaPDC-259
blaPDC-26,blaPDC,blaPDC-26
blaPDC-260,blaPDC,blaPDC-260
blaPDC-261,blaPDC,blaPDC-261
blaPDC-262,blaPDC,blaPDC-262
blaPDC-263,blaPDC,blaPDC-263
blaPDC-264,blaPDC,blaPDC-264
blaPDC-265,blaPDC,blaPDC-265
blaPDC-266,blaPDC,blaPDC-266
blaPDC-267,blaPDC,blaPDC-267
blaPDC-268,blaPDC,blaPDC-268
blaPDC-270,blaPDC,blaPDC-270
blaPDC-271,blaPDC,blaPDC-271
blaPDC-272,blaPDC,blaPDC-272
blaPDC-273,blaPDC,blaPDC-273
blaPDC-274,blaPDC,blaPDC-274
blaPDC-275,blaPDC,blaPDC-275
blaPDC-276,blaPDC,blaPDC-276
blaPDC-277,blaPDC,blaPDC-277
blaPDC-278,blaPDC,blaPDC-278
blaPDC-279,blaPDC,blaPDC-279
blaPDC-28,blaPDC,blaPDC-28
blaPDC-280,blaPDC,blaPDC-280
blaPDC-281,blaPDC,blaPDC-281
blaPDC-282,blaPDC,blaPDC-282
blaPDC-283,blaPDC,blaPDC-283
blaPDC-284,blaPDC,blaPDC-284
blaPDC-285,blaPDC,blaPDC-285
blaPDC-286,blaPDC,blaPDC-286
blaPDC-287,blaPDC,blaPDC-287
blaPDC-288,blaPDC,blaPDC-288
blaPDC-289,blaPDC,blaPDC-289
blaPDC-290,blaPDC,blaPDC-290
blaPDC-291,blaPDC,blaPDC-291
blaPDC-292,blaPDC,blaPDC-292
blaPDC-293,blaPDC,blaPDC-293
blaPDC-294,blaPDC,blaPDC-294
blaPDC-295,blaPDC,blaPDC-295
blaPDC-296,blaPDC,blaPDC-296
blaPDC-297,blaPDC,blaPDC-297
blaPDC-298,blaPDC,blaPDC-298
blaPDC-299,blaPDC,blaPDC-299
blaPDC-3,blaPDC,blaPDC-3
blaPDC-30,blaPDC,blaPDC-30
blaPDC-300,blaPDC,blaPDC-300
blaPDC-301,blaPDC,blaPDC-301
blaPDC-302,blaPDC,blaPDC-302
blaPDC-303,blaPDC,blaPDC-303
blaPDC-304,blaPDC,blaPDC-304
blaPDC-305,blaPDC,blaPDC-305
blaPDC-306,blaPDC,blaPDC-306
blaPDC-307,blaPDC,blaPDC-307
blaPDC-308,blaPDC,blaPDC-308
blaPDC-309,blaPDC,blaPDC-309
blaPDC-31,blaPDC,blaPDC-31
blaPDC-310,blaPDC,blaPDC-310
blaPDC-311,blaPDC,blaPDC-311
blaPDC-312,blaPDC,blaPDC-312
blaPDC-313,blaPDC,blaPDC-313
blaPDC-314,blaPDC,blaPDC-314
blaPDC-315,blaPDC,blaPDC-315
blaPDC-316,blaPDC,blaPDC-316
blaPDC-317,blaPDC,blaPDC-317
blaPDC-318,blaPDC,blaPDC-318
blaPDC-319,blaPDC,blaPDC-319
blaPDC-32,blaPDC,blaPDC-32
blaPDC-320,blaPDC,blaPDC-320
blaPDC-321,blaPDC,blaPDC-321
blaPDC-322,blaPDC,blaPDC-322
blaPDC-323,blaPDC,blaPDC-323
blaPDC-324,blaPDC,blaPDC-324
blaPDC-325,blaPDC,blaPDC-325
blaPDC-326,blaPDC,blaPDC-326
blaPDC-327,blaPDC,blaPDC-327
blaPDC-328,blaPDC,blaPDC-328
blaPDC-329,blaPDC,blaPDC-329
blaPDC-33,blaPDC_var,blaPDC-33
blaPDC-330,blaPDC,blaPDC-330
blaPDC-331,blaPDC,blaPDC-331
blaPDC-332,blaPDC,blaPDC-332
blaPDC-333,blaPDC,blaPDC-333
blaPDC-334,blaPDC,blaPDC-334
blaPDC-335,blaPDC,blaPDC-335
blaPDC-336,blaPDC,blaPDC-336
blaPDC-337,blaPDC,blaPDC-337
blaPDC-338,blaPDC,blaPDC-338
blaPDC-339,blaPDC,blaPDC-339
blaPDC-34,blaPDC,blaPDC-34
blaPDC-340,blaPDC,blaPDC-340
blaPDC-341,blaPDC,blaPDC-341
blaPDC-342,blaPDC_var,blaPDC-342
blaPDC-343,blaPDC_var,blaPDC-343
blaPDC-344,blaPDC_var,blaPDC-344
blaPDC-345,blaPDC,blaPDC-345
blaPDC-346,blaPDC,blaPDC-346
blaPDC-347,blaPDC,blaPDC-347
blaPDC-348,blaPDC,blaPDC-348
blaPDC-349,blaPDC,blaPDC-349
blaPDC-35,blaPDC,blaPDC-35
blaPDC-350,blaPDC,blaPDC-350
blaPDC-351,blaPDC,blaPDC-351
blaPDC-352,blaPDC,blaPDC-352
blaPDC-353,blaPDC,blaPDC-353
blaPDC-354,blaPDC,blaPDC-354
blaPDC-355,blaPDC,blaPDC-355
blaPDC-356,blaPDC,blaPDC-356
blaPDC-357,blaPDC,blaPDC-357
blaPDC-358,blaPDC,blaPDC-358
blaPDC-359,blaPDC,blaPDC-359
blaPDC-36,blaPDC,blaPDC-36
blaPDC-360,blaPDC,blaPDC-360
blaPDC-361,blaPDC,blaPDC-361
blaPDC-362,blaPDC,blaPDC-362
blaPDC-363,blaPDC,blaPDC-363
blaPDC-364,blaPDC,blaPDC-364
blaPDC-365,blaPDC,blaPDC-365
blaPDC-366,blaPDC,blaPDC-366
blaPDC-367,blaPDC,blaPDC-367
blaPDC-368,blaPDC,blaPDC-368
blaPDC-369,blaPDC,blaPDC-369
blaPDC-37,blaPDC,blaPDC-37
blaPDC-370,blaPDC,blaPDC-370
blaPDC-371,blaPDC,blaPDC-371
blaPDC-372,blaPDC,blaPDC-372
blaPDC-373,blaPDC,blaPDC-373
blaPDC-374,blaPDC,blaPDC-374
blaPDC-375,blaPDC,blaPDC-375
blaPDC-376,blaPDC,blaPDC-376
blaPDC-377,blaPDC,blaPDC-377
blaPDC-378,blaPDC,blaPDC-378
blaPDC-379,blaPDC,blaPDC-379
blaPDC-38,blaPDC,blaPDC-38
blaPDC-380,blaPDC,blaPDC-380
blaPDC-381,blaPDC,blaPDC-381
blaPDC-382,blaPDC,blaPDC-382
blaPDC-383,blaPDC,blaPDC-383
blaPDC-384,blaPDC,blaPDC-384
blaPDC-385,blaPDC,blaPDC-385
blaPDC-386,blaPDC,blaPDC-386
blaPDC-387,blaPDC,blaPDC-387
blaPDC-388,blaPDC,blaPDC-388
blaPDC-389,blaPDC,blaPDC-389
blaPDC-39,blaPDC,blaPDC-39
blaPDC-390,blaPDC,blaPDC-390
blaPDC-391,blaPDC,blaPDC-391
blaPDC-392,blaPDC,blaPDC-392
blaPDC-393,blaPDC,blaPDC-393
blaPDC-394,blaPDC,blaPDC-394
blaPDC-395,blaPDC,blaPDC-395
blaPDC-396,blaPDC,blaPDC-396
blaPDC-397,blaPDC,blaPDC-397
blaPDC-398,blaPDC,blaPDC-398
blaPDC-399,blaPDC,blaPDC-399
blaPDC-4,blaPDC,blaPDC-4
blaPDC-40,blaPDC,blaPDC-40
blaPDC-400,blaPDC,blaPDC-400
blaPDC-401,blaPDC,blaPDC-401
blaPDC-402,blaPDC,blaPDC-402
blaPDC-403,blaPDC,blaPDC-403
blaPDC-404,blaPDC,blaPDC-404
blaPDC-405,blaPDC,blaPDC-405
blaPDC-406,blaPDC,blaPDC-406
blaPDC-407,blaPDC,blaPDC-407
blaPDC-408,blaPDC,blaPDC-408
blaPDC-409,blaPDC,blaPDC-409
blaPDC-41,blaPDC_var,blaPDC-41
blaPDC-410,blaPDC,blaPDC-410
blaPDC-411,blaPDC,blaPDC-411
blaPDC-412,blaPDC,blaPDC-412
blaPDC-413,blaPDC,blaPDC-413
blaPDC-414,blaPDC,blaPDC-414
blaPDC-415,blaPDC,blaPDC-415
blaPDC-416,blaPDC,blaPDC-416
blaPDC-417,blaPDC,blaPDC-417
blaPDC-418,blaPDC,blaPDC-418
blaPDC-419,blaPDC,blaPDC-419
blaPDC-42,blaPDC_var,blaPDC-42
blaPDC-420,blaPDC,blaPDC-420
blaPDC-421,blaPDC,blaPDC-421
blaPDC-422,blaPDC,blaPDC-422
blaPDC-423,blaPDC,blaPDC-423
blaPDC-424,blaPDC,blaPDC-424
blaPDC-425,blaPDC,blaPDC-425
blaPDC-426,blaPDC,blaPDC-426
blaPDC-427,blaPDC,blaPDC-427
blaPDC-428,blaPDC,blaPDC-428
blaPDC-429,blaPDC,blaPDC-429
blaPDC-43,blaPDC,blaPDC-43
blaPDC-430,blaPDC,blaPDC-430
blaPDC-431,blaPDC,blaPDC-431
blaPDC-432,blaPDC,blaPDC-432
blaPDC-433,blaPDC,blaPDC-433
blaPDC-434,blaPDC,blaPDC-434
blaPDC-435,blaPDC,blaPDC-435
blaPDC-436,blaPDC,blaPDC-436
blaPDC-437,blaPDC,blaPDC-437
blaPDC-438,blaPDC,blaPDC-438
blaPDC-439,blaPDC,blaPDC-439
blaPDC-44,blaPDC,blaPDC-44
blaPDC-440,blaPDC,blaPDC-440
blaPDC-441,blaPDC,blaPDC-441
blaPDC-442,blaPDC,blaPDC-442
blaPDC-443,blaPDC,blaPDC-443
blaPDC-444,blaPDC,blaPDC-444
blaPDC-445,blaPDC,blaPDC-445
blaPDC-446,blaPDC,blaPDC-446
blaPDC-447,blaPDC,blaPDC-447
blaPDC-448,blaPDC,blaPDC-448
blaPDC-449,blaPDC,blaPDC-449
blaPDC-45,blaPDC,blaPDC-45
blaPDC-450,blaPDC,blaPDC-450
blaPDC-451,blaPDC,blaPDC-451
blaPDC-452,blaPDC,blaPDC-452
blaPDC-453,blaPDC,blaPDC-453
blaPDC-454,blaPDC,blaPDC-454
blaPDC-455,blaPDC_var,blaPDC-455
blaPDC-456,blaPDC,blaPDC-456
blaPDC-457,blaPDC,blaPDC-457
blaPDC-458,blaPDC,blaPDC-458
blaPDC-459,blaPDC,blaPDC-459
blaPDC-46,blaPDC,blaPDC-46
blaPDC-460,blaPDC,blaPDC-460
blaPDC-461,blaPDC,blaPDC-461
blaPDC-462,blaPDC,blaPDC-462
blaPDC-463,blaPDC,blaPDC-463
blaPDC-464,blaPDC,blaPDC-464
blaPDC-465,blaPDC,blaPDC-465
blaPDC-466,blaPDC,blaPDC-466
blaPDC-467,blaPDC,blaPDC-467
blaPDC-468,blaPDC,blaPDC-468
blaPDC-469,blaPDC,blaPDC-469
blaPDC-47,blaPDC,blaPDC-47
blaPDC-470,blaPDC,blaPDC-470
blaPDC-471,blaPDC,blaPDC-471
blaPDC-472,blaPDC,blaPDC-472
blaPDC-473,blaPDC,blaPDC-473
blaPDC-474,blaPDC,blaPDC-474
blaPDC-475,blaPDC,blaPDC-475
blaPDC-476,blaPDC,blaPDC-476
blaPDC-477,blaPDC,blaPDC-477
blaPDC-478,blaPDC,blaPDC-478
blaPDC-479,blaPDC,blaPDC-479
blaPDC-48,blaPDC,blaPDC-48
blaPDC-480,blaPDC,blaPDC-480
blaPDC-481,blaPDC,blaPDC-481
blaPDC-482,blaPDC,blaPDC-482
blaPDC-483,blaPDC,blaPDC-483
blaPDC-484,blaPDC,blaPDC-484
blaPDC-485,blaPDC,blaPDC-485
blaPDC-486,blaPDC,blaPDC-486
blaPDC-487,blaPDC,blaPDC-487
blaPDC-488,blaPDC,blaPDC-488
blaPDC-489,blaPDC,blaPDC-489
blaPDC-49,blaPDC,blaPDC-49
blaPDC-490,blaPDC,blaPDC-490
blaPDC-491,blaPDC,blaPDC-491
blaPDC-492,blaPDC,blaPDC-492
blaPDC-493,blaPDC,blaPDC-493
blaPDC-494,blaPDC,blaPDC-494
blaPDC-495,blaPDC,blaPDC-495
blaPDC-496,blaPDC,blaPDC-496
blaPDC-497,blaPDC,blaPDC-497
blaPDC-498,blaPDC,blaPDC-498
blaPDC-499,blaPDC,blaPDC-499
blaPDC-5,blaPDC,blaPDC-5
blaPDC-50,blaPDC,blaPDC-50
blaPDC-500,blaPDC,blaPDC-500
blaPDC-501,blaPDC,blaPDC-501
blaPDC-502,blaPDC,blaPDC-502
blaPDC-503,blaPDC,blaPDC-503
blaPDC-504,blaPDC,blaPDC-504
blaPDC-505,blaPDC,blaPDC-505
blaPDC-506,blaPDC,blaPDC-506
blaPDC-507,blaPDC,blaPDC-507
blaPDC-508,blaPDC,blaPDC-508
blaPDC-509,blaPDC,blaPDC-509
blaPDC-51,blaPDC,blaPDC-51
blaPDC-510,blaPDC,blaPDC-510
blaPDC-511,blaPDC,blaPDC-511
blaPDC-512,blaPDC,blaPDC-512
blaPDC-513,blaPDC,blaPDC-513
blaPDC-514,blaPDC,blaPDC-514
blaPDC-515,blaPDC,blaPDC-515
blaPDC-516,blaPDC,blaPDC-516
blaPDC-517,blaPDC,blaPDC-517
blaPDC-518,blaPDC,blaPDC-518
blaPDC-519,blaPDC,blaPDC-519
blaPDC-52,blaPDC,blaPDC-52
blaPDC-520,blaPDC,blaPDC-520
blaPDC-521,blaPDC,blaPDC-521
blaPDC-522,blaPDC,blaPDC-522
blaPDC-523,blaPDC,blaPDC-523
blaPDC-524,blaPDC,blaPDC-524
blaPDC-525,blaPDC,blaPDC-525
blaPDC-526,blaPDC,blaPDC-526
blaPDC-527,blaPDC,blaPDC-527
blaPDC-528,blaPDC,blaPDC-528
blaPDC-529,blaPDC,blaPDC-529
blaPDC-53,blaPDC,blaPDC-53
blaPDC-530,blaPDC,blaPDC-530
blaPDC-531,blaPDC,blaPDC-531
blaPDC-532,blaPDC,blaPDC-532
blaPDC-533,blaPDC,blaPDC-533
blaPDC-534,blaPDC,blaPDC-534
blaPDC-535,blaPDC,blaPDC-535
blaPDC-536,blaPDC,blaPDC-536
blaPDC-537,blaPDC,blaPDC-537
blaPDC-538,blaPDC,blaPDC-538
blaPDC-539,blaPDC,blaPDC-539
blaPDC-54,blaPDC,blaPDC-54
blaPDC-540,blaPDC,blaPDC-540
blaPDC-541,blaPDC,blaPDC-541
blaPDC-542,blaPDC,blaPDC-542
blaPDC-543,blaPDC,blaPDC-543
blaPDC-544,blaPDC,blaPDC-544
blaPDC-545,blaPDC,blaPDC-545
blaPDC-546,blaPDC,blaPDC-546
blaPDC-547,blaPDC,blaPDC-547
blaPDC-548,blaPDC,blaPDC-548
blaPDC-549,blaPDC,blaPDC-549
blaPDC-55,blaPDC,blaPDC-55
blaPDC-550,blaPDC,blaPDC-550
blaPDC-551,blaPDC,blaPDC-551
blaPDC-552,blaPDC,blaPDC-552
blaPDC-553,blaPDC,blaPDC-553
blaPDC-554,blaPDC,blaPDC-554
blaPDC-555,blaPDC,blaPDC-555
blaPDC-556,blaPDC,blaPDC-556
blaPDC-557,blaPDC,blaPDC-557
blaPDC-558,blaPDC,blaPDC-558
blaPDC-559,blaPDC,blaPDC-559
blaPDC-56,blaPDC,blaPDC-56
blaPDC-560,blaPDC,blaPDC-560
blaPDC-561,blaPDC,blaPDC-561
blaPDC-562,blaPDC,blaPDC-562
blaPDC-563,blaPDC,blaPDC-563
blaPDC-564,blaPDC,blaPDC-564
blaPDC-565,blaPDC,blaPDC-565
blaPDC-566,blaPDC,blaPDC-566
blaPDC-567,blaPDC,blaPDC-567
blaPDC-568,blaPDC,blaPDC-568
blaPDC-569,blaPDC,blaPDC-569
blaPDC-57,blaPDC,blaPDC-57
blaPDC-570,blaPDC,blaPDC-570
blaPDC-571,blaPDC,blaPDC-571
blaPDC-572,blaPDC,blaPDC-572
blaPDC-573,blaPDC,blaPDC-573
blaPDC-574,blaPDC,blaPDC-574
blaPDC-575,blaPDC,blaPDC-575
blaPDC-576,blaPDC,blaPDC-576
blaPDC-577,blaPDC,blaPDC-577
blaPDC-578,blaPDC,blaPDC-578
blaPDC-579,blaPDC,blaPDC-579
blaPDC-58,blaPDC,blaPDC-58
blaPDC-580,blaPDC,blaPDC-580
blaPDC-581,blaPDC,blaPDC-581
blaPDC-582,blaPDC,blaPDC-582
blaPDC-583,blaPDC,blaPDC-583
blaPDC-584,blaPDC,blaPDC-584
blaPDC-585,blaPDC,blaPDC-585
blaPDC-586,blaPDC,blaPDC-586
blaPDC-587,blaPDC,blaPDC-587
blaPDC-588,blaPDC,blaPDC-588
blaPDC-589,blaPDC,blaPDC-589
blaPDC-59,blaPDC,blaPDC-59
blaPDC-590,blaPDC,blaPDC-590
blaPDC-591,blaPDC,blaPDC-591
blaPDC-592,blaPDC,blaPDC-592
blaPDC-593,blaPDC,blaPDC-593
blaPDC-594,blaPDC,blaPDC-594
blaPDC-595,blaPDC,blaPDC-595
blaPDC-596,blaPDC,blaPDC-596
blaPDC-597,blaPDC,blaPDC-597
blaPDC-598,blaPDC,blaPDC-598
blaPDC-599,blaPDC,blaPDC-599
blaPDC-6,blaPDC,blaPDC-6
blaPDC-60,blaPDC,blaPDC-60
blaPDC-600,blaPDC,blaPDC-600
blaPDC-601,blaPDC,blaPDC-601
blaPDC-602,blaPDC,blaPDC-602
blaPDC-603,blaPDC,blaPDC-603
blaPDC-604,blaPDC,blaPDC-604
blaPDC-605,blaPDC,blaPDC-605
blaPDC-606,blaPDC,blaPDC-606
blaPDC-607,blaPDC,blaPDC-607
blaPDC-608,blaPDC,blaPDC-608
blaPDC-609,blaPDC,blaPDC-609
blaPDC-61,blaPDC,blaPDC-61
blaPDC-610,blaPDC,blaPDC-610
blaPDC-611,blaPDC,blaPDC-611
blaPDC-612,blaPDC,blaPDC-612
blaPDC-613,blaPDC,blaPDC-613
blaPDC-614,blaPDC,blaPDC-614
blaPDC-615,blaPDC,blaPDC-615
blaPDC-616,blaPDC,blaPDC-616
blaPDC-617,blaPDC,blaPDC-617
blaPDC-618,blaPDC,blaPDC-618
blaPDC-619,blaPDC,blaPDC-619
blaPDC-62,blaPDC_var,blaPDC-62
blaPDC-620,blaPDC,blaPDC-620
blaPDC-621,blaPDC,blaPDC-621
blaPDC-622,blaPDC,blaPDC-622
blaPDC-623,blaPDC,blaPDC-623
blaPDC-624,blaPDC,blaPDC-624
blaPDC-625,blaPDC,blaPDC-625
blaPDC-626,blaPDC,blaPDC-626
blaPDC-627,blaPDC,blaPDC-627
blaPDC-628,blaPDC,blaPDC-628
blaPDC-629,blaPDC,blaPDC-629
blaPDC-63,blaPDC,blaPDC-63
blaPDC-630,blaPDC,blaPDC-630
blaPDC-631,blaPDC,blaPDC-631
blaPDC-632,blaPDC,blaPDC-632
blaPDC-633,blaPDC,blaPDC-633
blaPDC-634,blaPDC,blaPDC-634
blaPDC-635,blaPDC,blaPDC-635
blaPDC-636,blaPDC,blaPDC-636
blaPDC-637,blaPDC,blaPDC-637
blaPDC-638,blaPDC,blaPDC-638
blaPDC-639,blaPDC,blaPDC-639
blaPDC-64,blaPDC,blaPDC-64
blaPDC-640,blaPDC,blaPDC-640
blaPDC-641,blaPDC,blaPDC-641
blaPDC-642,blaPDC,blaPDC-642
blaPDC-643,blaPDC,blaPDC-643
blaPDC-644,blaPDC,blaPDC-644
blaPDC-645,blaPDC,blaPDC-645
blaPDC-646,blaPDC,blaPDC-646
blaPDC-647,blaPDC,blaPDC-647
blaPDC-648,blaPDC,blaPDC-648
blaPDC-649,blaPDC,blaPDC-649
blaPDC-65,blaPDC,blaPDC-65
blaPDC-650,blaPDC,blaPDC-650
blaPDC-651,blaPDC,blaPDC-651
blaPDC-652,blaPDC,blaPDC-652
blaPDC-653,blaPDC,blaPDC-653
blaPDC-654,blaPDC,blaPDC-654
blaPDC-655,blaPDC,blaPDC-655
blaPDC-656,blaPDC,blaPDC-656
blaPDC-657,blaPDC,blaPDC-657
blaPDC-658,blaPDC,blaPDC-658
blaPDC-659,blaPDC,blaPDC-659
blaPDC-66,blaPDC,blaPDC-66
blaPDC-660,blaPDC,blaPDC-660
blaPDC-661,blaPDC,blaPDC-661
blaPDC-662,blaPDC,blaPDC-662
blaPDC-663,blaPDC,blaPDC-663
blaPDC-664,blaPDC,blaPDC-664
blaPDC-665,blaPDC,blaPDC-665
blaPDC-666,blaPDC,blaPDC-666
blaPDC-667,blaPDC,blaPDC-667
blaPDC-668,blaPDC,blaPDC-668
blaPDC-669,blaPDC,blaPDC-669
blaPDC-67,blaPDC,blaPDC-67
blaPDC-670,blaPDC,blaPDC-670
blaPDC-671,blaPDC,blaPDC-671
blaPDC-672,blaPDC,blaPDC-672
blaPDC-673,blaPDC,blaPDC-673
blaPDC-674,blaPDC,blaPDC-674
blaPDC-675,blaPDC_var,blaPDC-675
blaPDC-676,blaPDC,blaPDC-676
blaPDC-677,blaPDC,blaPDC-677
blaPDC-678,blaPDC,blaPDC-678
blaPDC-679,blaPDC,blaPDC-679
blaPDC-68,blaPDC,blaPDC-68
blaPDC-680,blaPDC,blaPDC-680
blaPDC-681,blaPDC,blaPDC-681
blaPDC-682,blaPDC,blaPDC-682
blaPDC-683,blaPDC,blaPDC-683
blaPDC-684,blaPDC,blaPDC-684
blaPDC-685,blaPDC,blaPDC-685
blaPDC-686,blaPDC,blaPDC-686
blaPDC-687,blaPDC,blaPDC-687
blaPDC-688,blaPDC,blaPDC-688
blaPDC-689,blaPDC,blaPDC-689
blaPDC-69,blaPDC,blaPDC-69
blaPDC-690,blaPDC,blaPDC-690
blaPDC-691,blaPDC,blaPDC-691
blaPDC-692,blaPDC,blaPDC-692
blaPDC-693,blaPDC,blaPDC-693
blaPDC-694,blaPDC,blaPDC-694
blaPDC-695,blaPDC,blaPDC-695
blaPDC-696,blaPDC,blaPDC-696
blaPDC-697,blaPDC,blaPDC-697
blaPDC-698,blaPDC,blaPDC-698
blaPDC-699,blaPDC,blaPDC-699
blaPDC-7,blaPDC,blaPDC-7
blaPDC-70,blaPDC,blaPDC-70
blaPDC-700,blaPDC,blaPDC-700
blaPDC-701,blaPDC,blaPDC-701
blaPDC-702,blaPDC,blaPDC-702
blaPDC-703,blaPDC,blaPDC-703
blaPDC-704,blaPDC,blaPDC-704
blaPDC-705,blaPDC,blaPDC-705
blaPDC-706,blaPDC,blaPDC-706
blaPDC-707,blaPDC,blaPDC-707
blaPDC-708,blaPDC,blaPDC-708
blaPDC-709,blaPDC,blaPDC-709
blaPDC-71,blaPDC,blaPDC-71
blaPDC-710,blaPDC,blaPDC-710
blaPDC-712,blaPDC,blaPDC-712
blaPDC-713,blaPDC,blaPDC-713
blaPDC-714,blaPDC,blaPDC-714
blaPDC-715,blaPDC,blaPDC-715
blaPDC-716,blaPDC,blaPDC-716
blaPDC-717,blaPDC,blaPDC-717
blaPDC-718,blaPDC,blaPDC-718
blaPDC-719,blaPDC,blaPDC-719
blaPDC-72,blaPDC,blaPDC-72
blaPDC-721,blaPDC,blaPDC-721
blaPDC-722,blaPDC,blaPDC-722
blaPDC-723,blaPDC,blaPDC-723
blaPDC-74,blaPDC,blaPDC-74
blaPDC-8,blaPDC,blaPDC-8
blaPDC-80,blaPDC,blaPDC-80
blaPDC-86,blaPDC,blaPDC-86
blaPDC-9,blaPDC,blaPDC-9
blaPDC-94,blaPDC,blaPDC-94
blaPDC-95,blaPDC,blaPDC-95
blaPDC-96,blaPDC,blaPDC-96
blaPDC-97,blaPDC,blaPDC-97
blaPDC-98,blaPDC,blaPDC-98
blaPDC-99,blaPDC,blaPDC-99
blaPDC_gen,bla-C,blaPDC
blaPDC_var,blaPDC_gen,blaPDC
blaPEDO-1,blaPEDO-1_fam,blaPEDO-1
blaPEDO-1_fam,bla-B3,blaB3PEDO
blaPEDO-2,blaPEDO-2_fam,blaPEDO-2
blaPEDO-2_fam,bla-B3,blaB3PEDO
blaPEDO-3,blaPEDO-3_fam,blaPEDO-3
blaPEDO-3_fam,blaB-IND-MUS,blaB1PEDO
blaPEN,bla-A,blaPEN
blaPEN-A,blaPEN-bcc,blaPEN-A
blaPEN-A1,blaPEN-A,blaPEN-A1
blaPEN-A10,blaPEN-A,blaPEN-A10
blaPEN-A11,blaPEN-A,blaPEN-A11
blaPEN-A12,blaPEN-A,blaPEN-A12
blaPEN-A13,blaPEN-A,blaPEN-A13
blaPEN-A15,blaPEN-A,blaPEN-A15
blaPEN-A16,blaPEN-A,blaPEN-A16
blaPEN-A17,blaPEN-A,blaPEN-A17
blaPEN-A18,blaPEN-A,blaPEN-A18
blaPEN-A19,blaPEN-A,blaPEN-A19
blaPEN-A2,blaPEN-A,blaPEN-A2
blaPEN-A20,blaPEN-A,blaPEN-A20
blaPEN-A21,blaPEN-A,blaPEN-A21
blaPEN-A22,blaPEN-A,blaPEN-A22
blaPEN-A23,blaPEN-A,blaPEN-A23
blaPEN-A24,blaPEN-A,blaPEN-A24
blaPEN-A25,blaPEN-A,blaPEN-A25
blaPEN-A26,blaPEN-A,blaPEN-A26
blaPEN-A27,blaPEN-A,blaPEN-A27
blaPEN-A28,blaPEN-A,blaPEN-A28
blaPEN-A29,blaPEN-A,blaPEN-A29
blaPEN-A3,blaPEN-A,blaPEN-A3
blaPEN-A30,blaPEN-A,blaPEN-A30
blaPEN-A31,blaPEN-A,blaPEN-A31
blaPEN-A32,blaPEN-A,blaPEN-A32
blaPEN-A33,blaPEN-A,blaPEN-A33
blaPEN-A34,blaPEN-A,blaPEN-A34
blaPEN-A35,blaPEN-A,blaPEN-A35
blaPEN-A37,blaPEN-A,blaPEN-A37
blaPEN-A38,blaPEN-A,blaPEN-A38
blaPEN-A4,blaPEN-A,blaPEN-A4
blaPEN-A5,blaPEN-A,blaPEN-A5
blaPEN-A6,blaPEN-A,blaPEN-A6
blaPEN-A7,blaPEN-A,blaPEN-A7
blaPEN-A8,blaPEN-A,blaPEN-A8
blaPEN-A9,blaPEN-A,blaPEN-A9
blaPEN-B,blaPEN-bcc,blaPEN-B
blaPEN-B1,blaPEN-B,blaPEN-B1
blaPEN-B2,blaPEN-B,blaPEN-B2
blaPEN-B3,blaPEN-B,blaPEN-B3
blaPEN-B4,blaPEN-B,blaPEN-B4
blaPEN-E,blaPEN-bcc,blaPEN-E
blaPEN-F,blaPEN-bcc,blaPEN-F
blaPEN-G,blaPEN-bcc,blaPEN-G
blaPEN-H,blaPEN-bcc,blaPEN-H
blaPEN-I,blaPEN-bpc,blaPEN-I
blaPEN-J,blaPEN-bpc,blaPEN-J
blaPEN-L,blaPEN-bpc,blaPEN-L
blaPEN-M,blaPEN-bpc,blaPEN-M
blaPEN-N,blaPEN,blaPEN-N
blaPEN-bcc,blaPEN,blaPEN-bcc
blaPEN-bpc,blaPEN,blaPEN-bpc
blaPER,bla-A2,blaPER
blaPER-1,blaPER,blaPER-1
blaPER-10,blaPER,blaPER-10
blaPER-11,blaPER,blaPER-11
blaPER-12,blaPER,blaPER-12
blaPER-13,blaPER,blaPER-13
blaPER-14,blaPER,blaPER-14
blaPER-15,blaPER,blaPER-15
blaPER-16,blaPER,blaPER-16
blaPER-17,blaPER,blaPER-17
blaPER-18,blaPER,blaPER-18
blaPER-2,blaPER,blaPER-2
blaPER-3,blaPER,blaPER-3
blaPER-4,blaPER,blaPER-4
blaPER-5,blaPER,blaPER-5
blaPER-6,blaPER,blaPER-6
blaPER-7,blaPER,blaPER-7
blaPER-8,blaPER,blaPER-8
blaPER-9,blaPER,blaPER-9
blaPFM,blaSFH_gen,blaPFM
blaPFM-1,blaPFM,blaPFM-1
blaPFM-2,blaPFM,blaPFM-2
blaPFM-3,blaPFM,blaPFM-3
blaPFM-4,blaPFM,blaPFM-4
blaPFM-5,blaPFM,blaPFM-5
blaPJM,bla-B3,blaPJM
blaPJM-1,blaPJM,blaPJM-1
blaPJM-2,blaPJM,blaPJM-2
blaPLA,blaPLA-ORN-TER,blaPLA
blaPLA-1,blaPLA,blaPLA-1
blaPLA-2a,blaPLA,blaPLA-2a
blaPLA-3,blaPLA,blaPLA-3
blaPLA-4,blaPLA,blaPLA-4
blaPLA-5,blaPLA,blaPLA-5
blaPLA-6,blaPLA,blaPLA-6
blaPLA-ORN-TER,bla-A,bla
blaPLN,bla-B3,blaPLN
blaPLN-1,blaPLN,blaPLN-1
blaPME,bla-A,blaPME
blaPME-1,blaPME,blaPME-1
blaPNC,bla-C,blaPNC
blaPNC-1,blaPNC,blaPNC-1
blaPNC-2,blaPNC,blaPNC-2
blaPNC-3,blaPNC,blaPNC-3
blaPNGM,bla-B,blaPNGM
blaPNGM-1,blaPNGM,blaPNGM-1
blaPOM,bla-B3,blaPOM
blaPOM-1,blaPOM,blaPOM-1
blaPOM-10,blaPOM,blaPOM-10
blaPOM-11,blaPOM,blaPOM-11
blaPOM-12,blaPOM,blaPOM-12
blaPOM-13,blaPOM,blaPOM-13
blaPOM-14,blaPOM,blaPOM-14
blaPOM-15,blaPOM,blaPOM-15
blaPOM-16,blaPOM,blaPOM-16
blaPOM-17,blaPOM,blaPOM-17
blaPOM-18,blaPOM,blaPOM-18
blaPOM-19,blaPOM,blaPOM-19
blaPOM-2,blaPOM,blaPOM-2
blaPOM-20,blaPOM,blaPOM-20
blaPOM-21,blaPOM,blaPOM-21
blaPOM-22,blaPOM,blaPOM-22
blaPOM-23,blaPOM,blaPOM-23
blaPOM-24,blaPOM,blaPOM-24
blaPOM-25,blaPOM,blaPOM-25
blaPOM-26,blaPOM,blaPOM-26
blaPOM-27,blaPOM,blaPOM-27
blaPOM-3,blaPOM,blaPOM-3
blaPOM-4,blaPOM,blaPOM-4
blaPOM-5,blaPOM,blaPOM-5
blaPOM-6,blaPOM,blaPOM-6
blaPOM-7,blaPOM,blaPOM-7
blaPOM-8,blaPOM,blaPOM-8
blaPOM-9,blaPOM,blaPOM-9
blaPRC,bla-C,blaPRC
blaPRC-1,blaPRC,blaPRC-1
blaPSE,blaCARB_gen,blaPSE
blaPST,blaDIM-SIM-IMP,blaPST
blaPST-1,blaPST,blaPST-1
blaPST-2,blaPST,blaPST-2
blaPSV,bla-A,blaPSV
blaPSV-1,blaPSV,blaPSV-1
blaPSZ,bla-C,blaPSZ
blaPSZ-1,blaPSZ,blaPSZ-1
blaPYX,bla-B1,blaPYX
blaPYX-1,blaPYX,blaPYX-1
blaPYX-2,blaPYX,blaPYX-2
blaR1,blaR1_gen,blaR1
blaR1-2,blaR1,blaR1
blaR1_gen,AMR,blaR1
blaR39,bla-A,blaR39
blaRAA,bla-A2,blaRAA
blaRAA-1,blaRAA,blaRAA-1
blaRAD,blaOXA,blaRAD
blaRAD-1,blaRAD,blaRAD-1
blaRAHN,bla-A,blaRAHN
blaRAHN-1,blaRAHN,blaRAHN-1
blaRAHN-2,blaRAHN,blaRAHN-2
blaRAHN-3,blaRAHN,blaRAHN-3
blaRAHN-4,blaRAHN,blaRAHN-4
blaRAHN-5,blaRAHN,blaRAHN-5
blaRAHN-6,blaRAHN,blaRAHN-6
blaRASA,bla-A,blaRASA
blaRASA-1,blaRASA,blaRASA-1
blaRATA,bla-A2,blaRATA
blaRATA-1,blaRATA,blaRATA-1
blaRATA-2,blaRATA,blaRATA-2
blaRCP,bla-A,blaRCP
blaRHO,bla-C,blaRHO
blaROB,bla-A,blaROB
blaROB-1,blaROB,blaROB-1
blaROB-10,blaROB,blaROB-10
blaROB-11,blaROB,blaROB-11
blaROB-12,blaROB,blaROB-12
blaROB-13,blaROB,blaROB-13
blaROB-2,blaROB,blaROB-2
blaROB-3,blaROB,blaROB-3
blaROB-4,blaROB,blaROB-4
blaROB-5,blaROB,blaROB-5
blaROB-6,blaROB,blaROB-6
blaROB-7,blaROB,blaROB-7
blaROB-8,blaROB,blaROB-8
blaRSA1,bla-A,blaRSA1
blaRSA1-1,blaRSA1,blaRSA1-1
blaRSA2,bla-A,blaRSA2
blaRSA2-1,blaRSA2,blaRSA2-1
blaRSC1,bla-C,blaRSC1
blaRSC1-1,blaRSC1,blaRSC1-1
blaRSD1,blaOXA,blaRSD1
blaRSD1-1,blaRSD1,blaRSD1-1
blaRSD2,blaOXA,blaRSD2
blaRSD2-1,blaRSD2,blaRSD2-1
blaRSD2-2,blaRSD2,blaRSD2-2
blaRTG,blaCARB_gen,blaRTG
blaRUB,bla-A,blaRUB
blaRUB-1,blaRUB,blaRUB-1
blaRm3,bla-B3,blaRm3
blaS,bla-A,blaS
blaSAM,bla-B3,blaSAM
blaSAM-1,blaSAM,blaSAM-1
blaSCO,bla-A,blaSCO
blaSCO-1,blaSCO,blaSCO-1
blaSCO-2,blaSCO,blaSCO-2
blaSED,blaSED_CdiA,blaSED
blaSED-1,blaSED,blaSED-1
blaSED_CdiA,bla-A,bla
blaSFB-1,blaSHW,blaSFB-1
blaSFC,bla-A_carba,blaSFC
blaSFC-1,blaSFC,blaSFC-1
blaSFC-2,blaSFC,blaSFC-2
blaSFC-3,blaSFC,blaSFC-3
blaSFDC,CMY2-MIR-ACT-EC,blaSFDC
blaSFDC-1,blaSFDC,blaSFDC-1
blaSFH,blaSFH_gen,blaSFH
blaSFH-1,blaSFH,blaSFH-1
blaSFH_gen,bla-B2,bla
blaSFO-1,blaFONA,blaSFO-1
blaSGM,bla-A,blaSGM
blaSGM-1,blaSGM,blaSGM-1
blaSGM-2,blaSGM,blaSGM-2
blaSGM-3,blaSGM,blaSGM-3
blaSGM-4,blaSGM,blaSGM-4
blaSGM-5,blaSGM,blaSGM-5
blaSGM-6,blaSGM,blaSGM-6
blaSGM-7,blaSGM,blaSGM-7
blaSHD,blaDIM-SIM-IMP,blaSHD
blaSHD-1,blaSHD,blaSHD-1
blaSHN,bla-B1,blaSHN
blaSHN-1,blaSHN,blaSHN-1
blaSHV,blaSHV-LEN,blaSHV
blaSHV-1,blaSHV,blaSHV-1
blaSHV-100,blaSHV,blaSHV-100
blaSHV-101,blaSHV,blaSHV-101
blaSHV-102,blaSHV,blaSHV-102
blaSHV-103,blaSHV,blaSHV-103
blaSHV-104,blaSHV,blaSHV-104
blaSHV-105,blaSHV,blaSHV-105
blaSHV-106,blaSHV,blaSHV-106
blaSHV-107,blaSHV,blaSHV-107
blaSHV-108,blaSHV,blaSHV-108
blaSHV-109,blaSHV,blaSHV-109
blaSHV-11,blaSHV,blaSHV-11
blaSHV-110,blaSHV,blaSHV-110
blaSHV-111,blaSHV,blaSHV-111
blaSHV-115,blaSHV,blaSHV-115
blaSHV-116,blaSHV,blaSHV-116
blaSHV-119,blaSHV,blaSHV-119
blaSHV-12,blaSHV,blaSHV-12
blaSHV-120,blaSHV,blaSHV-120
blaSHV-121,blaSHV,blaSHV-121
blaSHV-122b,blaSHV,blaSHV-122b
blaSHV-128,blaSHV,blaSHV-128
blaSHV-129,blaSHV,blaSHV-129
blaSHV-13,blaSHV,blaSHV-13
blaSHV-132,blaSHV,blaSHV-132
blaSHV-133,blaSHV,blaSHV-133
blaSHV-134,blaSHV,blaSHV-134
blaSHV-135,blaSHV,blaSHV-135
blaSHV-137,blaSHV,blaSHV-137
blaSHV-14,blaSHV,blaSHV-14
blaSHV-141,blaSHV,blaSHV-141
blaSHV-142,blaSHV,blaSHV-142
blaSHV-143,blaSHV,blaSHV-143
blaSHV-144,blaSHV,blaSHV-144
blaSHV-145,blaSHV,blaSHV-145
blaSHV-146,blaSHV,blaSHV-146
blaSHV-147,blaSHV,blaSHV-147
blaSHV-148,blaSHV,blaSHV-148
blaSHV-149,blaSHV,blaSHV-149
blaSHV-15,blaSHV,blaSHV-15
blaSHV-150,blaSHV,blaSHV-150
blaSHV-151,blaSHV,blaSHV-151
blaSHV-152,blaSHV,blaSHV-152
blaSHV-153,blaSHV,blaSHV-153
blaSHV-154,blaSHV,blaSHV-154
blaSHV-155,blaSHV,blaSHV-155
blaSHV-156,blaSHV,blaSHV-156
blaSHV-157,blaSHV,blaSHV-157
blaSHV-158,blaSHV,blaSHV-158
blaSHV-159,blaSHV,blaSHV-159
blaSHV-16,blaSHV,blaSHV-16
blaSHV-160,blaSHV,blaSHV-160
blaSHV-161,blaSHV,blaSHV-161
blaSHV-162,blaSHV,blaSHV-162
blaSHV-163,blaSHV,blaSHV-163
blaSHV-164,blaSHV,blaSHV-164
blaSHV-165,blaSHV,blaSHV-165
blaSHV-168,blaSHV,blaSHV-168
blaSHV-171,blaSHV,blaSHV-171
blaSHV-172,blaSHV,blaSHV-172
blaSHV-173,blaSHV,blaSHV-173
blaSHV-175,blaSHV,blaSHV-175
blaSHV-178,blaSHV,blaSHV-178
blaSHV-179,blaSHV,blaSHV-179
blaSHV-18,blaSHV,blaSHV-18
blaSHV-180,blaSHV,blaSHV-180
blaSHV-182,blaSHV,blaSHV-182
blaSHV-183,blaSHV,blaSHV-183
blaSHV-185,blaSHV,blaSHV-185
blaSHV-186,blaSHV,blaSHV-186
blaSHV-187,blaSHV,blaSHV-187
blaSHV-188,blaSHV,blaSHV-188
blaSHV-189,blaSHV,blaSHV-189
blaSHV-19,blaSHV,blaSHV-19
blaSHV-190,blaSHV,blaSHV-190
blaSHV-191,blaSHV,blaSHV-191
blaSHV-193,blaSHV,blaSHV-193
blaSHV-194,blaSHV,blaSHV-194
blaSHV-195,blaSHV,blaSHV-195
blaSHV-196,blaSHV,blaSHV-196
blaSHV-197,blaSHV,blaSHV-197
blaSHV-198,blaSHV,blaSHV-198
blaSHV-199,blaSHV,blaSHV-199
blaSHV-1b-b,blaSHV,blaSHV-1b-b
blaSHV-2,blaSHV,blaSHV-2
blaSHV-200,blaSHV,blaSHV-200
blaSHV-201,blaSHV,blaSHV-201
blaSHV-202,blaSHV,blaSHV-202
blaSHV-203,blaSHV,blaSHV-203
blaSHV-204,blaSHV,blaSHV-204
blaSHV-205,blaSHV,blaSHV-205
blaSHV-206,blaSHV,blaSHV-206
blaSHV-207,blaSHV,blaSHV-207
blaSHV-208,blaSHV,blaSHV-208
blaSHV-209,blaSHV,blaSHV-209
blaSHV-210,blaSHV,blaSHV-210
blaSHV-211,blaSHV,blaSHV-211
blaSHV-212,blaSHV,blaSHV-212
blaSHV-213,blaSHV,blaSHV-213
blaSHV-214,blaSHV,blaSHV-214
blaSHV-215,blaSHV,blaSHV-215
blaSHV-216,blaSHV,blaSHV-216
blaSHV-217,blaSHV,blaSHV-217
blaSHV-218,blaSHV,blaSHV-218
blaSHV-219,blaSHV,blaSHV-219
blaSHV-220,blaSHV,blaSHV-220
blaSHV-221,blaSHV,blaSHV-221
blaSHV-222,blaSHV,blaSHV-222
blaSHV-223,blaSHV,blaSHV-223
blaSHV-224,blaSHV,blaSHV-224
blaSHV-225,blaSHV,blaSHV-225
blaSHV-226,blaSHV,blaSHV-226
blaSHV-227,blaSHV,blaSHV-227
blaSHV-228,blaSHV,blaSHV-228
blaSHV-229,blaSHV,blaSHV-229
blaSHV-230,blaSHV,blaSHV-230
blaSHV-231,blaSHV,blaSHV-231
blaSHV-232,blaSHV,blaSHV-232
blaSHV-233,blaSHV,blaSHV-233
blaSHV-234,blaSHV,blaSHV-234
blaSHV-235,blaSHV,blaSHV-235
blaSHV-236,blaSHV,blaSHV-236
blaSHV-237,blaSHV,blaSHV-237
blaSHV-238,blaSHV,blaSHV-238
blaSHV-239,blaSHV,blaSHV-239
blaSHV-24,blaSHV,blaSHV-24
blaSHV-240,blaSHV,blaSHV-240
blaSHV-241,blaSHV,blaSHV-241
blaSHV-242,blaSHV,blaSHV-242
blaSHV-243,blaSHV,blaSHV-243
blaSHV-244,blaSHV,blaSHV-244
blaSHV-245,blaSHV,blaSHV-245
blaSHV-246,blaSHV,blaSHV-246
blaSHV-247,blaSHV,blaSHV-247
blaSHV-248,blaSHV,blaSHV-248
blaSHV-249,blaSHV,blaSHV-249
blaSHV-25,blaSHV,blaSHV-25
blaSHV-250,blaSHV,blaSHV-250
blaSHV-251,blaSHV,blaSHV-251
blaSHV-252,blaSHV,blaSHV-252
blaSHV-253,blaSHV,blaSHV-253
blaSHV-254,blaSHV,blaSHV-254
blaSHV-255,blaSHV,blaSHV-255
blaSHV-256,blaSHV,blaSHV-256
blaSHV-257,blaSHV,blaSHV-257
blaSHV-26,blaSHV,blaSHV-26
blaSHV-27,blaSHV,blaSHV-27
blaSHV-28,blaSHV,blaSHV-28
blaSHV-29,blaSHV,blaSHV-29
blaSHV-2A,blaSHV,blaSHV-2A
blaSHV-3,blaSHV,blaSHV-3
blaSHV-30,blaSHV,blaSHV-30
blaSHV-31,blaSHV,blaSHV-31
blaSHV-32,blaSHV,blaSHV-32
blaSHV-33,blaSHV,blaSHV-33
blaSHV-34,blaSHV,blaSHV-34
blaSHV-35,blaSHV,blaSHV-35
blaSHV-36,blaSHV,blaSHV-36
blaSHV-37,blaSHV,blaSHV-37
blaSHV-38,blaSHV,blaSHV-38
blaSHV-4,blaSHV,blaSHV-4
blaSHV-40,blaSHV,blaSHV-40
blaSHV-41,blaSHV,blaSHV-41
blaSHV-42,blaSHV,blaSHV-42
blaSHV-43,blaSHV,blaSHV-43
blaSHV-44,blaSHV,blaSHV-44
blaSHV-45,blaSHV,blaSHV-45
blaSHV-46,blaSHV,blaSHV-46
blaSHV-48,blaSHV,blaSHV-48
blaSHV-49,blaSHV,blaSHV-49
blaSHV-5,blaSHV,blaSHV-5
blaSHV-50,blaSHV,blaSHV-50
blaSHV-51,blaSHV,blaSHV-51
blaSHV-52,blaSHV,blaSHV-52
blaSHV-55,blaSHV,blaSHV-55
blaSHV-56,blaSHV,blaSHV-56
blaSHV-57,blaSHV,blaSHV-57
blaSHV-59,blaSHV,blaSHV-59
blaSHV-6,blaSHV,blaSHV-6
blaSHV-60,blaSHV,blaSHV-60
blaSHV-61,blaSHV,blaSHV-61
blaSHV-62,blaSHV,blaSHV-62
blaSHV-63,blaSHV,blaSHV-63
blaSHV-64,blaSHV,blaSHV-64
blaSHV-65,blaSHV,blaSHV-65
blaSHV-66,blaSHV,blaSHV-66
blaSHV-67,blaSHV,blaSHV-67
blaSHV-69,blaSHV,blaSHV-69
blaSHV-7,blaSHV,blaSHV-7
blaSHV-70,blaSHV,blaSHV-70
blaSHV-71,blaSHV,blaSHV-71
blaSHV-72,blaSHV,blaSHV-72
blaSHV-73,blaSHV,blaSHV-73
blaSHV-74,blaSHV,blaSHV-74
blaSHV-75,blaSHV,blaSHV-75
blaSHV-76,blaSHV,blaSHV-76
blaSHV-77,blaSHV,blaSHV-77
blaSHV-78,blaSHV,blaSHV-78
blaSHV-79,blaSHV,blaSHV-79
blaSHV-8,blaSHV,blaSHV-8
blaSHV-80,blaSHV,blaSHV-80
blaSHV-81,blaSHV,blaSHV-81
blaSHV-82,blaSHV,blaSHV-82
blaSHV-84,blaSHV,blaSHV-84
blaSHV-85,blaSHV,blaSHV-85
blaSHV-86,blaSHV,blaSHV-86
blaSHV-89,blaSHV,blaSHV-89
blaSHV-9,blaSHV,blaSHV-9
blaSHV-92,blaSHV,blaSHV-92
blaSHV-93,blaSHV,blaSHV-93
blaSHV-94,blaSHV,blaSHV-94
blaSHV-95,blaSHV,blaSHV-95
blaSHV-96,blaSHV,blaSHV-96
blaSHV-97,blaSHV,blaSHV-97
blaSHV-98,blaSHV,blaSHV-98
blaSHV-99,blaSHV,blaSHV-99
blaSHV-LEN,bla-A,blaSHV
blaSHW,blaDIM-SIM-IMP,blaSHW
blaSIE,bla-B3,blaSIE
blaSIE-1,blaSIE,blaSIE-1
blaSIM,blaDIM-SIM-IMP,blaSIM
blaSIM-1,blaSIM,blaSIM-1
blaSIM-2,blaSIM,blaSIM-2
blaSIQ,bla-B3,blaSIQ
blaSIQ-1,blaSIQ,blaSIQ-1
blaSLB-1,blaSHW,blaSLB-1
blaSMB,bla-B3,blaSMB
blaSMB-1,blaSMB,blaSMB-1
blaSME,bla-A_carba,blaSME
blaSME-1,blaSME,blaSME-1
blaSME-2,blaSME,blaSME-2
blaSME-3,blaSME,blaSME-3
blaSME-4,blaSME,blaSME-4
blaSME-5,blaSME,blaSME-5
blaSME-6,blaSME,blaSME-6
blaSPG-1,blaSPG-1_fam,blaSPG-1
blaSPG-1_fam,bla-B3,blaSPG
blaSPI,blaB-IND-MUS,blaSPI
blaSPI-1,blaSPI,blaSPI-1
blaSPI-2,blaSPI,blaSPI-2
blaSPI-3,blaSPI,blaSPI-3
blaSPI-4,blaSPI,blaSPI-4
blaSPI-5,blaSPI,blaSPI-5
blaSPI-6,blaSPI,blaSPI-6
blaSPI-7,blaSPI,blaSPI-7
blaSPI-8,blaSPI,blaSPI-8
blaSPI-9,blaSPI,blaSPI-9
blaSPM,bla-B1,blaSPM
blaSPM-1,blaSPM,blaSPM-1
blaSPN79,bla-B1,blaSPN79
blaSPN79-1,blaSPN79,blaSPN79-1
blaSPR,HARLDQ_not_B3,blaSPR
blaSPR-1,blaSPR,blaSPR-1
blaSPS,bla-B1,blaSPS
blaSPS-1,blaSPS,blaSPS-1
blaSPU-1,blaCSP,blaSPU-1
blaSRT,bla-C,blaSRT
blaSRT-1,blaSRT,blaSRT-1
blaSRT-2,blaSRT,blaSRT-2
blaSRT-3,blaSRT,blaSRT-3
blaSRT-4,blaSRT,blaSRT-4
blaSST-1,blaSRT,blaSST-1
blaSTA,bla-B1,blaSTA
blaSTA-1,blaSTA,blaSTA-1
blaTEL,blaSED_CdiA,blaTEL
blaTEL-1,blaTEL,blaTEL-1
blaTEM,bla-A,blaTEM
blaTEM-1,blaTEM,blaTEM-1
blaTEM-10,blaTEM,blaTEM-10
blaTEM-101,blaTEM,blaTEM-101
blaTEM-102,blaTEM,blaTEM-102
blaTEM-103,blaTEM,blaTEM-103
blaTEM-104,blaTEM,blaTEM-104
blaTEM-105,blaTEM,blaTEM-105
blaTEM-106,blaTEM,blaTEM-106
blaTEM-107,blaTEM,blaTEM-107
blaTEM-108,blaTEM,blaTEM-108
blaTEM-109,blaTEM,blaTEM-109
blaTEM-11,blaTEM,blaTEM-11
blaTEM-110,blaTEM,blaTEM-110
blaTEM-111,blaTEM,blaTEM-111
blaTEM-112,blaTEM,blaTEM-112
blaTEM-113,blaTEM,blaTEM-113
blaTEM-114,blaTEM,blaTEM-114
blaTEM-115,blaTEM,blaTEM-115
blaTEM-116,blaTEM,blaTEM-116
blaTEM-12,blaTEM,blaTEM-12
blaTEM-120,blaTEM,blaTEM-120
blaTEM-121,blaTEM,blaTEM-121
blaTEM-122,blaTEM,blaTEM-122
blaTEM-123,blaTEM,blaTEM-123
blaTEM-124,blaTEM,blaTEM-124
blaTEM-125,blaTEM,blaTEM-125
blaTEM-126,blaTEM,blaTEM-126
blaTEM-127,blaTEM,blaTEM-127
blaTEM-128,blaTEM,blaTEM-128
blaTEM-129,blaTEM,blaTEM-129
blaTEM-130,blaTEM,blaTEM-130
blaTEM-131,blaTEM,blaTEM-131
blaTEM-132,blaTEM,blaTEM-132
blaTEM-133,blaTEM,blaTEM-133
blaTEM-134,blaTEM,blaTEM-134
blaTEM-135,blaTEM,blaTEM-135
blaTEM-136,blaTEM,blaTEM-136
blaTEM-137,blaTEM,blaTEM-137
blaTEM-138,blaTEM,blaTEM-138
blaTEM-139,blaTEM,blaTEM-139
blaTEM-141,blaTEM,blaTEM-141
blaTEM-142,blaTEM,blaTEM-142
blaTEM-143,blaTEM,blaTEM-143
blaTEM-144,blaTEM,blaTEM-144
blaTEM-145,blaTEM,blaTEM-145
blaTEM-146,blaTEM,blaTEM-146
blaTEM-147,blaTEM,blaTEM-147
blaTEM-148,blaTEM,blaTEM-148
blaTEM-149,blaTEM,blaTEM-149
blaTEM-15,blaTEM,blaTEM-15
blaTEM-150,blaTEM,blaTEM-150
blaTEM-151,blaTEM,blaTEM-151
blaTEM-152,blaTEM,blaTEM-152
blaTEM-153,blaTEM,blaTEM-153
blaTEM-154,blaTEM,blaTEM-154
blaTEM-155,blaTEM,blaTEM-155
blaTEM-156,blaTEM,blaTEM-156
blaTEM-157,blaTEM,blaTEM-157
blaTEM-158,blaTEM,blaTEM-158
blaTEM-159,blaTEM,blaTEM-159
blaTEM-16,blaTEM,blaTEM-16
blaTEM-160,blaTEM,blaTEM-160
blaTEM-162,blaTEM,blaTEM-162
blaTEM-163,blaTEM,blaTEM-163
blaTEM-164,blaTEM,blaTEM-164
blaTEM-166,blaTEM,blaTEM-166
blaTEM-167,blaTEM,blaTEM-167
blaTEM-168,blaTEM,blaTEM-168
blaTEM-169,blaTEM,blaTEM-169
blaTEM-17,blaTEM,blaTEM-17
blaTEM-171,blaTEM,blaTEM-171
blaTEM-176,blaTEM,blaTEM-176
blaTEM-177,blaTEM,blaTEM-177
blaTEM-178,blaTEM,blaTEM-178
blaTEM-181,blaTEM,blaTEM-181
blaTEM-182,blaTEM,blaTEM-182
blaTEM-183,blaTEM,blaTEM-183
blaTEM-184,blaTEM,blaTEM-184
blaTEM-185,blaTEM,blaTEM-185
blaTEM-186,blaTEM,blaTEM-186
blaTEM-187,blaTEM,blaTEM-187
blaTEM-188,blaTEM,blaTEM-188
blaTEM-189,blaTEM,blaTEM-189
blaTEM-19,blaTEM,blaTEM-19
blaTEM-190,blaTEM,blaTEM-190
blaTEM-191,blaTEM,blaTEM-191
blaTEM-193,blaTEM,blaTEM-193
blaTEM-194,blaTEM,blaTEM-194
blaTEM-195,blaTEM,blaTEM-195
blaTEM-196,blaTEM,blaTEM-196
blaTEM-197,blaTEM,blaTEM-197
blaTEM-198,blaTEM,blaTEM-198
blaTEM-2,blaTEM,blaTEM-2
blaTEM-20,blaTEM,blaTEM-20
blaTEM-201,blaTEM,blaTEM-201
blaTEM-205,blaTEM,blaTEM-205
blaTEM-206,blaTEM,blaTEM-206
blaTEM-207,blaTEM,blaTEM-207
blaTEM-208,blaTEM,blaTEM-208
blaTEM-209,blaTEM,blaTEM-209
blaTEM-21,blaTEM,blaTEM-21
blaTEM-210,blaTEM,blaTEM-210
blaTEM-211,blaTEM,blaTEM-211
blaTEM-212,blaTEM,blaTEM-212
blaTEM-213,blaTEM,blaTEM-213
blaTEM-214,blaTEM,blaTEM-214
blaTEM-215,blaTEM,blaTEM-215
blaTEM-216,blaTEM,blaTEM-216
blaTEM-217,blaTEM,blaTEM-217
blaTEM-219,blaTEM,blaTEM-219
blaTEM-22,blaTEM,blaTEM-22
blaTEM-220,blaTEM,blaTEM-220
blaTEM-224,blaTEM,blaTEM-224
blaTEM-225,blaTEM,blaTEM-225
blaTEM-226,blaTEM,blaTEM-226
blaTEM-227,blaTEM,blaTEM-227
blaTEM-228,blaTEM,blaTEM-228
blaTEM-229,blaTEM,blaTEM-229
blaTEM-230,blaTEM,blaTEM-230
blaTEM-231,blaTEM,blaTEM-231
blaTEM-232,blaTEM,blaTEM-232
blaTEM-233,blaTEM,blaTEM-233
blaTEM-234,blaTEM,blaTEM-234
blaTEM-235,blaTEM,blaTEM-235
blaTEM-236,blaTEM,blaTEM-236
blaTEM-237,blaTEM,blaTEM-237
blaTEM-238,blaTEM,blaTEM-238
blaTEM-239,blaTEM,blaTEM-239
blaTEM-24,blaTEM,blaTEM-24
blaTEM-240,blaTEM,blaTEM-240
blaTEM-241,blaTEM,blaTEM-241
blaTEM-242,blaTEM,blaTEM-242
blaTEM-243,blaTEM,blaTEM-243
blaTEM-244,blaTEM,blaTEM-244
blaTEM-245,blaTEM,blaTEM-245
blaTEM-246,blaTEM,blaTEM-246
blaTEM-247,blaTEM,blaTEM-247
blaTEM-248,blaTEM,blaTEM-248
blaTEM-249,blaTEM,blaTEM-249
blaTEM-250,blaTEM,blaTEM-250
blaTEM-251,blaTEM,blaTEM-251
blaTEM-252,blaTEM,blaTEM-252
blaTEM-253,blaTEM,blaTEM-253
blaTEM-254,blaTEM,blaTEM-254
blaTEM-255,blaTEM,blaTEM-255
blaTEM-256,blaTEM,blaTEM-256
blaTEM-257,blaTEM,blaTEM-257
blaTEM-258,blaTEM,blaTEM-258
blaTEM-259,blaTEM,blaTEM-259
blaTEM-26,blaTEM,blaTEM-26
blaTEM-260,blaTEM,blaTEM-260
blaTEM-261,blaTEM,blaTEM-261
blaTEM-262,blaTEM,blaTEM-262
blaTEM-263,blaTEM,blaTEM-263
blaTEM-264,blaTEM,blaTEM-264
blaTEM-265,blaTEM,blaTEM-265
blaTEM-266,blaTEM,blaTEM-266
blaTEM-267,blaTEM,blaTEM-267
blaTEM-268,blaTEM,blaTEM-268
blaTEM-269,blaTEM,blaTEM-269
blaTEM-270,blaTEM,blaTEM-270
blaTEM-271,blaTEM,blaTEM-271
blaTEM-272,blaTEM,blaTEM-272
blaTEM-273,blaTEM,blaTEM-273
blaTEM-274,blaTEM,blaTEM-274
blaTEM-275,blaTEM,blaTEM-275
blaTEM-276,blaTEM,blaTEM-276
blaTEM-277,blaTEM,blaTEM-277
blaTEM-278,blaTEM,blaTEM-278
blaTEM-279,blaTEM,blaTEM-279
blaTEM-28,blaTEM,blaTEM-28
blaTEM-280,blaTEM,blaTEM-280
blaTEM-281,blaTEM,blaTEM-281
blaTEM-282,blaTEM,blaTEM-282
blaTEM-29,blaTEM,blaTEM-29
blaTEM-3,blaTEM,blaTEM-3
blaTEM-30,blaTEM,blaTEM-30
blaTEM-31,blaTEM,blaTEM-31
blaTEM-32,blaTEM,blaTEM-32
blaTEM-33,blaTEM,blaTEM-33
blaTEM-34,blaTEM,blaTEM-34
blaTEM-35,blaTEM,blaTEM-35
blaTEM-36,blaTEM,blaTEM-36
blaTEM-37,blaTEM,blaTEM-37
blaTEM-39,blaTEM,blaTEM-39
blaTEM-4,blaTEM,blaTEM-4
blaTEM-40,blaTEM,blaTEM-40
blaTEM-43,blaTEM,blaTEM-43
blaTEM-45,blaTEM,blaTEM-45
blaTEM-47,blaTEM,blaTEM-47
blaTEM-48,blaTEM,blaTEM-48
blaTEM-49,blaTEM,blaTEM-49
blaTEM-5,blaTEM,blaTEM-5
blaTEM-52,blaTEM,blaTEM-52
blaTEM-53,blaTEM,blaTEM-53
blaTEM-54,blaTEM,blaTEM-54
blaTEM-55,blaTEM,blaTEM-55
blaTEM-57,blaTEM,blaTEM-57
blaTEM-6,blaTEM,blaTEM-6
blaTEM-60,blaTEM,blaTEM-60
blaTEM-61,blaTEM,blaTEM-61
blaTEM-63,blaTEM,blaTEM-63
blaTEM-67,blaTEM,blaTEM-67
blaTEM-68,blaTEM,blaTEM-68
blaTEM-7,blaTEM,blaTEM-7
blaTEM-70,blaTEM,blaTEM-70
blaTEM-71,blaTEM,blaTEM-71
blaTEM-72,blaTEM,blaTEM-72
blaTEM-76,blaTEM,blaTEM-76
blaTEM-77,blaTEM,blaTEM-77
blaTEM-78,blaTEM,blaTEM-78
blaTEM-79,blaTEM,blaTEM-79
blaTEM-8,blaTEM,blaTEM-8
blaTEM-80,blaTEM,blaTEM-80
blaTEM-81,blaTEM,blaTEM-81
blaTEM-82,blaTEM,blaTEM-82
blaTEM-83,blaTEM,blaTEM-83
blaTEM-84,blaTEM,blaTEM-84
blaTEM-85,blaTEM,blaTEM-85
blaTEM-86,blaTEM,blaTEM-86
blaTEM-87,blaTEM,blaTEM-87
blaTEM-88,blaTEM,blaTEM-88
blaTEM-9,blaTEM,blaTEM-9
blaTEM-90,blaTEM,blaTEM-90
blaTEM-91,blaTEM,blaTEM-91
blaTEM-92,blaTEM,blaTEM-92
blaTEM-93,blaTEM,blaTEM-93
blaTEM-94,blaTEM,blaTEM-94
blaTEM-95,blaTEM,blaTEM-95
blaTEM-96,blaTEM,blaTEM-96
blaTEM-97,blaTEM,blaTEM-97
blaTEM-98,blaTEM,blaTEM-98
blaTEM-99,blaTEM,blaTEM-99
blaTER,blaPLA-ORN-TER,blaTER
blaTER-1,blaTER,blaTER-1
blaTER-2,blaTER,blaTER-2
blaTHIN,bla-B3,blaTHIN
blaTHIN-B,blaTHIN,blaTHIN-B
blaTLA,bla-A2,blaTLA
blaTLA-1,blaTLA,blaTLA-1
blaTLA-2,blaTLA2,blaTLA-2
blaTLA-3,blaTLA,blaTLA-3
blaTLA-4,blaTLA,blaTLA-4
blaTLA2,bla-A2,tla2
blaTMB,blaDIM-SIM-IMP,blaTMB
blaTMB-1,blaTMB,blaTMB-1
blaTMB-2,blaTMB,blaTMB-2
blaTRU,blaCMY-FOX,blaTRU
blaTRU-1,blaTRU,blaTRU-1
blaTTU,blaDIM-SIM-IMP,blaTTU
blaTTU-1,blaTTU,blaTTU-1
blaTUS,blaMUS-TUS-MOC,blaTUS
blaTUS-1,blaTUS,blaTUS-1
blaVAM,bla-B1,blaVAM
blaVAM-1,blaVAM,blaVAM-1
blaVCC,bla-A_carba,blaVCC
blaVCC-1,blaVCC,blaVCC-1
blaVEB,bla-A2,blaVEB
blaVEB-1,blaVEB,blaVEB-1
blaVEB-10,blaVEB,blaVEB-10
blaVEB-11,blaVEB,blaVEB-11
blaVEB-12,blaVEB,blaVEB-12
blaVEB-13,blaVEB,blaVEB-13
blaVEB-14,blaVEB,blaVEB-14
blaVEB-15,blaVEB,blaVEB-15
blaVEB-16,blaVEB,blaVEB-16
blaVEB-17,blaVEB,blaVEB-17
blaVEB-18,blaVEB,blaVEB-18
blaVEB-19,blaVEB,blaVEB-19
blaVEB-2,blaVEB,blaVEB-2
blaVEB-20,blaVEB,blaVEB-20
blaVEB-21,blaVEB,blaVEB-21
blaVEB-22,blaVEB,blaVEB-22
blaVEB-23,blaVEB,blaVEB-23
blaVEB-24,blaVEB,blaVEB-24
blaVEB-25,blaVEB,blaVEB-25
blaVEB-26,blaVEB,blaVEB-26
blaVEB-27,blaVEB,blaVEB-27
blaVEB-28,blaVEB,blaVEB-28
blaVEB-29,blaVEB,blaVEB-29
blaVEB-3,blaVEB,blaVEB-3
blaVEB-30,blaVEB,blaVEB-30
blaVEB-31,blaVEB,blaVEB-31
blaVEB-32,blaVEB,blaVEB-32
blaVEB-33,blaVEB,blaVEB-33
blaVEB-34,blaVEB,blaVEB-34
blaVEB-35,blaVEB,blaVEB-35
blaVEB-36,blaVEB,blaVEB-36
blaVEB-37,blaVEB,blaVEB-37
blaVEB-38,blaVEB,blaVEB-38
blaVEB-39,blaVEB,blaVEB-39
blaVEB-4,blaVEB,blaVEB-4
blaVEB-40,blaVEB,blaVEB-40
blaVEB-41,blaVEB,blaVEB-41
blaVEB-42,blaVEB,blaVEB-42
blaVEB-5,blaVEB,blaVEB-5
blaVEB-6,blaVEB,blaVEB-6
blaVEB-7,blaVEB,blaVEB-7
blaVEB-8,blaVEB,blaVEB-8
blaVEB-9,blaVEB,blaVEB-9
blaVHH,blaCARB_gen,blaVHH
blaVHH-1,blaVHH,blaVHH-1
blaVHW,blaCARB_gen,blaVHW
blaVHW-1,blaVHW,blaVHW-1
blaVIM,bla-B1,blaVIM
blaVIM-1,blaVIM,blaVIM-1
blaVIM-10,blaVIM,blaVIM-10
blaVIM-11,blaVIM,blaVIM-11
blaVIM-12,blaVIM,blaVIM-12
blaVIM-13,blaVIM,blaVIM-13
blaVIM-14,blaVIM,blaVIM-14
blaVIM-15,blaVIM,blaVIM-15
blaVIM-16,blaVIM,blaVIM-16
blaVIM-17,blaVIM,blaVIM-17
blaVIM-18,blaVIM,blaVIM-18
blaVIM-19,blaVIM,blaVIM-19
blaVIM-2,blaVIM,blaVIM-2
blaVIM-20,blaVIM,blaVIM-20
blaVIM-23,blaVIM,blaVIM-23
blaVIM-24,blaVIM,blaVIM-24
blaVIM-25,blaVIM,blaVIM-25
blaVIM-26,blaVIM,blaVIM-26
blaVIM-27,blaVIM,blaVIM-27
blaVIM-28,blaVIM,blaVIM-28
blaVIM-29,blaVIM,blaVIM-29
blaVIM-3,blaVIM,blaVIM-3
blaVIM-30,blaVIM,blaVIM-30
blaVIM-31,blaVIM,blaVIM-31
blaVIM-32,blaVIM,blaVIM-32
blaVIM-33,blaVIM,blaVIM-33
blaVIM-34,blaVIM,blaVIM-34
blaVIM-35,blaVIM,blaVIM-35
blaVIM-36,blaVIM,blaVIM-36
blaVIM-37,blaVIM,blaVIM-37
blaVIM-38,blaVIM,blaVIM-38
blaVIM-39,blaVIM,blaVIM-39
blaVIM-4,blaVIM,blaVIM-4
blaVIM-40,blaVIM,blaVIM-40
blaVIM-41,blaVIM,blaVIM-41
blaVIM-42,blaVIM,blaVIM-42
blaVIM-43,blaVIM,blaVIM-43
blaVIM-44,blaVIM,blaVIM-44
blaVIM-45,blaVIM,blaVIM-45
blaVIM-46,blaVIM,blaVIM-46
blaVIM-47,blaVIM,blaVIM-47
blaVIM-48,blaVIM,blaVIM-48
blaVIM-49,blaVIM,blaVIM-49
blaVIM-5,blaVIM,blaVIM-5
blaVIM-50,blaVIM,blaVIM-50
blaVIM-51,blaVIM,blaVIM-51
blaVIM-52,blaVIM,blaVIM-52
blaVIM-53,blaVIM,blaVIM-53
blaVIM-54,blaVIM,blaVIM-54
blaVIM-55,blaVIM,blaVIM-55
blaVIM-56,blaVIM,blaVIM-56
blaVIM-57,blaVIM,blaVIM-57
blaVIM-58,blaVIM,blaVIM-58
blaVIM-59,blaVIM,blaVIM-59
blaVIM-6,blaVIM,blaVIM-6
blaVIM-60,blaVIM,blaVIM-60
blaVIM-61,blaVIM,blaVIM-61
blaVIM-62,blaVIM,blaVIM-62
blaVIM-63,blaVIM,blaVIM-63
blaVIM-64,blaVIM,blaVIM-64
blaVIM-65,blaVIM,blaVIM-65
blaVIM-66,blaVIM,blaVIM-66
blaVIM-67,blaVIM,blaVIM-67
blaVIM-68,blaVIM,blaVIM-68
blaVIM-69,blaVIM,blaVIM-69
blaVIM-7,blaVIM,blaVIM-7
blaVIM-70,blaVIM,blaVIM-70
blaVIM-71,blaVIM,blaVIM-71
blaVIM-72,blaVIM,blaVIM-72
blaVIM-73,blaVIM,blaVIM-73
blaVIM-74,blaVIM,blaVIM-74
blaVIM-75,blaVIM,blaVIM-75
blaVIM-76,blaVIM,blaVIM-76
blaVIM-77,blaVIM,blaVIM-77
blaVIM-78,blaVIM,blaVIM-78
blaVIM-79,blaVIM,blaVIM-79
blaVIM-8,blaVIM,blaVIM-8
blaVIM-80,blaVIM,blaVIM-80
blaVIM-81,blaVIM,blaVIM-81
blaVIM-82,blaVIM,blaVIM-82
blaVIM-83,blaVIM,blaVIM-83
blaVIM-84,blaVIM,blaVIM-84
blaVIM-85,blaVIM,blaVIM-85
blaVIM-86,blaVIM,blaVIM-86
blaVIM-87,blaVIM,blaVIM-87
blaVIM-88,blaVIM,blaVIM-88
blaVIM-89,blaVIM,blaVIM-89
blaVIM-9,blaVIM,blaVIM-9
blaVIM-90,blaVIM,blaVIM-90
blaVIM-91,blaVIM,blaVIM-91
blaVIM-92,blaVIM,blaVIM-92
blaVIM-93,blaVIM,blaVIM-93
blaVIM-94,blaVIM,blaVIM-94
blaVIM-95,blaVIM,blaVIM-95
blaVIM-96,blaVIM,blaVIM-96
blaVIM-97,blaVIM,blaVIM-97
blaVIM-98,blaVIM,blaVIM-98
blaVMB,bla-B1,blaVMB
blaVMB-1,blaVMB,blaVMB-1
blaWUS,blaMUS-TUS-MOC,blaWUS
blaWUS-1,blaWUS,blaWUS-1
blaYEM,bla-B2,blaYEM
blaYEM-1,blaYEM,blaYEM-1
blaYOC,CMY2-MIR-ACT-EC,blaYOC
blaYOC-1,blaYOC,blaYOC-1
blaYRC,CMY2-MIR-ACT-EC,blaYRC
blaYRC-1,blaYRC,blaYRC-1
blaZ,blaZ_gen,blaZ
blaZ-mecC,blaZ_gen,blaZ
blaZOG,bla-B1,blaZOG
blaZOG-1,blaZOG,blaZOG-1
blaZ_gen,bla-A,bla
ble,sequest,ble
ble-MBL,sequest,ble
ble-Sh,ble,ble-Sh
ble-Sv,ble,ble
bleO,sequest,bleO
ble_BLMT_gen,sequest,ble
ble_Tn5,ble_BLMT_gen,ble
blmA,ble,blmA
blmB,blmB_tlmB,blmB
blmB_tlmB,AMR,blmB
bmaE,VIRULENCE_Ecoli,bmaE
bonA,VIRULENCE_Burk,bonA
bont,VIRULENCE_Cbot,
bont_A,bont,bont_A
bont_A1,bont_A,bont_A1
bont_A2,bont_A,bont_A2
bont_A3,bont_A,bont_A3
bont_A4,bont_A,bont_A4
bont_A5,bont_A,bont_A5
bont_A6,bont_A,bont_A6
bont_A7,bont_A,bont_A7
bont_A8,bont_A,bont_A8
bont_B,bont,bont_B
bont_B1,bont_B,bont_B1
bont_B2,bont_B,bont_B2
bont_B3,bont_B,bont_B3
bont_B4,bont_B,bont_B4
bont_B5,bont_B,bont_B5
bont_B6,bont_B,bont_B6
bont_B7,bont_B,bont_B7
bont_B8,bont_B,bont_B8
bont_C,bont,bont_C
bont_C1,bont_C,bont_C1
bont_CD,bont_C,bont_CD
bont_D,bont,bont_D
bont_DC,bont,bont_DC
bont_E,bont,bont_E
bont_E1,bont_E,bont_E1
bont_E10,bont_E,bont_E10
bont_E11,bont_E,bont_E11
bont_E12,bont_E,bont_E12
bont_E2,bont_E,bont_E2
bont_E3,bont_E,bont_E3
bont_E4,bont_E,bont_E4
bont_E5,bont_E,bont_E5
bont_E6,bont_E,bont_E6
bont_E7,bont_E,bont_E7
bont_E8,bont_E,bont_E8
bont_E9,bont_E,bont_E9
bont_F,bont,bont_F
bont_F1,bont_F,bont_F1
bont_F2,bont_F,bont_F2
bont_F3,bont_F,bont_F3
bont_F4,bont_F,bont_F4
bont_F5,bont_F,bont_F5
bont_F6,bont_F,bont_F6
bont_F7,bont_F,bont_F7
bont_F8,bont_F,bont_F8
bont_G,bont,bont_G
bont_H,bont,bont_H
bont_X,bont,bont_X
bpsA,VIRULENCE_Bcer,bpsA
bpsB,VIRULENCE_Bcer,bpsB
bpsC,VIRULENCE_Bcer,bpsC
bpsD,VIRULENCE_Bcer,bpsD
bpsE,VIRULENCE_Bcer,bpsE
bpsF,VIRULENCE_Bcer,bpsF
bpsG,VIRULENCE_Bcer,bpsG
bpsH,VIRULENCE_Bcer,bpsH
bpsX,VIRULENCE_Bcer,bpsX
c3bot1,VIRULENCE_Cbot,c3bot1
c3bot2,VIRULENCE_Cbot,c3bot2
cadA_Lm,P-type_ATPase,cadA
cadC_Lm,HTH_5,cadC
cadC_Sa,HTH_5,cadC
cadD,METAL,cadD
cadR,METAL,cadR
capA,VIRULENCE_Bcer,capA
capB,VIRULENCE_Bcer,capB
capC,VIRULENCE_Bcer,capC
capD,VIRULENCE_Bcer,capD
capE,VIRULENCE_Bcer,capE
capU,VIRULENCE_Ecoli,capU
car(A),abcf-produ,car(A)
cat,AMR,cat
cat-TC,catA9,cat-TC
cat86,catA6,cat86
catA,cat,catA
catA1,catA,catA1
catA10,catA,catA
catA11,catA,catA
catA13,catA,catA13
catA14,catA,catA
catA15,catA,catA15
catA16,catA,catA16
catA2,catA,catA2
catA3,catA,catA3
catA4,catA,catA4
catA5,catA,catA
catA6,catA,catA
catA7,catA,catA
catA8,catA,catA
catA9,catA,catA
catB,cat,catB
catB1,catB,catB1
catB10,catB,catB10
catB11,catB,catB11
catB2,catB,catB2
catB3,catB,catB3
catB6,catB,catB6
catB7,catB,catB7
catB8,catB,catB8
catB9,catB,catB9
catC,cat,catC
catD,catA11,catD
catP,catA11,catP
catU,catA,catU
catV,catA,catV
cblA,bla-A2,cblA
cblA_Bc,VIRULENCE_Burk,cblA
cbpA,VIRULENCE_Cdiphth,cbpA
cdiA,blaSED_CdiA,cdiA
cdiA-1,cdiA,cdiA-1
cdiA-2,cdiA,cdiA-2
cdiA-3,cdiA,cdiA-3
cdtB,VIRULENCE_Ecoli,cdtB
cdtB_I,cdtB,cdtB
cdtB_II,cdtB,cdtB
cdtB_III,cdtB,cdtB
cdtB_IV,cdtB,cdtB
cdtB_Salmo,VIRULENCE,cdtB
cdtR,VIRULENCE_Cdiff,cdtR
cepA,bla-A2,cepA
cepA-29,cepA,cepA-29
cepA-44,cepA,cepA-44
cepA-49,cepA,cepA-49
cepH,blaCMY-FOX,cepH
cepS,blaCMY-FOX,cepS
cerA,VIRULENCE_Bcer,cerA
cerB,VIRULENCE_Bcer,cerB
cesA,VIRULENCE_Bcer,cesA
cesB,VIRULENCE_Bcer,cesB
cesC,VIRULENCE_Bcer,cesC
cesD,VIRULENCE_Bcer,cesD
cfaC,VIRULENCE_Ecoli,cfaC
cfiA,cfiA_fam,cfiA
cfiA10,cfiA_fam,cfiA10
cfiA11,cfiA_fam,cfiA11
cfiA14,cfiA_fam,cfiA14
cfiA17,cfiA_fam,cfiA17
cfiA18,cfiA_fam,cfiA18
cfiA19,cfiA_fam,cfiA19
cfiA2,cfiA_fam,cfiA2
cfiA21,cfiA_fam,cfiA21
cfiA22,cfiA_fam,cfiA22
cfiA23,cfiA_fam,cfiA23
cfiA24,cfiA_fam,cfiA24
cfiA26,cfiA_fam,cfiA26
cfiA27,cfiA_fam,cfiA27
cfiA28,cfiA_fam,cfiA28
cfiA29,cfiA_fam,cfiA29
cfiA30,cfiA_fam,cfiA30
cfiA31,cfiA_fam,cfiA31
cfiA32,cfiA_fam,cfiA32
cfiA33,cfiA_fam,cfiA33
cfiA4,cfiA_fam,cfiA4
cfiA8,cfiA_fam,cfiA8
cfiA9,cfiA_fam,cfiA9
cfiA_fam,bla-B1,cfiA
cfr,cfr_gen,cfr
cfr(B),cfr_gen,cfr(B)
cfr(C),cfr_gen,cfr(C)
cfr(D),cfr_gen,cfr(D)
cfr(E),cfr_gen,cfr(E)
cfr(F),AMR,cfr(F)
cfr-Cb,cfr_gen,cfr
cfr_gen,AMR,cfr
cfsA,VIRULENCE_Ecoli,cfsA
cfxA,cfxA_fam,cfxA
cfxA2,cfxA_fam,cfxA2
cfxA3,cfxA_fam,cfxA3
cfxA4,cfxA_fam,cfxA4
cfxA5,cfxA_fam,cfxA5
cfxA6,cfxA_fam,cfxA6
cfxA_fam,bla-A2,cfxA
chrA,METAL,chrA
chrB_rRNA_meth,rlmA(II)_gen,chrB
chrR_I,METAL,chrR
cif,VIRULENCE_Ecoli,cif
cipA,cfr_gen,cipA
clbA,cfr_gen,clbA
clbB,cfr_gen,clbB
clbB_Ec,VIRULENCE_Ecoli,clbB
clbC,cfr_gen,clbC
clbN,VIRULENCE_Ecoli,clbN
clpK,HEAT,clpK
clpL,HEAT,clpL
cmeB_RE,RND-IM,cmeB
cmlA,cmlA_floR,cmlA
cmlA1,cmlA,cmlA1
cmlA10,cmlA,cmlA10
cmlA4,cmlA,cmlA4
cmlA5,cmlA,cmlA5
cmlA6,cmlA,cmlA6
cmlA8,cmlA,cmlA8
cmlA_floR,MFS_efflux_CHL,cml
cmlB,cmlA_floR,cmlB
cmlB1,cmlA_floR,cmlB1
cmlR,cmx_cmrA,cmlR
cmlV,cmx_cmrA,cmlV
cml_Ensi,cmlA_floR,cml
cml_Myxo,cmlA_floR,cml
cml_Ochro,cmlA_floR,cml
cmrA,cmx_cmrA,cmrA
cmx,cmx_cmrA,cmx
cmx_cmrA,MFS_efflux_CHL,cml
cna,VIRULENCE_Saur,cna
cnf1,cnf_gen,cnf1
cnf2,cnf_gen,cnf2
cnf3,cnf_gen,cnf3
cnf_gen,VIRULENCE_Ecoli,cnf
cnrA,METAL-RND-IM,cnrA
cnrC,METAL,cnrC
cnrT,METAL,cnrT
cnrY,METAL,cnrY
cofA,pilus,cofA
cooA,VIRULENCE_Ecoli,cooA
copA_Ehir,P-type_ATPase,copA
copB_Ehir,P-type_ATPase,copB
copC,METAL,copC
copC_Psyr,copC,copC
copD,METAL,copD
copL,METAL,copL
copP,METAL,copP
copR,copR_gen,copR
copR_gen,METAL,
copS,METAL,copS
cosA,VIRULENCE_Ecoli,cosA
cotA,VIRULENCE_Ecoli,cotA
cpa,VIRULENCE_Cperf,cpa
cpa_Csak,VIRULENCE,cpa
cpb,VIRULENCE_Cperf,cpb
cpb2,VIRULENCE_Cperf,cpb2
cpd,VIRULENCE_Cperf,cpd
cpe,VIRULENCE_Cperf,cpe
cph,AMR,cph
cphA,bla-B2,cphA
cphA-1,cphA,cphA-1
cphA-10,cphA,cphA-10
cphA-11,cphA,cphA-11
cphA-12,cphA,cphA-12
cphA-13,cphA,cphA-13
cphA-14,cphA,cphA-14
cphA-15,cphA,cphA-15
cphA-16,cphA,cphA-16
cphA-17,cphA,cphA-17
cphA-18,cphA,cphA-18
cphA-2,cphA,cphA-2
cphA-3,cphA,cphA-3
cphA-4,cphA,cphA-4
cphA-5,cphA,cphA-5
cphA-6,cphA,cphA-6
cphA-7,cphA,cphA-7
cphA-8,cphA,cphA-8
cphA-9,cphA,cphA-9
cplR,abc-f,cplR
cpt,AMR,cpt
crcB,BIOCIDE,crcB
crsA,VIRULENCE_Ecoli,crsA
crxA,bla-B1_long,crxA
csaB,VIRULENCE_Ecoli,csaB
csbA,VIRULENCE_Ecoli,csbA
csdA,VIRULENCE_Ecoli,csdA
cseA,VIRULENCE_Ecoli,cseA
cshE,VIRULENCE_Ecoli,cshE
csnA,VIRULENCE_Ecoli,csnA
cssA,VIRULENCE_Ecoli,cssA
cstB,VIRULENCE_Ecoli,cstB
csuC,VIRULENCE_Ecoli,csuC
csvA,VIRULENCE_Ecoli,csvA
cswA,VIRULENCE_Ecoli,cswA
ctxA,VIRULENCE_Vchol,ctxA
ctxB,VIRULENCE_Vchol,ctxB
cueA,P-type_ATPase,cueA
cusB_gen,METAL,
cvaB,VIRULENCE_Ecoli,cvaB
cvaC,VIRULENCE_Ecoli,cvaC
cxpE,EFFLUX,cxpE
cya,VIRULENCE_Bcer,cya
cytK1,VIRULENCE_Bcer,cytK1
cytK2,VIRULENCE_Bcer,cytK2
dfr1_rpt,dfrA,dfrA
dfrA,dfr_gen,dfrA
dfrA1,dfrA,dfrA1
dfrA10,dfr_gen,dfrA10
dfrA12,dfrA12_A21,dfrA12
dfrA12_A21,dfr_gen,dfrA
dfrA13,dfrA12_A21,dfrA13
dfrA14,dfrA,dfrA14
dfrA15,dfrA,dfrA15
dfrA16,dfrA,dfrA16
dfrA17,dfrA,dfrA17
dfrA18,dfr_gen,dfrA18
dfrA19,dfr_gen,dfrA19
dfrA20,dfr_gen,dfrA20
dfrA21,dfrA12_A21,dfrA21
dfrA22,dfrA12_A21,dfrA22
dfrA23,dfr_gen,dfrA23
dfrA24,dfr_gen,dfrA24
dfrA25,dfrA,dfrA25
dfrA26,dfr_gen,dfrA26
dfrA27,dfrA,dfrA27
dfrA28,dfrA,dfrA28
dfrA29,dfrA,dfrA29
dfrA3,dfr_gen,dfrA3
dfrA30,dfrA,dfrA30
dfrA31,dfrA,dfrA31
dfrA32,dfrA,dfrA32
dfrA33,dfrA12_A21,dfrA33
dfrA34,dfr_gen,dfrA34
dfrA35,dfr_gen,dfrA35
dfrA36,dfr_gen,dfrA36
dfrA37,dfrA,dfrA37
dfrA38,dfr_gen,dfrA38
dfrA39,dfr_gen,dfrA39
dfrA3b,dfr_gen,dfrA3b
dfrA4,dfr_gen,dfrA4
dfrA40,dfr_gen,dfrA40
dfrA41,dfr_gen,dfrA41
dfrA42,dfr_gen,dfrA42
dfrA43,dfr_gen,dfrA43
dfrA44,dfr_gen,dfrA44
dfrA45,dfr_gen,dfrA45
dfrA46,dfrA,dfrA46
dfrA47,dfrA12_A21,dfrA47
dfrA48,dfrA,dfrA48
dfrA49,dfr_gen,dfrA49
dfrA5,dfrA,dfrA5
dfrA50,dfr_gen,dfrA50
dfrA52,dfr_gen,dfrA52
dfrA53,dfr_gen,dfrA53
dfrA6,dfrA,dfrA6
dfrA7,dfrA,dfrA7
dfrA8,dfr_gen,dfrA8
dfrA9,dfr_gen,dfrA9
dfrB,dfr_gen,dfrB
dfrB1,dfrB,dfrB1
dfrB10,dfrB,dfrB10
dfrB11,dfrB,dfrB11
dfrB13,dfrB,dfrB13
dfrB2,dfrB,dfrB2
dfrB21,dfrB,dfrB21
dfrB3,dfrB,dfrB3
dfrB4,dfrB,dfrB4
dfrB5,dfrB,dfrB5
dfrB6,dfrB,dfrB6
dfrB8,dfrB,dfrB8
dfrB9,dfrB,dfrB9
dfrC,dfr_gen,dfrC
dfrD,dfr_DGK,dfrD
dfrE,dfr_gen,dfrE
dfrF,dfr_gen,dfrF
dfrG,dfr_DGK,dfrG
dfrI,dfr_gen,dfrI
dfrK,dfr_DGK,dfrK
dfrL,dfr_gen,dfrL
dfrS1,dfrC,dfrS1
dfr_DGK,dfr_gen,dfr
dfr_gen,AMR,dfr
dpsA,METAL,dpsA
drcA,drc_gen,drcA
drcB,drc_gen,drcB
drcR,drc_gen,drcR
drcS,drc_gen,drcS
drc_gen,AMR,
eae_typing_E._coli,VIRULENCE,eae
eat(A),lsa,eat(A)
eatA,auto_tox,eatA
ednB,VIRULENCE_Saur,ednB
efa1,VIRULENCE_Ecoli,efa1
efflux_TF,EFFLUX,
ehxA,VIRULENCE_Ecoli,ehxA
eilA,VIRULENCE_Ecoli,eilA
emhA,RND-peri,emhA
emhB,RND-IM,emhB
emhC,adeC-K-oprM,emhC
emrA-sm,MFS_efflux,emrA
emrB-sm,MFS_efflux,emrB
emrC,RND-OM,emrC
emrC_Lis,RND-OM,emrC
emrD,MFS_efflux,emrD
emrD3,MFS_efflux,emrD3
emrE_Lis,SMR_efflux,emrE
emtA,emtA_fam,emtA
emtA_fam,AMR,emt
entFM,VIRULENCE_Bcer,entFM
envF,VIRULENCE_SalmoSPI,envF
epeA,auto_tox,epeA
epsilon,eae_typing_E._coli,eae
epsilon-1,epsilon,eae
epsilon-2,epsilon,eae
epsilon-3,epsilon,eae
epsilon-4,epsilon,eae
epsilon-6,epsilon,eae
epsilon-7,epsilon,eae
epsilon-8,epsilon,eae
ere,AMR,ere
ere(A),ere,ere(A)
ere(A2),ere(A),ere(A2)
ere(B),ere,ere(B)
ere(D),ere,ere(D)
erm(30),erm-23S_rRNA,erm(30)
erm(31),erm-23S_rRNA,erm(31)
erm(32),rlmA(II)_gen,erm(32)
erm(33),erm-23S_rRNA,erm(33)
erm(34),erm-23S_rRNA,erm(34)
erm(35),erm-23S_rRNA,erm(35)
erm(36),erm-23S_rRNA,erm(36)
erm(37),erm_gen,erm(37)
erm(38),erm-23S_rRNA,erm(38)
erm(39),erm-23S_rRNA,erm(39)
erm(40),erm-23S_rRNA,erm(40)
erm(42),erm-23S_rRNA,erm(42)
erm(43),erm-23S_rRNA,erm(43)
erm(44),erm-23S_rRNA,erm(44)
erm(44)v,erm-23S_rRNA,erm(44)v
erm(45),erm-23S_rRNA,erm(45)
erm(46),erm-23S_rRNA,erm(46)
erm(47),erm-23S_rRNA,erm(47)
erm(48),erm-23S_rRNA,erm(48)
erm(49),erm-23S_rRNA,erm(49)
erm(50),erm-23S_rRNA,erm(50)
erm(51),erm-23S_rRNA,erm(51)
erm(52),erm_gen,erm(52)
erm(53),erm-23S_rRNA,erm(53)
erm(54),erm-23S_rRNA,erm(54)
erm(55),erm-23S_rRNA,erm(55)
erm(56),erm-23S_rRNA,erm(56)
erm(A),erm-23S_rRNA,erm(A)
erm(B),erm-23S_rRNA,erm(B)
erm(C),erm-23S_rRNA,erm(C)
erm(D),erm-23S_rRNA,erm(D)
erm(E),erm_SHROVE,erm(E)
erm(F),erm-23S_rRNA,erm(F)
erm(G),erm-23S_rRNA,erm(G)
erm(H),erm_SHROVE,erm(H)
erm(K),erm-23S_rRNA,erm(K)
erm(N),erm-23S_rRNA,erm(N)
erm(O),erm_SHROVE,erm(O)
erm(Q),erm-23S_rRNA,erm(Q)
erm(R),erm_SHROVE,erm(R)
erm(S),erm_SHROVE,erm(S)
erm(T),erm-23S_rRNA,erm(T)
erm(U),erm-23S_rRNA,erm(U)
erm(V),erm_SHROVE,erm(V)
erm(W),erm-23S_rRNA,erm(W)
erm(X),erm-23S_rRNA,erm(X)
erm(Y),erm-23S_rRNA,erm(Y)
erm(Z),erm-23S_rRNA,erm(Z)
erm-23S_rRNA,erm_gen,erm
erm_SHROVE,erm-23S_rRNA,erm
erm_gen,AMR,erm
espA,VIRULENCE_Ecoli,espA
espB,VIRULENCE_Ecoli,espB
espC,auto_tox,espC
espF,VIRULENCE_Ecoli,espF
espI,auto_tox,espI
espJ,espJ_gen,espJ
espJ_gen,VIRULENCE_Ecoli,espJ
espK,VIRULENCE_Ecoli,espK
espP,auto_tox,espP
espX1,VIRULENCE_Ecoli,espX1
estDL136,AMR,estDL136
estT,mle,estT
estX,mle,estX
estX-3,estX,estX-3
eta,VIRULENCE_Saur,eta
etb,VIRULENCE_Saur,etb
etpD,VIRULENCE_Ecoli,etpD
etx,VIRULENCE_Cperf,etx
f17a,VIRULENCE_Ecoli,f17a
f17g,VIRULENCE_Ecoli,f17g
faeG,VIRULENCE_Ecoli,faeG
fanC,VIRULENCE_Ecoli,fanC
farB,AMR,farB
fasA,VIRULENCE_Ecoli,fasA
fdeC,VIRULENCE_Ecoli,fdeC
fedA,VIRULENCE_Ecoli,fedA
fedF,VIRULENCE_Ecoli,fedF
fexA,MFS_efflux_CHL,fexA
fexB,MFS_efflux_CHL,fexB
fieF,CDF_efflux,fieF
fim41a,VIRULENCE_Ecoli,fim41a
fljA,VIRULENCE_SalmoSPI,fljA
floR,cmlA_floR,floR
floR2,floR,floR2
focG,VIRULENCE_Ecoli,focG
fomA,AMR,fomA
fomB,AMR,fomB
fos-Crono,fos_GT,fos
fos-Vibrio,fos_GT,fos
fosA,fos_A_A2,fosA
fosA10,fosA5_fam,fosA10
fosA11,fos_GT,fosA11
fosA12,fos_GT,fosA12
fosA13,fos_GT,fosA13
fosA2,fos_A_A2,fosA2
fosA3,fos_A3_A4,fosA3
fosA4,fos_A3_A4,fosA4
fosA5,fosA5_fam,fosA5
fosA5_fam,fosA_gen,fosA
fosA6,fosA5_fam,fosA6
fosA7,fosA7_fam,fosA7
fosA7.2,fosA7_fam,fosA7.2
fosA7.3,fosA7_fam,fosA7.3
fosA7.4,fosA7_fam,fosA7.4
fosA7.5,fosA7_fam,fosA7.5
fosA7.6,fosA7_fam,fosA7.6
fosA7.7,fosA7_fam,fosA7.7
fosA7.8,fosA7_fam,fosA7.8
fosA7.9,fosA7_fam,fosA7.9
fosA7_fam,fosA_gen,fosA7
fosA8,fosA8_fam,fosA8
fosA8_fam,fosA_gen,fosA8
fosA9,fosA5_fam,fosA9
fosA_PA1129,fos_GT,fosA
fosA_gen,fos_GT,fosA
fosB,fosB-Saur,fosB
fosB-Bcer,fosB_gen,fosB
fosB-Saur,fosB_gen,fosB
fosB-Sepi,fosB_gen,fosB
fosB1,fosB-Saur,fosB1
fosB2,fosB_gen,fosB2
fosB3,fosB-Saur,fosB3
fosB4,fosB-Saur,fosB4
fosB5,fosB-Saur,fosB5
fosB6,fosB-Saur,fosB6
fosB_gen,fos_gen,fosB
fosBx1,fosBx1-fam,fosBx1
fosBx1-fam,fosB_gen,fosB
fosC,AMR,fosC
fosC2,fos_GT,fosC2
fosD,fosB_gen,fosD
fosE,fosX_gen,fosE
fosF,fos_GT,fosF
fosG,fos_GT,fosG
fosH,fosX_gen,fosH
fosI,fosX_gen,fosI
fosK,fos_GT,fosK
fosL,fos_GT,fosL
fosL1,fosL,fosL1
fosL2,fosL,fosL2
fosLL,fos_GT,fos
fosM,fos_gen,fosM
fosM1,fosM,fosM1
fosM2,fosM,fosM2
fosM3,fosM,fosM3
fosS,fosB_gen,fosS
fosU,fos_GT,fosU
fosU1,fosU,fosU1
fosU2,fosU,fosU2
fosX,fosX_gen,fosX
fosXCC,fosX_gen,fosXCC
fosX_gen,fos_gen,fosX
fosY,fosB_gen,fosY
fosZ,fos_GT,fosZ
fos_A3_A4,fosA_gen,fosA
fos_A_A2,fosA_gen,fosA
fos_GT,fos_gen,fos
fos_gen,AMR,fos
fos_related,fos_gen,fos
fotA,VIRULENCE_Ecoli,fotA
fusB,fusB_set,fusB
fusBCD_gen,AMR,fus
fusB_set,fusBCD_gen,fusB
fusC,fusC_set,fusC
fusC_set,fusBCD_gen,fusC
fusD,fusBCD_gen,fusD
fusF,fusBCD_gen,fusF
fusH,AMR,fusH
gad,ACID,gad
gadAB,gad,gad
gadD1,gadAB,gadD1
gamma,eae_typing_E._coli,eae
gamma-1,gamma,eae
gamma-2,gamma,eae
gamma-3,gamma,eae
gamma-4,gamma,eae
gamma-5,gamma,eae
gamma-6,gamma,eae
gar,garos_AAA,gar
garos_AAA,AMR,gar
gip,VIRULENCE_SalmoSPI,gip
gogB,VIRULENCE_SalmoSPI,gogB
golS,METAL,golS
golT,P-type_ATPase,golT
grdA,garos_AAA,grdA
grm,rmt,grm
gtgA,VIRULENCE_Salmo,gtgA
gtrC1,VIRULENCE_SalmoSPI,gtrC1
hasA,VIRULENCE_Bcer,hasA
hblA,VIRULENCE_Bcer,hblA
hblB,VIRULENCE_Bcer,hblB
hblC,VIRULENCE_Bcer,hblC
hblD,VIRULENCE_Bcer,hblD
hbp_auto,auto_tox,
helR,AMR,helR
hld,VIRULENCE_Saur,hld
hlgA,VIRULENCE_Saur,hlgA
hlgB,VIRULENCE_Saur,hlgB
hlgC,VIRULENCE_Saur,hlgC
hlyA-alpha,VIRULENCE_Ecoli,hlyA-alpha
hlyE,VIRULENCE_Ecoli,hlyE
hlyE_Salm,VIRULENCE_SalmoSPI,hlyE
hlyII,VIRULENCE_Bcer,hlyII
hlyIIR,VIRULENCE_Bcer,hlyIIR
hmrM,MATE_efflux,hmrM
hreP,VIRULENCE_Yersi,hreP
hscC,VIRULENCE_SalmoSPI,hscC
hugA,bla-A,hugA
hyi,VIRULENCE_SalmoSPI,hyi
iap,VIRULENCE_Cperf,iap
ibeA,VIRULENCE_Ecoli,ibeA
ibp,VIRULENCE_Cperf,ibp
icaC,VIRULENCE_Saur,icaC
icmF,VIRULENCE_SalmoSPI,icmF
icr-Mo,pmrC_gen,icr-Mo
iha,OM_sidero,iha
inhA1,VIRULENCE_Bcer,inhA1
inhA2,VIRULENCE_Bcer,inhA2
inlA,VIRULENCE_Lmon,inlA
inlB,VIRULENCE_Lmon,inlB
inlC,VIRULENCE_Lmon,inlC
inlC2,VIRULENCE_Lmon,inlC
inlD,VIRULENCE_Lmon,inlD
inlE,VIRULENCE_Lmon,inlE
inlF,VIRULENCE_Lmon,inlF
inlG,VIRULENCE_Lmon,inlG
inlH,VIRULENCE_Lmon,inlH
inlI,VIRULENCE_Lmon,inlI
inlK,VIRULENCE_Lmon,inlK
inlL,VIRULENCE_Lmon,inlL
inlP,VIRULENCE_Lmon,inlP
inl_lmo0514,VIRULENCE_Lmon,inl-lmo0514
inl_lmo0610,VIRULENCE_Lmon,inl-lmo0610
int,VIRULENCE_SalmoSPI,int
inv,VIRULENCE_Yersi,inv
invA,VIRULENCE_Salmo,invA
iota,eae_typing_E._coli,eae
iota-1,iota,eae
ipaD,VIRULENCE_Ecoli,ipaD
ipaH1.4,ipaH_Shig,ipaH1.4
ipaH2.5,ipaH_Shig,ipaH2.5
ipaH3,ipaH_Shig,ipaH3
ipaH4.5,ipaH_Shig,ipaH4.5
ipaH7.8,ipaH_Shig,ipaH7.8
ipaH9.8,ipaH_Shig,ipaH9.8
ipaH_Shig,VIRULENCE_Ecoli,ipaH
ipaHa,ipaH_Shig,ipaHa
ipaHb,ipaH_Shig,ipaHb
ipaHd,ipaH_Shig,ipaHd
ipaHe,ipaH_Shig,ipaHe
ireA,OM_sidero,ireA
iri,rox_gen,iri
iroB,VIRULENCE,iroB
iroC,VIRULENCE,iroC
iroD,VIRULENCE,iroD
iroE,VIRULENCE_Ecoli,iroE
iroN,OM_sidero,iroN
iss,VIRULENCE_Ecoli,iss
iucA,VIRULENCE_Ecoli,iucA
iucB,VIRULENCE,iucB
iucC,VIRULENCE,iucC
iucD,VIRULENCE,iucD
iutA,VIRULENCE_Ecoli,iutA
kamB,npmA_gen,kamB
kamC,npmA_gen,kamC
katP,VIRULENCE_Ecoli,katP
kdeA,MFS_efflux,kdeA
klaB,METAL,klaB
klaC,METAL,klaC
lambda,eae_typing_E._coli,eae
lambda-2,lambda,eae
lcrV,VIRULENCE_Yersi,lcrV
lef,VIRULENCE_Bcer,lef
lmrC_abcf,abc-f,lmrC
lmrS,BIOCIDE,lmrS
lngA,pilus,lngA
lntA,VIRULENCE_Lmon,lntA
lnu,AMR,lnu
lnu(A),lnu_AE,lnu(A)
lnu(A)',lnu(A),lnu(A)'
lnu(AN2),lnu_AE,lnu(AN2)
lnu(B),lnu_BFG,lnu(B)
lnu(C),lnu_CDP,lnu(C)
lnu(D),lnu_CDP,lnu(D)
lnu(E),lnu_AE,lnu(E)
lnu(F),lnu_BFG,lnu(F)
lnu(G),lnu_BFG,lnu(G)
lnu(H),lnu_BFG,lnu(H)
lnu(I),lnu_BFG,lnu(I)
lnu(P),lnu_CDP,lnu(P)
lnu_AE,lnu,lnu
lnu_BFG,lnu,lnu
lnu_CDP,lnu,lnu
lpfA-O113,lpfA_gen,lpfA-O113
lpfA1,lpfA_gen,lpfA1
lpfA2,lpfA_gen,lpfA2
lpfA_gen,VIRULENCE_Ecoli,lpfA
lpfB,VIRULENCE_Salmo,lpfB
lsa,abc-f,lsa
lsa(A),lsa,lsa(A)
lsa(B),lsa,lsa(B)
lsa(C),lsa,lsa(C)
lsa(D),lsa,lsa(D)
lsa(E),lsa,lsa(E)
lsrF,VIRULENCE_SalmoSPI,lsrF
ltcA,VIRULENCE_Ecoli,ltcA
lukD,VIRULENCE_Saur,lukD
lukE,VIRULENCE_Saur,lukE
lukF-PV,VIRULENCE_Saur,lukF-PV
lukS-PV,VIRULENCE_Saur,lukS-PV
macro_glyco,AMR,
mchB,VIRULENCE_Ecoli,mchB
mchF,VIRULENCE_Ecoli,mchF
mco,multi_Cu_ox,mco
mcr-1,pmrC_gen,mcr-1
mcr-1.1,mcr-1,mcr-1.1
mcr-1.10,mcr-1,mcr-1.10
mcr-1.11,mcr-1,mcr-1.11
mcr-1.12,mcr-1,mcr-1.12
mcr-1.13,mcr-1,mcr-1.13
mcr-1.14,mcr-1,mcr-1.14
mcr-1.15,mcr-1,mcr-1.15
mcr-1.16,mcr-1,mcr-1.16
mcr-1.17,mcr-1,mcr-1.17
mcr-1.18,mcr-1,mcr-1.18
mcr-1.19,mcr-1,mcr-1.19
mcr-1.2,mcr-1,mcr-1.2
mcr-1.20,mcr-1,mcr-1.20
mcr-1.21,mcr-1,mcr-1.21
mcr-1.22,mcr-1,mcr-1.22
mcr-1.23,mcr-1,mcr-1.23
mcr-1.24,mcr-1,mcr-1.24
mcr-1.25,mcr-1,mcr-1.25
mcr-1.26,mcr-1,mcr-1.26
mcr-1.27,mcr-1,mcr-1.27
mcr-1.28,mcr-1,mcr-1.28
mcr-1.29,mcr-1,mcr-1.29
mcr-1.3,mcr-1,mcr-1.3
mcr-1.30,mcr-1,mcr-1.30
mcr-1.31,mcr-1,mcr-1.31
mcr-1.32,mcr-1,mcr-1.32
mcr-1.33,mcr-1,mcr-1.33
mcr-1.34,mcr-1,mcr-1.34
mcr-1.35,mcr-1,mcr-1.35
mcr-1.36,mcr-1,mcr-1.36
mcr-1.37,mcr-1,mcr-1.37
mcr-1.4,mcr-1,mcr-1.4
mcr-1.5,mcr-1,mcr-1.5
mcr-1.6,mcr-1,mcr-1.6
mcr-1.7,mcr-1,mcr-1.7
mcr-1.8,mcr-1,mcr-1.8
mcr-1.9,mcr-1,mcr-1.9
mcr-10,pmrC_gen,mcr-10
mcr-10.1,mcr-10,mcr-10.1
mcr-10.2,mcr-10,mcr-10.2
mcr-10.3,mcr-10,mcr-10.3
mcr-10.4,mcr-10,mcr-10.4
mcr-10.5,mcr-10,mcr-10.5
mcr-10.6,mcr-10,mcr-10.6
mcr-11,pmrC_gen,mcr-11
mcr-11.1,mcr-11,mcr-11.1
mcr-12,pmrC_gen,mcr-12
mcr-12.1,mcr-12,mcr-12.1
mcr-13,pmrC_gen,mcr-13
mcr-13.1,mcr-13,mcr-13.1
mcr-2,pmrC_gen,mcr-2
mcr-2.1,mcr-2,mcr-2.1
mcr-2.2,mcr-2,mcr-2.2
mcr-2.3,mcr-2,mcr-2.3
mcr-2.4,mcr-2,mcr-2.4
mcr-2.5,mcr-2,mcr-2.5
mcr-2.6,mcr-2,mcr-2.6
mcr-2.7,mcr-2,mcr-2.7
mcr-2.8,mcr-2,mcr-2.8
mcr-3,mcr-3_set,mcr-3
mcr-3.1,mcr-3,mcr-3.1
mcr-3.10,mcr-3,mcr-3.10
mcr-3.11,mcr-3,mcr-3.11
mcr-3.12,mcr-3,mcr-3.12
mcr-3.13,mcr-3,mcr-3.13
mcr-3.14,mcr-3,mcr-3.14
mcr-3.15,mcr-3,mcr-3.15
mcr-3.16,mcr-3,mcr-3.16
mcr-3.17,mcr-3,mcr-3.17
mcr-3.18,mcr-3,mcr-3.18
mcr-3.19,mcr-3,mcr-3.19
mcr-3.2,mcr-3,mcr-3.2
mcr-3.20,mcr-3,mcr-3.20
mcr-3.21,mcr-3,mcr-3.21
mcr-3.22,mcr-3,mcr-3.22
mcr-3.23,mcr-3,mcr-3.23
mcr-3.24,mcr-3,mcr-3.24
mcr-3.25,mcr-3,mcr-3.25
mcr-3.26,mcr-3,mcr-3.26
mcr-3.27,mcr-3,mcr-3.27
mcr-3.28,mcr-3,mcr-3.28
mcr-3.29,mcr-3,mcr-3.29
mcr-3.3,mcr-3,mcr-3.3
mcr-3.31,mcr-3,mcr-3.31
mcr-3.32,mcr-3,mcr-3.32
mcr-3.33,mcr-3,mcr-3.33
mcr-3.34,mcr-3,mcr-3.34
mcr-3.35,mcr-3,mcr-3.35
mcr-3.36,mcr-3,mcr-3.36
mcr-3.37,mcr-3,mcr-3.37
mcr-3.38,mcr-3,mcr-3.38
mcr-3.39,mcr-3,mcr-3.39
mcr-3.4,mcr-3,mcr-3.4
mcr-3.40,mcr-3,mcr-3.40
mcr-3.41,mcr-3,mcr-3.41
mcr-3.42,mcr-3,mcr-3.42
mcr-3.43,mcr-3,mcr-3.43
mcr-3.5,mcr-3,mcr-3.5
mcr-3.6,mcr-3,mcr-3.6
mcr-3.7,mcr-3,mcr-3.7
mcr-3.8,mcr-3,mcr-3.8
mcr-3.9,mcr-3,mcr-3.9
mcr-3_set,pmrC_gen,mcr-3
mcr-4,pmrC_gen,mcr-4
mcr-4.1,mcr-4,mcr-4.1
mcr-4.2,mcr-4,mcr-4.2
mcr-4.3,mcr-4,mcr-4.3
mcr-4.4,mcr-4,mcr-4.4
mcr-4.5,mcr-4,mcr-4.5
mcr-4.6,mcr-4,mcr-4.6
mcr-4.7,mcr-4,mcr-4.7
mcr-4.8,mcr-4,mcr-4.8
mcr-4.9,mcr-4,mcr-4.9
mcr-5,pmrC_gen,mcr-5
mcr-5.1,mcr-5,mcr-5.1
mcr-5.2,mcr-5,mcr-5.2
mcr-5.3,mcr-5,mcr-5.3
mcr-5.4,mcr-5,mcr-5.4
mcr-5.5,mcr-5,mcr-5.5
mcr-6,pmrC_gen,mcr-6
mcr-6.1,mcr-6,mcr-6.1
mcr-7,pmrC_gen,mcr-7
mcr-7.1,mcr-7,mcr-7.1
mcr-8,pmrC_gen,mcr-8
mcr-8.1,mcr-8,mcr-8.1
mcr-8.2,mcr-8,mcr-8.2
mcr-8.3,mcr-8,mcr-8.3
mcr-8.4,mcr-8,mcr-8.4
mcr-8.5,mcr-8,mcr-8.5
mcr-8.6,mcr-8,mcr-8.6
mcr-9,pmrC_gen,mcr-9
mcr-9.1,mcr-9,mcr-9.1
mcr-9.2,mcr-9,mcr-9.2
mcr-9.3,mcr-9,mcr-9.3
mdsA,RND-peri,mdsA
mdsB,RND-IM,mdsB
mdtM,MFS_efflux,mdtM
mecA,mec_gen,mecA
mecA-ceftar,mecA,mecA
mecA1,mec_gen,mecA1
mecA2,mec_gen,mecA2
mecB,mec_gen,mecB
mecC,mec_gen,mecC
mecC2,mec_gen,mecC2
mecC3,mec_gen,mecC3
mecD,mec_gen,mecD
mecI,blaI_gen,mecI
mecI_of_mecA,mecI,mecI
mecI_of_mecC,mecI,mecI
mecR1,blaR1_gen,mecR1
mec_gen,AMR,mec
mef(A),mef_gen,mef(A)
mef(B),mef_gen,mef(B)
mef(C),mef_gen,mef(C)
mef(D),mef_gen,mef(D)
mef(En2),mef_gen,mef(En2)
mef(F),mef_gen,mef(F)
mef(H),mef_gen,mef(H)
mef(J),mef_gen,mef(J)
mef_gen,MFS_efflux,mef
mepA,MATE_efflux,mepA
merA,METAL,merA
merB,merB_gen,merB
merB1,merB,merB1
merB2,merB_gen,merB2
merB3,merB_gen,merB3
merB_gen,METAL,merB
merC,METAL,merC
merD,METAL,merD
merE,METAL,merE
merF,METAL,merF
merG,METAL,merG
merP,METAL,merP
merR_Bc1,merR_gen,merR1
merR_Bc2,merR_gen,merR2
merR_Ps,merR_gen,merR
merR_gen,METAL,merR
merT,merT_gen,merT
merT_RC607,merT_gen,merT
merT_gen,METAL,merT
merT_pI258,merT_gen,merT
met_repress,METAL,
mexA,RND-peri,mexA
mexE,RND-peri,mexE
mexX,mexX_amrA,mexX
mexX_amrA,RND-peri,mexX
mgt,macro_glyco,mgt
mle,AMR,mle
mleBCA,mle,mleBCA
mleBCB,mle,mleBCB
mleBRB,mle,mleBRB
mleCBF,mle,mleCBF
mlePBA,mle,mlePBA
mlePBB,mle,mlePBB
mltE,VIRULENCE_SalmoSPI,mltE
mph(A),mph_gen,mph(A)
mph(B),mph_gen,mph(B)
mph(C),mph_gen,mph(C)
mph(E),mph_3,mph(E)
mph(F),mph_gen,mph(F)
mph(G),mph_3,mph(G)
mphH,mph_gen,mphH
mphJ,mph_gen,mphJ
mphK,mph_gen,mphK
mphL,mph_gen,mphL
mphM,mph_gen,mphM
mphN,mph_gen,mphN
mph_3,mph_gen,mph
mph_gen,AMR,mph
mrdH,rcnA_gen,mrdH
mreA,met_repress,mreA
mrx(A),AMR,mrx(A)
msr,abc-f,msr
msr(A),msr,msr(A)
msr(C),msr,msr(C)
msr(D),msr,msr(D)
msr(E),msr,msr(E)
msr(F),msr,msrF
msr(G),msr,msr(G)
msr(H),msr,msrH
msr(I),msr,msr(I)
mtrA_Ngon,efflux_TF,mtrA
mtrC,RND-peri,mtrC
mtrF,BIOCIDE,mtrF
mtrR,EFFLUX,mtrR
multi_CopA,multi_Cu_ox,copA
multi_Cu_ox,METAL,
mupA,AMR,mupA
mupB,AMR,mupB
myfA,VIRULENCE_Yersi,myfA
myrA,rlmA(II)_gen,myrA
nanH,VIRULENCE_Cdiphth,nanH
narA,IONOPHORE,narA
narB,IONOPHORE,narB
nccH,METAL,nccH
nccX,PERI-SENSOR,nccX
ncrA,METAL,ncrA
ncrB,met_repress,ncrB
ncrC,rcnA_gen,ncrC
ncrY,METAL,ncrY
netB,VIRULENCE_Cperf,netB
netF,VIRULENCE_Cperf,netF
nfaE,VIRULENCE_Ecoli,nfaE
nheA,VIRULENCE_Bcer,nheA
nheB,VIRULENCE_Bcer,nheB
nheC,VIRULENCE_Bcer,nheC
nimA,nimABCDEF,nimA
nimABCDEF,AMR,nim
nimB,nimABCDEF,nimB
nimB-Cd,AMR,nimB-Cd
nimC,nimABCDEF,nimC
nimD,nimABCDEF,nimD
nimE,nimABCDEF,nimE
nimG,nimABCDEF,nimG
nimI,nimIJ,nimI
nimIJ,AMR,nimIJ
nimJ,nimIJ,nimJ
nimK,AMR,nimK
nirB,met_repress,nirB
nirD,METAL,nirD
nleA,VIRULENCE_Ecoli,nleA
nleB,VIRULENCE_Ecoli,nleB
nleB2,VIRULENCE_Ecoli,nleB2
nleC,VIRULENCE_Ecoli,nleC
nms,MFS_efflux,nms
norM-Burk,MATE_efflux,norM
norM-NG,MATE_efflux,norM
norM-Vib,MATE_efflux,norM
npmA,npmA_gen,npmA
npmA_gen,AMR,
npmB,npmA_gen,npmB
npmB1,npmB,npmB1
npmB2,npmB,npmB2
npmC,npmA_gen,npmC
nreB,METAL,nreB
nshR,nshR_tsnR,nshR
nshR_tsnR,AMR,nshR
oafA,VIRULENCE_SalmoSPI,oafA
ole(B),abcf-produ,ole(B)
oleD,mgt,oleD
oleI,macro_glyco,oleI
optrA,abc-f,optrA
oqxA,RND-peri,oqxA
oqxA10,oqxA,oqxA10
oqxA11,oqxA,oqxA11
oqxA2,oqxA,oqxA2
oqxA3,oqxA,oqxA3
oqxA4,oqxA,oqxA4
oqxA5,oqxA,oqxA5
oqxA6,oqxA,oqxA6
oqxA7,oqxA,oqxA7
oqxA8,oqxA,oqxA8
oqxA9,oqxA,oqxA9
oqxB,RND-IM,oqxB
oqxB10,oqxB,oqxB10
oqxB11,oqxB,oqxB11
oqxB12,oqxB,oqxB12
oqxB13,oqxB,oqxB13
oqxB14,oqxB,oqxB14
oqxB15,oqxB,oqxB15
oqxB16,oqxB,oqxB16
oqxB17,oqxB,oqxB17
oqxB18,oqxB,oqxB18
oqxB19,oqxB,oqxB19
oqxB2,oqxB,oqxB2
oqxB20,oqxB,oqxB20
oqxB21,oqxB,oqxB21
oqxB22,oqxB,oqxB22
oqxB23,oqxB,oqxB23
oqxB24,oqxB,oqxB24
oqxB25,oqxB,oqxB25
oqxB26,oqxB,oqxB26
oqxB27,oqxB,oqxB27
oqxB28,oqxB,oqxB28
oqxB29,oqxB,oqxB29
oqxB3,oqxB,oqxB3
oqxB30,oqxB,oqxB30
oqxB31,oqxB,oqxB31
oqxB32,oqxB,oqxB32
oqxB4,oqxB,oqxB4
oqxB5,oqxB,oqxB5
oqxB6,oqxB,oqxB6
oqxB7,oqxB,oqxB7
oqxB8,oqxB,oqxB8
oqxB9,oqxB,oqxB9
otr(A),tet_rib_protect,otr(A)
otr(B),tet_MFS_efflux,otr(B)
pagA,VIRULENCE_Bcer,pagA
pagK,VIRULENCE_SalmoSPI,pagK
pagO,VIRULENCE_SalmoSPI,pagO
papA,VIRULENCE_Ecoli,papA
papC,VIRULENCE_Ecoli,papC
papE,VIRULENCE_Ecoli,papE
papF,VIRULENCE_Ecoli,papF
papG,VIRULENCE_Ecoli,papG
papG-I,papG,papG-I
papG-II,papG,papG-II
papG-III,papG,papG-III
papH,VIRULENCE_Ecoli,papH
pbp,AMR-SUSCEPTIBLE,pbp
pbp1a,pbp,pbp1a
pbp2b,pbp,pbp2b
pbp2m,AMR,pbp2m
pbp2x,pbp,pbp2x
pcoA,multi_Cu_ox,pcoA
pcoB,METAL,pcoB
pcoC,copC,pcoC
pcoD,copD,pcoD
pcoE,METAL,pcoE
pcoR,copR_gen,pcoR
pcoS,METAL,pcoS
pefA,VIRULENCE_SalmoSPI,pefA
peg-344,VIRULENCE,peg-344
perA,VIRULENCE_Ecoli,perA
pet,auto_tox,pet
pexA,MFS_efflux,pexA
pfoA,VIRULENCE_Cperf,pfoA
pic_auto,auto_tox,pic
pilL,VIRULENCE_SalmoSPI,pilL
pilus,VIRULENCE_Ecoli,pil
pipA,VIRULENCE_SalmoSPI,pipA
plcA,VIRULENCE_Bcer,plcA
plcR,VIRULENCE_Bcer,plcR
pld,VIRULENCE_Cdiphth,pld
pltA,VIRULENCE_SalmoSPI,pltA
pmrA,MFS_efflux,pmrA
pmrC_gen,AMR,
poxtA,abc-f,poxtA
poxtA-Ef,abc-f,poxtA-Ef
poxtA2,poxtA,poxtA2
qacA,MFS_efflux_qac,qacA
qacB,MFS_efflux_qac,qacB
qacC,qacCGHJ,qacC
qacCGHJ,SMR_efflux,qac
qacE,qacE_gen,qacE
qacE_gen,SMR_qac_int,qacE
qacEdelta1,qacE_gen,qacEdelta1
qacF,qac_F_L,qacF
qacG,qacCGHJ,qacG
qacG2,SMR_qac_int,qacG2
qacH,qacCGHJ,qacH
qacH_Lis,SMR_efflux,qacH
qacJ,qacCGHJ,qacJ
qacK,SMR_qac_int,qacK
qacL,qac_F_L,qacL
qacR,BIOCIDE,qacR
qacZ,qacH,qacZ
qac_F_L,SMR_qac_int,qac
qepA,MFS_efflux,qepA
qepA1,qepA,qepA1
qepA10,qepA,qepA10
qepA11,qepA,qepA11
qepA12,qepA,qepA12
qepA2,qepA,qepA2
qepA3,qepA,qepA3
qepA4,qepA,qepA4
qepA5,qepA,qepA5
qepA6,qepA,qepA6
qepA7,qepA,qepA7
qepA8,qepA,qepA8
qepA9,qepA,qepA9
qnr,AMR,qnr
qnrA,qnr,qnrA
qnrA1,qnrA,qnrA1
qnrA10,qnrA,qnrA10
qnrA11,qnrA,qnrA11
qnrA12,qnrA,qnrA12
qnrA13,qnrA,qnrA13
qnrA2,qnrA,qnrA2
qnrA3,qnrA,qnrA3
qnrA4,qnrA,qnrA4
qnrA5,qnrA,qnrA5
qnrA6,qnrA,qnrA6
qnrA7,qnrA,qnrA7
qnrA9,qnrA,qnrA9
qnrAS,qnr,qnrAS
qnrB,qnr,qnrB
qnrB1,qnrB,qnrB1
qnrB10,qnrB,qnrB10
qnrB11,qnrB,qnrB11
qnrB12,qnrB,qnrB12
qnrB13,qnrB,qnrB13
qnrB14,qnrB,qnrB14
qnrB15,qnrB,qnrB15
qnrB16,qnrB,qnrB16
qnrB17,qnrB,qnrB17
qnrB18,qnrB,qnrB18
qnrB19,qnrB,qnrB19
qnrB2,qnrB,qnrB2
qnrB20,qnrB,qnrB20
qnrB21,qnrB,qnrB21
qnrB22,qnrB,qnrB22
qnrB23,qnrB,qnrB23
qnrB24,qnrB,qnrB24
qnrB25,qnrB,qnrB25
qnrB26,qnrB,qnrB26
qnrB27,qnrB,qnrB27
qnrB28,qnrB,qnrB28
qnrB29,qnrB,qnrB29
qnrB3,qnrB,qnrB3
qnrB30,qnrB,qnrB30
qnrB31,qnrB,qnrB31
qnrB32,qnrB,qnrB32
qnrB33,qnrB,qnrB33
qnrB34,qnrB,qnrB34
qnrB35,qnrB,qnrB35
qnrB36,qnrB,qnrB36
qnrB37,qnrB,qnrB37
qnrB38,qnrB,qnrB38
qnrB39,qnrB,qnrB39
qnrB4,qnrB,qnrB4
qnrB40,qnrB,qnrB40
qnrB41,qnrB,qnrB41
qnrB42,qnrB,qnrB42
qnrB43,qnrB,qnrB43
qnrB44,qnrB,qnrB44
qnrB45,qnrB,qnrB45
qnrB46,qnrB,qnrB46
qnrB47,qnrB,qnrB47
qnrB48,qnrB,qnrB48
qnrB49,qnrB,qnrB49
qnrB5,qnrB,qnrB5
qnrB50,qnrB,qnrB50
qnrB52,qnrB,qnrB52
qnrB53,qnrB,qnrB53
qnrB54,qnrB,qnrB54
qnrB55,qnrB,qnrB55
qnrB56,qnrB,qnrB56
qnrB57,qnrB,qnrB57
qnrB58,qnrB,qnrB58
qnrB59,qnrB,qnrB59
qnrB6,qnrB,qnrB6
qnrB60,qnrB,qnrB60
qnrB61,qnrB,qnrB61
qnrB62,qnrB,qnrB62
qnrB64,qnrB,qnrB64
qnrB65,qnrB,qnrB65
qnrB66,qnrB,qnrB66
qnrB67,qnrB,qnrB67
qnrB68,qnrB,qnrB68
qnrB69,qnrB,qnrB69
qnrB7,qnrB,qnrB7
qnrB70,qnrB,qnrB70
qnrB71,qnrB,qnrB71
qnrB72,qnrB,qnrB72
qnrB73,qnrB,qnrB73
qnrB74,qnrB,qnrB74
qnrB75,qnrB,qnrB75
qnrB77,qnrB,qnrB77
qnrB78,qnrB,qnrB78
qnrB8,qnrB,qnrB8
qnrB80,qnrB,qnrB80
qnrB81,qnrB,qnrB81
qnrB82,qnrB,qnrB82
qnrB84,qnrB,qnrB84
qnrB85,qnrB,qnrB85
qnrB89,qnrB,qnrB89
qnrB9,qnrB,qnrB9
qnrB90,qnrB,qnrB90
qnrB91,qnrB,qnrB91
qnrB93,qnrB,qnrB93
qnrB94,qnrB,qnrB94
qnrB95,qnrB,qnrB95
qnrB96,qnrB,qnrB96
qnrB97,qnrB,qnrB97
qnrB98,qnrB,qnrB98
qnrB99,qnrB,qnrB99
qnrC,qnr,qnrC
qnrD,qnr,qnrD
qnrD1,qnrD,qnrD1
qnrD2,qnrD,qnrD2
qnrD3,qnrD,qnrD3
qnrE,qnr,qnrE
qnrE1,qnrE,qnrE1
qnrE2,qnrE,qnrE2
qnrE3,qnrE,qnrE3
qnrE4,qnrE,qnrE4
qnrE5,qnrE,qnrE5
qnrE6,qnrE,qnrE6
qnrE7,qnrE,qnrE7
qnrS,qnr,qnrS
qnrS1,qnrS,qnrS1
qnrS10,qnrS,qnrS10
qnrS11,qnrS,qnrS11
qnrS12,qnrS,qnrS12
qnrS13,qnrS,qnrS13
qnrS14,qnrS,qnrS14
qnrS15,qnrS,qnrS15
qnrS16,qnrS,qnrS16
qnrS2,qnrS,qnrS2
qnrS4,qnrS,qnrS4
qnrS5,qnrS,qnrS5
qnrS6,qnrS,qnrS6
qnrS7,qnrS,qnrS7
qnrS8,qnrS,qnrS8
qnrS9,qnrS,qnrS9
qnrVC,qnr,qnrVC
qnrVC1,qnrVC,qnrVC1
qnrVC10,qnrVC,qnrVC10
qnrVC3,qnrVC,qnrVC3
qnrVC4,qnrVC,qnrVC4
qnrVC5,qnrVC,qnrVC5
qnrVC6,qnrVC,qnrVC6
qnrVC7,qnrVC,qnrVC7
qnrVC8,qnrVC,qnrVC8
qnrVC9,qnrVC,qnrVC9
qseB_rel,AMR,qseB
qseC_rel,AMR,qseC
ranA,EFFLUX,ranA
ranB,EFFLUX,ranB
rcK,VIRULENCE_SalmoSPI,rcK
rcnA_gen,METAL,
rdmCL,mle,rdmCL
rfc,VIRULENCE_SalmoSPI,rfc
rgt,AMR,rgt
rgt1438,rgt,rgt
rho,eae_typing_E._coli,eae
rho-1,rho,eae
rho-2,rho,eae
rho-3,rho,eae
rhuM,VIRULENCE_SalmoSPI,rhuM
ripR,VIRULENCE_SalmoSPI,ripR
rlmA(II)_gen,AMR,rlmA(II)
rmpA,VIRULENCE,rmpA
rmpA2,VIRULENCE,rmpA2
rmpC,VIRULENCE,rmpC
rmpD,VIRULENCE,rmpD
rmt,AMR,rmt
rmtA,rmt,rmtA
rmtB,rmt,rmtB
rmtB1,rmtB,rmtB1
rmtB2,rmtB,rmtB2
rmtB3,rmtB,rmtB3
rmtB4,rmtB,rmtB4
rmtC,rmt,rmtC
rmtD,rmt,rmtD
rmtD1,rmtD,rmtD1
rmtD2,rmtD,rmtD2
rmtE,rmt,rmtE
rmtE1,rmtE,rmtE1
rmtE2,rmtE,rmtE2
rmtF,rmt,rmtF
rmtF1,rmtF,rmtF1
rmtF2,rmtF,rmtF2
rmtG,rmt,rmtG
rmtH,rmt,rmtH
rox_gen,AMR,rox
rox_nf,rox_gen,rox
rox_sv,rox_gen,rox
rpeA,auto_tox,rpeA
rph,rph_gen,rph
rphC,rph_gen,rphC
rphD,rph_gen,rphD
rph_gen,AMR,rph
s025,VIRULENCE_SalmoSPI,s025
saa,VIRULENCE_Ecoli,saa
sab,VIRULENCE_Ecoli,sab
safA,VIRULENCE_SalmoSPI,safA
safB,VIRULENCE_SalmoSPI,safB
sak,VIRULENCE_Saur,sak
sal,abc-f,sal
sal(A),sal,sal(A)
sal(B),sal,sal(B)
sal(C),sal,sal(C)
sal(D),sal,sal(D)
sal(E),sal,sal(E)
sarA,VIRULENCE_SalmoSPI,sarA
sasG,VIRULENCE_Saur,sasG
sat,AMR,sat
sat2_fam,sat,sat2
sat3,sat,sat3
sat4,sat,sat4
satA_Bant,sat,satA
satA_Bsub,sat,satA
sat_auto,auto_tox,sat
sciR,VIRULENCE_SalmoSPI,sciR
scn,VIRULENCE_Saur,scn
sdeA,BIOCIDE,sdeA
sdeB,RND-IM,sdeB
sdeY,RND-IM,sdeY
sea,VIRULENCE_Saur,sea
seb,VIRULENCE_Saur,seb
sec1,VIRULENCE_Saur,sec1
sec2,VIRULENCE_Saur,sec2
sec3,VIRULENCE_Saur,sec3
sed,VIRULENCE_Saur,sed
see,VIRULENCE_Saur,see
sefA,VIRULENCE_SalmoSPI,sefA
seh,VIRULENCE_Saur,seh
sei,VIRULENCE_Saur,sei
sej,VIRULENCE_Saur,sej
sek,VIRULENCE_Saur,sek
sel,VIRULENCE_Saur,sel
sel26,VIRULENCE_Saur,sel26
sel27,VIRULENCE_Saur,sel27
sel28,VIRULENCE_Saur,sel28
sel30,VIRULENCE_Saur,sel30
sel31,VIRULENCE_Saur,sel31
sel32,VIRULENCE_Saur,sel32
sel33,VIRULENCE_Saur,sel33
selV,VIRULENCE_Saur,selV
selX,VIRULENCE_Saur,selX
selZ,VIRULENCE_Saur,selZ
sem,VIRULENCE_Saur,sem
sen,VIRULENCE_Saur,sen
senB,VIRULENCE_Ecoli,senB
seo,VIRULENCE_Saur,seo
sep,VIRULENCE_Saur,sep
sepA,auto_tox,sepA
seq,VIRULENCE_Saur,seq
sequest,AMR,
ser,VIRULENCE_Saur,ser
ses,VIRULENCE_Saur,ses
set,VIRULENCE_Saur,set
seu,VIRULENCE_Saur,seu
sey,VIRULENCE_Saur,sey
sfaF,VIRULENCE_Ecoli,sfaF
sfaS,VIRULENCE_Ecoli,sfaS
sgm,rmt,sgm
sigA,auto_tox,sigA
silA,METAL-RND-IM,silA
silB,cusB_gen,silB
silC,METAL,silC
silE,METAL,silE
silF,METAL,silF
silP,P-type_ATPase,silP
silR,copR_gen,silR
silS,METAL,silS
sinH,VIRULENCE_Ecoli,sinH
smdA,BIOCIDE,smdA
smdB,BIOCIDE,smdB
smeF,RND-OM,smeF
smfY,MFS_efflux,smfY
sodC1,VIRULENCE,sodC1
sopE,VIRULENCE_SalmoSPI,sopE
spaA,VIRULENCE_Cdiphth,spaA
spaB,VIRULENCE_Cdiphth,spaB
spaC,VIRULENCE_Cdiphth,spaC
spaD,VIRULENCE_Cdiphth,spaD
spaE,VIRULENCE_Cdiphth,spaE
spaF,VIRULENCE_Cdiphth,spaF
spaG,VIRULENCE_Cdiphth,spaG
spaH,VIRULENCE_Cdiphth,spaH
spaI,VIRULENCE_Cdiphth,spaI
spd,ant(9),spd
sph,VIRULENCE_Bcer,sph
splA,VIRULENCE_Saur,splA
splB,VIRULENCE_Saur,splB
splE,VIRULENCE_Saur,splE
spvB,VIRULENCE_SalmoSPI,spvB
spvD,VIRULENCE_Salmo,spvD
spw,ant(9),spw
srm(B),abcf-produ,srm(B)
srpA,BIOCIDE,srpA
srpB,BIOCIDE,srpB
srpC,BIOCIDE,ttgI
srpR,BIOCIDE,srpR
srpS,BIOCIDE,srpS
srtA,VIRULENCE_Cdiphth,srtA
srtB,VIRULENCE_Cdiphth,srtB
srtC,VIRULENCE_Cdiphth,srtC
srtD,VIRULENCE_Cdiphth,srtD
srtE,VIRULENCE_Cdiphth,srtE
sseI,VIRULENCE_SalmoSPI,sseI
sseK2,VIRULENCE_Salmo,sseK2
sseK3,VIRULENCE_Salmo,sseK3
sslE,VIRULENCE_Ecoli,sslE
ssmE,SMR_efflux,ssmE
sspH2,VIRULENCE_Salmo,sspH2
sta,sat,sta
sta1,VIRULENCE_Ecoli,sta1
staC,VIRULENCE_SalmoSPI,staC
stb,VIRULENCE_Ecoli,stb
stcA,VIRULENCE_SalmoSPI,stcA
stcD,VIRULENCE_SalmoSPI,stcD
steB,VIRULENCE_SalmoSPI,steB
stfA,VIRULENCE_SalmoSPI,stfA
stgA,VIRULENCE_SalmoSPI,stgA
stiA,VIRULENCE_SalmoSPI,stiA
stjB,VIRULENCE_SalmoSPI,stjB
stkA,VIRULENCE_SalmoSPI,stkA
stm0854,VIRULENCE_SalmoSPI,stm0854
stm0859,VIRULENCE_SalmoSPI,stm0859
stm2239,VIRULENCE_SalmoSPI,stm2239
str,ant(6),str
stx,VIRULENCE_Ecoli,stx
stxA,stx,stxA
stxA1,stxA,stxA1
stxA1a,stxA1,stxA1
stxA1c,stxA1,stxA1
stxA1d,stxA1,stxA1
stxA1e,stxA1,stxA1
stxA2,stxA,stxA2
stxA2_acd,stxA2,stxA2
stxA2_eilk,stxA2,stxA2
stxA2a,stxA2_acd,stxA2
stxA2b,stxA2,stxA2
stxA2c,stxA2_acd,stxA2
stxA2d,stxA2_acd,stxA2
stxA2e,stxA2_eilk,stxA2
stxA2f,stxA2,stxA2
stxA2g,stxA2,stxA2
stxA2h,stxA2,stxA2
stxA2i,stxA2_eilk,stxA2
stxA2j,stxA2,stxA2
stxA2k,stxA2_eilk,stxA2
stxA2l,stxA2_eilk,stxA2
stxA2m,stxA2,stxA2
stxA2n,stxA2,stxA2
stxA2o,stxA2,stxA2
stxB,stx,stxB
stxB1,stxB,stxB1
stxB1a,stxB1,stxB1
stxB1c,stxB1,stxB1
stxB1d,stxB1,stxB1
stxB1e,stxB1,stxB1
stxB2,stxB,stxB2
stxB2a,stxB2,stxB2
stxB2b,stxB2,stxB2
stxB2c,stxB2,stxB2
stxB2d,stxB2,stxB2
stxB2e,stxB2,stxB2
stxB2f,stxB2,stxB2
stxB2g,stxB2,stxB2
stxB2h,stxB2,stxB2
stxB2i,stxB2,stxB2
stxB2j,stxB2,stxB2
stxB2m,stxB2,stxB2
stxB2n,stxB2,stxB2
stxB2o,stxB2,stxB2
sty2629,VIRULENCE_SalmoSPI,sty2629
sty3281,VIRULENCE_SalmoSPI,sty3281
sty4826,VIRULENCE_SalmoSPI,sty4826
subA,VIRULENCE_Ecoli,subA
subB,VIRULENCE_Ecoli,subB
sugR,VIRULENCE_SalmoSPI,sugR
sul,AMR,sul
sul1,sul,sul1
sul2,sul,sul2
sul3,sul,sul3
sul4,sul,sul4
sulR,AMR,sulR
sulX,AMR,sulX
taeA,abc-f,taeA
tbtA,RND-peri,tbtA
tbtB,RND-IM,tbtB
tbtM,adeC-K-oprM,tbtM
tbtR,BIOCIDE,tbtR
tcaC,VIRULENCE_Yersi,tcaC
tcbA,VIRULENCE_Yersi,tcbA
tccC,VIRULENCE_Yersi,tccC
tccP,VIRULENCE_Ecoli,tccP
tccP2,VIRULENCE_Ecoli,tccP
tcdA,tcd_gen,tcdA
tcdB,tcd_gen,tcdB
tcdC,VIRULENCE_Cdiff,tcdC
tcdE,VIRULENCE_Cdiff,tcdE
tcdR,VIRULENCE_Cdiff,tcdR
tcd_gen,VIRULENCE_Cdiff,
tcfA,VIRULENCE_SalmoSPI,tcfA
tcmA,MFS_efflux,tcmA
tcr3,tet_MFS_efflux,tcr3
tcrB,P-type_ATPase,tcrB
tdh,VIRULENCE_Vpara,tdh
terA,METAL,terA
terB,METAL,terB
terC,METAL,terC
terD,METAL,terD
terE,METAL,terE
terW,METAL,terW
terZ,METAL,terZ
tet,AMR,tet
tet(30),tet_A_B_C_D,tet(30)
tet(31),tet_A_B_C_D,tet(31)
tet(32),tet(M-W-O-S),tet(32)
tet(33),tet_A_B_C_D,tet(33)
tet(35),tet,tet(35)
tet(36),tet_rib_protect,tet(36)
tet(37),tet,tet(37)
tet(38),tet_MFS_efflux,tet(38)
tet(39),tet_A_B_C_D,tet(39)
tet(40),tet_MFS_efflux,tet(40)
tet(41),tet_A_B_C_D,tet(41)
tet(42),tet_MFS_efflux,tet(42)
tet(43),tet_MFS_efflux,tet(43)
tet(44),tet(M-W-O-S),tet(44)
tet(45),tet_L_K_45,tet(45)
tet(47),tet_destruct,tet(47)
tet(48),tet_destruct,tet(48)
tet(49),tet_destruct,tet(49)
tet(50),tet_destruct,tet(50)
tet(51),tet_destruct,tet(51)
tet(52),tet_destruct,tet(52)
tet(53),tet_destruct,tet(53)
tet(54),tet_destruct,tet(54)
tet(55),tet_destruct,tet(55)
tet(56),tet_destruct,tet(56)
tet(57),tet_A_B_C_D,tet(57)
tet(59),tet_A_B_C_D,tet(59)
tet(62),tet_A_B_C_D,tet(62)
tet(63),tet_L_K_45,tet(63)
tet(64),tet_A_B_C_D,tet(64)
tet(65),tet_A_B_C_D,tet(65)
tet(A),tet_A_B_C_D,tet(A)
tet(B),tet_A_B_C_D,tet(B)
tet(C),tet_A_B_C_D,tet(C)
tet(D),tet_A_B_C_D,tet(D)
tet(E),tet_A_B_C_D,tet(E)
tet(G),tet_A_B_C_D,tet(G)
tet(H),tet(H-J),tet(H)
tet(H-J),tet_A_B_C_D,tet(H-J)
tet(J),tet(H-J),tet(J)
tet(K),tet_L_K_45,tet(K)
tet(L),tet_L_K_45,tet(L)
tet(M),tet(M-W-O-S),tet(M)
tet(M-W-O-S),tet_rib_protect,tet
tet(O),tet(M-W-O-S),tet(O)
tet(O/32/O),tet(M-W-O-S),tet(O/32/O)
tet(O/M/O),tet(M-W-O-S),tet(O/M/O)
tet(O/W),tet(M-W-O-S),tet(O/W)
tet(O/W/32/O),tet(M-W-O-S),tet(O/W/32/O)
tet(O/W/O),tet(M-W-O-S),tet(O/W/O)
tet(Q),tet_rib_protect,tet(Q)
tet(S),tet(M-W-O-S),tet(S)
tet(T),tet_rib_protect,tet(T)
tet(V),tet_MFS_efflux,tet(V)
tet(W),tet(M-W-O-S),tet(W)
tet(W/32/O),tet(M-W-O-S),tet(W/32/O)
tet(W/N/W),tet(M-W-O-S),tet(W/N/W)
tet(X),tet,tet(X)
tet(X1),tet(X),tet(X1)
tet(X2),tet(X),tet(X2)
tet(X3),tet(X),tet(X3)
tet(X4),tet(X),tet(X4)
tet(X5),tet(X),tet(X5)
tet(Y),tet_A_B_C_D,tet(Y)
tet(Z),tet_A_B_C_D,tet(Z)
tetA(46),tet,tetA(46)
tetA(58),tet,tetA(58)
tetA(60),tet,tetA(60)
tetA(P),tet_MFS_efflux,tetA(P)
tetAB,tet,tetAB
tetAB_A,tetAB,tetA
tetAB_B,tetAB,tetB
tetB(46),tet,tetB(46)
tetB(58),tet,tetB(58)
tetB(60),tet,tetB(60)
tetB(P),tet_rib_protect,tetB(P)
tet_A_B_C_D,tet_MFS_efflux,tet
tet_L_K_45,tet_MFS_efflux,tet
tet_MFS_efflux,MFS_efflux,tet
tet_destruct,tet,tet
tet_rib_protect,tet,tet
thfT,AMR,thfT
tinR,VIRULENCE_SalmoSPI,tinR
tir,VIRULENCE_Ecoli,tir
tlmB,blmB_tlmB,tlmB
tlr(C),abcf-produ,tlr(C)
tmexC,RND-peri,tmexC
tmexC1,tmexC,tmexC1
tmexC2,tmexC,tmexC2
tmexC3,tmexC,tmexC3
tmexD,RND-IM,tmexD
tmexD1,tmexD,tmexD1
tmexD2,tmexD,tmexD2
tmexD3,tmexD,tmexD3
toprJ,RND-OM,toprJ
toprJ1,toprJ,toprJ1
toprJ2,toprJ,toprJ2
tox,VIRULENCE_Cdiphth,tox
toxB,VIRULENCE_Ecoli,toxB
tpeL,VIRULENCE_Cperf,tpeL
traT,VIRULENCE_SalmoSPI,traT
trh1,VIRULENCE_Vpara,trh1
trh2,VIRULENCE_Vpara,trh2
tsh,hbp_auto,tsh
tsnR,nshR_tsnR,tsnR
tssA,VIRULENCE_SalmoSPI,tssA
tst,VIRULENCE_Saur,tst
ttgA,BIOCIDE,ttgA
ttgB,BIOCIDE,ttgB
ttgD,BIOCIDE,ttgD
ttgE,BIOCIDE,ttgE
ttgR,BIOCIDE,ttgR
ttgT,BIOCIDE,ttgT
tva(A),abc-f,tva(A)
tva(B),abc-f,tva(B)
tviA,VIRULENCE_SalmoSPI,tviA
vac_auto,auto_tox,vactox
vanA,vanA-all,vanA
vanA-Ao2,vanA-all,vanA-Ao2
vanA-Pa,vanA-all,vanA-Pa
vanA-Pt,vanA-all,vanA-Pt
vanA-Pt2,vanA-all,vanA-Pt2
vanA-Sc,vanA-all,vanA-Sc
vanA-all,AMR,vanA
vanB,vanA-all,vanB
vanC,vanC-all,vanC
vanC-all,AMR,vanC
vanC1,vanC,vanC1
vanC2/3,vanC,vanC
vanD,vanA-all,vanD
vanE,vanC-all,vanE
vanF,vanA-all,vanF
vanG,AMR,vanG
vanG-Cd,vanG,vanG
vanG2,vanG,vanG
vanH,AMR,vanH
vanH-A,vanH_group_A_Pt,vanH-A
vanH-Ac1,vanH-Amyco,vanH-Ac1
vanH-Amyco,vanH,vanH
vanH-Ao1,vanH-Amyco,vanH-Ao1
vanH-Ao2,vanH-Amyco,vanH-Ao2
vanH-B,vanH,vanH-B
vanH-D,vanH,vanH-D
vanH-F,vanH,vanH-F
vanH-M,vanH,vanH-M
vanH-O,vanH,vanH-O
vanH-P,AMR,vanH-P
vanH-Pt,vanH_group_A_Pt,vanH-Pt
vanH-Pt2,vanH_group_A_Pt,vanH-Pt2
vanH-Sc,vanH,vanH-Sc
vanH_group_A_Pt,vanH,vanH
vanI,vanA-all,vanI
vanJ,AMR,vanJ
vanK,AMR,vanK
vanK-I,vanK,vanK-I
vanK-Sc,vanK,vanK-Sc
vanL,vanC-all,vanL
vanM,vanA-all,vanM
vanN,vanC-all,vanN
vanO,vanA-all,vanO
vanP,vanA-all,vanP
vanR-A,vanR-ABDEGLN,vanR-A
vanR-ABDEGLN,vanR_gen,vanR
vanR-B,vanR_gen,vanR-B
vanR-C,vanR-ABDEGLN,vanR-C
vanR-Cd,vanR-ABDEGLN,vanR-Cd
vanR-D,vanR-ABDEGLN,vanR-D
vanR-E,vanR-ABDEGLN,vanR-E
vanR-F,vanR-FM,vanR-F
vanR-FM,vanR_gen,vanR
vanR-G,vanR-ABDEGLN,vanR-G
vanR-I,vanR-ABDEGLN,vanR-I
vanR-L,vanR-ABDEGLN,vanR-L
vanR-M,vanR-FM,vanR-M
vanR-N,vanR-ABDEGLN,vanR-N
vanR-O,vanR_gen,vanR-O
vanR-P,vanR-ABDEGLN,vanR-P
vanR-Sc,vanR_gen,vanR-Sc
vanR_gen,RESPONSE_REG,vanR
vanS-A,vanS_ACDEFG,vanS-A
vanS-B,vanS_gen,vanS-B
vanS-B-Delta,vanS-B,vanS-B-Delta
vanS-C,vanS_ACDEFG,vanS-C
vanS-Cd,vanS_ACDEFG,vanS-Cd
vanS-D,vanS_ACDEFG,vanS-D
vanS-E,vanS_ACDEFG,vanS-E
vanS-F,vanS_ACDEFG,vanS-F
vanS-G,vanS_ACDEFG,vanS-G
vanS-I,vanS_ACDEFG,vanS-I
vanS-L,vanS_ACDEFG,vanS-L
vanS-M,vanS_ACDEFG,vanS-M
vanS-N,vanS_ACDEFG,vanS-N
vanS-O,vanS_gen,vanS-O
vanS-P,vanS_ACDEFG,vanS-P
vanS-Pt,vanS_ACDEFG,vanS-Pt
vanS-Pt2,vanS_ACDEFG,vanS-Pt2
vanS-Sc,vanS_gen,vanS-Sc
vanS_ACDEFG,vanS_gen,vanS
vanS_gen,AMR,vanS
vanT-C,vanT_CELN,vanT-C
vanT-Cd,vanT-G_fam,vanT-Cd
vanT-E,vanT_CELN,vanT-E
vanT-G,vanT-G_fam,vanT-G
vanT-G_fam,vanT_all,vanT
vanT-N,vanT_CELN,vanT-N
vanT_CELN,vanT_all,vanT
vanT_all,AMR,vanT
vanTc2,vanT_CELN,vanTc
vanTc3,vanT_CELN,vanTc
vanTm-L,vanT_all,vanTm
vanTr-L,vanT_all,vanTr
vanU,AMR,vanU
vanU-G,vanU,vanU-G
vanW,AMR,vanW
vanW-B,vanW,vanW-B
vanW-G,vanW,vanW-G
vanW-I,AMR,vanW-I
vanW-Pt,vanW,vanW-Pt
vanX,AMR,vanX
vanX-A,vanX,vanX-A
vanX-Ac1,vanX,vanX-Ac1
vanX-Ao1,vanX,vanX-Ao1
vanX-Ao2,vanX,vanX-Ao2
vanX-B,vanX,vanX-B
vanX-D,vanX,vanX-D
vanX-F,vanX,vanX-F
vanX-I,vanX,vanX-I
vanX-M,vanX,vanX-M
vanX-O,vanX,vanX-O
vanX-P,vanX,vanX-P
vanX-Pt,vanX,vanX-Pt
vanX-Sc,vanX,vanX-Sc
vanXY,AMR,vanXY
vanXY-C,vanXY,vanXY-C
vanXY-E,vanXY,vanXY-E
vanXY-G,vanXY-G_fam,vanXY
vanXY-G2,vanXY-G_fam,vanXY
vanXY-G_fam,vanXY,vanXY
vanXY-L,vanXY,vanXY-L
vanXY-N,vanXY,vanXY-N
vanXY-c2/3,vanXY-C,vanXY-C
vanXY-c4,vanXY-C,vanXY-C
vanY,AMR,vanY
vanY-A,vanY_AFMPt,vanY-A
vanY-B,vanY_BG,vanY-B
vanY-D,AMR,vanY-D
vanY-F,vanY_AFMPt,vanY-F
vanY-G,vanY_BG,vanY-G
vanY-G1,vanY_BG,vanY-G1
vanY-M,vanY_AFMPt,vanY-M
vanY-N,vanY,vanY-N
vanY-Pt,vanY_AFMPt,vanY-Pt
vanY_AFMPt,vanY,vanY
vanY_BG,vanY,vanY
vanZ,AMR,vanZ
vanZ-A,vanZ,vanZ-A
vanZ-F,vanZ,vanZ-F
vanZ-Pt,vanZ,vanZ-Pt
vanZ1,vanZ,vanZ1
varG,bla-B,varG
vasL,VIRULENCE_SalmoSPI,vasL
vat,AMR,vat
vat(A),vat,vat(A)
vat(B),vat,vat(B)
vat(C),vat,vat(C)
vat(D),vat,vat(D)
vat(E),vat,vat(E)
vat(F),vat,vat(F)
vat(H),vat,vat(H)
vat(I),vat,vat(I)
vexA_Salm,VIRULENCE_SalmoSPI,vexA
vga,abc-f,vga
vga(A),vga,vga(A)
vga(A)-LC,vga(A),vga(A)-LC
vga(B),vga,vga(B)
vga(C),vga,vga(C)
vga(D),vga,vga(D)
vga(E),vga,vga(E)
vga(F),vga,vga(F)
vga(G),vga,vga(G)
vgb,AMR,vgb
vgb(A),vgb,vgb(A)
vgb(B),vgb,vgb(B)
vgb(C),vgb,vgbC
vip,VIRULENCE_Lmon,vip
virF,VIRULENCE_Ecoli,virF
virF_Yersin,VIRULENCE_Yersi,virF
vmlR,abc-f,vmlR
vph,AMR,vph
warA,npmA_gen,warA
xis,VIRULENCE_SalmoSPI,xis
yadA,VIRULENCE_Yersi,yadA
ybtP,VIRULENCE,ybtP
ybtQ,VIRULENCE,ybtQ
yfeA,VIRULENCE,yfeA
yfeB,VIRULENCE,yfeB
yfeD,VIRULENCE,yfeD
yigF,VIRULENCE_SalmoSPI,yigF
ymoA,VIRULENCE_Yersi,ymoA
yopB,VIRULENCE_Yersi,yopB
yopD,VIRULENCE_Yersi,yopD
yopE,VIRULENCE_Yersi,yopE
yopH,VIRULENCE_Yersi,yopH
yopJ_gen,VIRULENCE_Yersi,yopJ
yopM,VIRULENCE_Yersi,yopM
yopO,VIRULENCE_Yersi,yopO
yopT,VIRULENCE_Yersi,yopT
ystA,VIRULENCE_Yersi,ystA
ystB,VIRULENCE_Yersi,ystB
ystC,VIRULENCE_Yersi,ystC
zbmA,ble,zbmA
